file,unix_timestamp,readable_time
sdp_n22_rep1_seednone.log,1782728738.991712,2026-06-29 12:25:38 CEST
sdp_n22_rep1_seednone.log,1782728738.9944506,2026-06-29 12:25:38 CEST
sdp_n22_rep1_seednone.log,1782728738.9944556,2026-06-29 12:25:38 CEST
sdp_n22_rep1_seednone.log,1782728738.9964,2026-06-29 12:25:38 CEST
sdp_n24_rep1_seednone.log,1782728738.9912276,2026-06-29 12:25:38 CEST
sdp_n24_rep1_seednone.log,1782728738.9942021,2026-06-29 12:25:38 CEST
sdp_n24_rep1_seednone.log,1782728738.9942071,2026-06-29 12:25:38 CEST
sdp_n24_rep1_seednone.log,1782728738.996235,2026-06-29 12:25:38 CEST
sdp_n28_rep1_seednone.log,1782728738.9915318,2026-06-29 12:25:38 CEST
sdp_n28_rep1_seednone.log,1782728738.9940135,2026-06-29 12:25:38 CEST
sdp_n28_rep1_seednone.log,1782728738.994019,2026-06-29 12:25:38 CEST
sdp_n28_rep1_seednone.log,1782728738.9961598,2026-06-29 12:25:38 CEST
sdp_n29_rep1_seednone.log,1782728738.9914289,2026-06-29 12:25:38 CEST
sdp_n29_rep1_seednone.log,1782728738.9943502,2026-06-29 12:25:38 CEST
sdp_n29_rep1_seednone.log,1782728738.994355,2026-06-29 12:25:38 CEST
sdp_n29_rep1_seednone.log,1782728738.9962888,2026-06-29 12:25:38 CEST
sdp_n30_rep1_seednone.log,1782728738.9916747,2026-06-29 12:25:38 CEST
sdp_n30_rep1_seednone.log,1782728738.9943106,2026-06-29 12:25:38 CEST
sdp_n30_rep1_seednone.log,1782728738.9943163,2026-06-29 12:25:38 CEST
sdp_n30_rep1_seednone.log,1782728738.996386,2026-06-29 12:25:38 CEST
sdp_n31_rep1_seednone.log,1782728738.9914174,2026-06-29 12:25:38 CEST
sdp_n31_rep1_seednone.log,1782728738.9939291,2026-06-29 12:25:38 CEST
sdp_n31_rep1_seednone.log,1782728738.9939342,2026-06-29 12:25:38 CEST
sdp_n31_rep1_seednone.log,1782728738.9964523,2026-06-29 12:25:38 CEST
sdp_n32_rep1_seednone.log,1782728739.462654,2026-06-29 12:25:39 CEST
sdp_n32_rep1_seednone.log,1782728739.465424,2026-06-29 12:25:39 CEST
sdp_n32_rep1_seednone.log,1782728739.4654305,2026-06-29 12:25:39 CEST
sdp_n32_rep1_seednone.log,1782728739.4689593,2026-06-29 12:25:39 CEST
sdp_n33_rep1_seednone.log,1782728739.59642,2026-06-29 12:25:39 CEST
sdp_n33_rep1_seednone.log,1782728739.5988986,2026-06-29 12:25:39 CEST
sdp_n33_rep1_seednone.log,1782728739.598905,2026-06-29 12:25:39 CEST
sdp_n33_rep1_seednone.log,1782728739.6009243,2026-06-29 12:25:39 CEST
sdp_n34_rep1_seednone.log,1782728740.3890686,2026-06-29 12:25:40 CEST
sdp_n34_rep1_seednone.log,1782728740.3916728,2026-06-29 12:25:40 CEST
sdp_n34_rep1_seednone.log,1782728740.3916786,2026-06-29 12:25:40 CEST
sdp_n34_rep1_seednone.log,1782728740.3936875,2026-06-29 12:25:40 CEST
sdp_n35_rep1_seednone.log,1782728740.4214892,2026-06-29 12:25:40 CEST
sdp_n35_rep1_seednone.log,1782728740.4247239,2026-06-29 12:25:40 CEST
sdp_n35_rep1_seednone.log,1782728740.4247303,2026-06-29 12:25:40 CEST
sdp_n35_rep1_seednone.log,1782728740.4267213,2026-06-29 12:25:40 CEST
sdp_n36_rep1_seednone.log,1782728740.856499,2026-06-29 12:25:40 CEST
sdp_n36_rep1_seednone.log,1782728740.859168,2026-06-29 12:25:40 CEST
sdp_n36_rep1_seednone.log,1782728740.8591733,2026-06-29 12:25:40 CEST
sdp_n36_rep1_seednone.log,1782728740.86116,2026-06-29 12:25:40 CEST
sdp_n37_rep1_seednone.log,1782728741.3520172,2026-06-29 12:25:41 CEST
sdp_n37_rep1_seednone.log,1782728741.3552625,2026-06-29 12:25:41 CEST
sdp_n37_rep1_seednone.log,1782728741.3552694,2026-06-29 12:25:41 CEST
sdp_n37_rep1_seednone.log,1782728741.358604,2026-06-29 12:25:41 CEST
sdp_n38_rep1_seednone.log,1782728741.9201694,2026-06-29 12:25:41 CEST
sdp_n38_rep1_seednone.log,1782728741.9220004,2026-06-29 12:25:41 CEST
sdp_n38_rep1_seednone.log,1782728741.922004,2026-06-29 12:25:41 CEST
sdp_n38_rep1_seednone.log,1782728741.9238439,2026-06-29 12:25:41 CEST
sdp_n39_rep1_seednone.log,1782728742.6962466,2026-06-29 12:25:42 CEST
sdp_n39_rep1_seednone.log,1782728742.6986754,2026-06-29 12:25:42 CEST
sdp_n39_rep1_seednone.log,1782728742.6986823,2026-06-29 12:25:42 CEST
sdp_n39_rep1_seednone.log,1782728742.701487,2026-06-29 12:25:42 CEST
sdp_n40_rep1_seednone.log,1782728743.418019,2026-06-29 12:25:43 CEST
sdp_n40_rep1_seednone.log,1782728743.4202933,2026-06-29 12:25:43 CEST
sdp_n40_rep1_seednone.log,1782728743.420297,2026-06-29 12:25:43 CEST
sdp_n40_rep1_seednone.log,1782728743.4221687,2026-06-29 12:25:43 CEST
sdp_n42_rep1_seednone.log,1782728744.168351,2026-06-29 12:25:44 CEST
sdp_n42_rep1_seednone.log,1782728744.1760354,2026-06-29 12:25:44 CEST
sdp_n42_rep1_seednone.log,1782728744.17604,2026-06-29 12:25:44 CEST
sdp_n42_rep1_seednone.log,1782728744.1781294,2026-06-29 12:25:44 CEST
sdp_n43_rep1_seednone.log,1782728745.6005652,2026-06-29 12:25:45 CEST
sdp_n43_rep1_seednone.log,1782728745.6063209,2026-06-29 12:25:45 CEST
sdp_n43_rep1_seednone.log,1782728745.6063251,2026-06-29 12:25:45 CEST
sdp_n43_rep1_seednone.log,1782728745.6095114,2026-06-29 12:25:45 CEST
sdp_n44_rep1_seednone.log,1782728746.7296796,2026-06-29 12:25:46 CEST
sdp_n44_rep1_seednone.log,1782728746.7330022,2026-06-29 12:25:46 CEST
sdp_n44_rep1_seednone.log,1782728746.7330093,2026-06-29 12:25:46 CEST
sdp_n44_rep1_seednone.log,1782728746.7363071,2026-06-29 12:25:46 CEST
sdp_n45_rep1_seednone.log,1782728747.9323344,2026-06-29 12:25:47 CEST
sdp_n45_rep1_seednone.log,1782728747.9436603,2026-06-29 12:25:47 CEST
sdp_n45_rep1_seednone.log,1782728747.943666,2026-06-29 12:25:47 CEST
sdp_n45_rep1_seednone.log,1782728747.9461133,2026-06-29 12:25:47 CEST
sdp_n46_rep1_seednone.log,1782728749.0099666,2026-06-29 12:25:49 CEST
sdp_n46_rep1_seednone.log,1782728749.0215588,2026-06-29 12:25:49 CEST
sdp_n46_rep1_seednone.log,1782728749.0215633,2026-06-29 12:25:49 CEST
sdp_n46_rep1_seednone.log,1782728749.0235121,2026-06-29 12:25:49 CEST
sdp_n47_rep1_seednone.log,1782728751.3078353,2026-06-29 12:25:51 CEST
sdp_n47_rep1_seednone.log,1782728751.317777,2026-06-29 12:25:51 CEST
sdp_n47_rep1_seednone.log,1782728751.3177817,2026-06-29 12:25:51 CEST
sdp_n47_rep1_seednone.log,1782728751.3211014,2026-06-29 12:25:51 CEST
sdp_n48_rep1_seednone.log,1782728752.2507906,2026-06-29 12:25:52 CEST
sdp_n48_rep1_seednone.log,1782728752.2559674,2026-06-29 12:25:52 CEST
sdp_n48_rep1_seednone.log,1782728752.2559733,2026-06-29 12:25:52 CEST
sdp_n48_rep1_seednone.log,1782728752.2593307,2026-06-29 12:25:52 CEST
sdp_n49_rep1_seednone.log,1782728753.6789498,2026-06-29 12:25:53 CEST
sdp_n49_rep1_seednone.log,1782728753.6942208,2026-06-29 12:25:53 CEST
sdp_n49_rep1_seednone.log,1782728753.6942263,2026-06-29 12:25:53 CEST
sdp_n49_rep1_seednone.log,1782728753.697488,2026-06-29 12:25:53 CEST
sdp_n50_rep1_seednone.log,1782728755.9118905,2026-06-29 12:25:55 CEST
sdp_n50_rep1_seednone.log,1782728755.9256673,2026-06-29 12:25:55 CEST
sdp_n50_rep1_seednone.log,1782728755.9256735,2026-06-29 12:25:55 CEST
sdp_n50_rep1_seednone.log,1782728755.9282188,2026-06-29 12:25:55 CEST
sdp_n51_rep1_seednone.log,1782728757.1146061,2026-06-29 12:25:57 CEST
sdp_n51_rep1_seednone.log,1782728757.1337457,2026-06-29 12:25:57 CEST
sdp_n51_rep1_seednone.log,1782728757.1337519,2026-06-29 12:25:57 CEST
sdp_n51_rep1_seednone.log,1782728757.1370356,2026-06-29 12:25:57 CEST
sdp_n52_rep1_seednone.log,1782728759.37219,2026-06-29 12:25:59 CEST
sdp_n52_rep1_seednone.log,1782728759.3857417,2026-06-29 12:25:59 CEST
sdp_n52_rep1_seednone.log,1782728759.385748,2026-06-29 12:25:59 CEST
sdp_n52_rep1_seednone.log,1782728759.3887246,2026-06-29 12:25:59 CEST
sdp_n53_rep1_seednone.log,1782728760.6054285,2026-06-29 12:26:00 CEST
sdp_n53_rep1_seednone.log,1782728760.6103008,2026-06-29 12:26:00 CEST
sdp_n53_rep1_seednone.log,1782728760.6103082,2026-06-29 12:26:00 CEST
sdp_n53_rep1_seednone.log,1782728760.613742,2026-06-29 12:26:00 CEST
sdp_n54_rep1_seednone.log,1782728763.7880971,2026-06-29 12:26:03 CEST
sdp_n54_rep1_seednone.log,1782728763.7987852,2026-06-29 12:26:03 CEST
sdp_n54_rep1_seednone.log,1782728763.7987914,2026-06-29 12:26:03 CEST
sdp_n54_rep1_seednone.log,1782728763.8018463,2026-06-29 12:26:03 CEST
sdp_n55_rep1_seednone.log,1782728765.771466,2026-06-29 12:26:05 CEST
sdp_n55_rep1_seednone.log,1782728765.7843313,2026-06-29 12:26:05 CEST
sdp_n55_rep1_seednone.log,1782728765.784338,2026-06-29 12:26:05 CEST
sdp_n55_rep1_seednone.log,1782728765.787848,2026-06-29 12:26:05 CEST
sdp_n56_rep1_seednone.log,1782728768.1352017,2026-06-29 12:26:08 CEST
sdp_n56_rep1_seednone.log,1782728768.1383147,2026-06-29 12:26:08 CEST
sdp_n56_rep1_seednone.log,1782728768.1383219,2026-06-29 12:26:08 CEST
sdp_n56_rep1_seednone.log,1782728768.1414247,2026-06-29 12:26:08 CEST
sdp_n57_rep1_seednone.log,1782728769.515666,2026-06-29 12:26:09 CEST
sdp_n57_rep1_seednone.log,1782728769.53254,2026-06-29 12:26:09 CEST
sdp_n57_rep1_seednone.log,1782728769.5325468,2026-06-29 12:26:09 CEST
sdp_n57_rep1_seednone.log,1782728769.535236,2026-06-29 12:26:09 CEST
sdp_n58_rep1_seednone.log,1782728773.0792115,2026-06-29 12:26:13 CEST
sdp_n58_rep1_seednone.log,1782728773.0979528,2026-06-29 12:26:13 CEST
sdp_n58_rep1_seednone.log,1782728773.0979583,2026-06-29 12:26:13 CEST
sdp_n58_rep1_seednone.log,1782728773.1012383,2026-06-29 12:26:13 CEST
sdp_n59_rep1_seednone.log,1782735781.6144044,2026-06-29 14:23:01 CEST
sdp_n59_rep1_seednone.log,1782735781.621414,2026-06-29 14:23:01 CEST
sdp_n59_rep1_seednone.log,1782735781.6214232,2026-06-29 14:23:01 CEST
sdp_n59_rep1_seednone.log,1782735781.6253493,2026-06-29 14:23:01 CEST
sdp_n60_rep1_seednone.log,1782735909.546041,2026-06-29 14:25:09 CEST
sdp_n60_rep1_seednone.log,1782735909.5550134,2026-06-29 14:25:09 CEST
sdp_n60_rep1_seednone.log,1782735909.5550215,2026-06-29 14:25:09 CEST
sdp_n60_rep1_seednone.log,1782735909.558543,2026-06-29 14:25:09 CEST
sdp_n61_rep1_seednone.log,1782735947.3971994,2026-06-29 14:25:47 CEST
sdp_n61_rep1_seednone.log,1782735947.4179568,2026-06-29 14:25:47 CEST
sdp_n61_rep1_seednone.log,1782735947.4179647,2026-06-29 14:25:47 CEST
sdp_n61_rep1_seednone.log,1782735947.4214916,2026-06-29 14:25:47 CEST
sdp_n62_rep1_seednone.log,1782735959.7115269,2026-06-29 14:25:59 CEST
sdp_n62_rep1_seednone.log,1782735959.7297773,2026-06-29 14:25:59 CEST
sdp_n62_rep1_seednone.log,1782735959.7297862,2026-06-29 14:25:59 CEST
sdp_n62_rep1_seednone.log,1782735959.7330394,2026-06-29 14:25:59 CEST
sdp_n63_rep1_seednone.log,1782736000.0740175,2026-06-29 14:26:40 CEST
sdp_n63_rep1_seednone.log,1782736000.0794923,2026-06-29 14:26:40 CEST
sdp_n63_rep1_seednone.log,1782736000.079498,2026-06-29 14:26:40 CEST
sdp_n63_rep1_seednone.log,1782736000.0825863,2026-06-29 14:26:40 CEST
sdp_n64_rep1_seednone.log,1782736001.3115098,2026-06-29 14:26:41 CEST
sdp_n64_rep1_seednone.log,1782736001.3224812,2026-06-29 14:26:41 CEST
sdp_n64_rep1_seednone.log,1782736001.3224888,2026-06-29 14:26:41 CEST
sdp_n64_rep1_seednone.log,1782736001.3254774,2026-06-29 14:26:41 CEST
sdp_n65_rep1_seednone.log,1782736032.527681,2026-06-29 14:27:12 CEST
sdp_n65_rep1_seednone.log,1782736032.5417101,2026-06-29 14:27:12 CEST
sdp_n65_rep1_seednone.log,1782736032.5417178,2026-06-29 14:27:12 CEST
sdp_n65_rep1_seednone.log,1782736032.5452564,2026-06-29 14:27:12 CEST
sdp_n66_rep1_seednone.log,1782736120.3965569,2026-06-29 14:28:40 CEST
sdp_n66_rep1_seednone.log,1782736120.41353,2026-06-29 14:28:40 CEST
sdp_n66_rep1_seednone.log,1782736120.413538,2026-06-29 14:28:40 CEST
sdp_n66_rep1_seednone.log,1782736120.4215803,2026-06-29 14:28:40 CEST
sdp_n67_rep1_seednone.log,1782745174.6793318,2026-06-29 16:59:34 CEST
sdp_n67_rep1_seednone.log,1782745174.690063,2026-06-29 16:59:34 CEST
sdp_n67_rep1_seednone.log,1782745174.6900723,2026-06-29 16:59:34 CEST
sdp_n67_rep1_seednone.log,1782745174.6938808,2026-06-29 16:59:34 CEST
sdp_n68_rep1_seednone.log,1782745340.1641393,2026-06-29 17:02:20 CEST
sdp_n68_rep1_seednone.log,1782745340.1676917,2026-06-29 17:02:20 CEST
sdp_n68_rep1_seednone.log,1782745340.167699,2026-06-29 17:02:20 CEST
sdp_n68_rep1_seednone.log,1782745340.170999,2026-06-29 17:02:20 CEST
sdp_n69_rep1_seednone.log,1782745408.163816,2026-06-29 17:03:28 CEST
sdp_n69_rep1_seednone.log,1782745408.1675828,2026-06-29 17:03:28 CEST
sdp_n69_rep1_seednone.log,1782745408.1675923,2026-06-29 17:03:28 CEST
sdp_n69_rep1_seednone.log,1782745408.1714425,2026-06-29 17:03:28 CEST
sdp_n70_rep1_seednone.log,1782745416.9883142,2026-06-29 17:03:36 CEST
sdp_n70_rep1_seednone.log,1782745417.0059912,2026-06-29 17:03:37 CEST
sdp_n70_rep1_seednone.log,1782745417.0060012,2026-06-29 17:03:37 CEST
sdp_n70_rep1_seednone.log,1782745417.0094364,2026-06-29 17:03:37 CEST
sdp_n71_rep1_seednone.log,1782745515.1864831,2026-06-29 17:05:15 CEST
sdp_n71_rep1_seednone.log,1782745515.2055619,2026-06-29 17:05:15 CEST
sdp_n71_rep1_seednone.log,1782745515.2055702,2026-06-29 17:05:15 CEST
sdp_n71_rep1_seednone.log,1782745515.20957,2026-06-29 17:05:15 CEST
sdp_n72_rep1_seednone.log,1782745581.1457772,2026-06-29 17:06:21 CEST
sdp_n72_rep1_seednone.log,1782745581.1494257,2026-06-29 17:06:21 CEST
sdp_n72_rep1_seednone.log,1782745581.1494331,2026-06-29 17:06:21 CEST
sdp_n72_rep1_seednone.log,1782745581.1520596,2026-06-29 17:06:21 CEST
sdp_n73_rep1_seednone.log,1782745609.1403193,2026-06-29 17:06:49 CEST
sdp_n73_rep1_seednone.log,1782745609.1463032,2026-06-29 17:06:49 CEST
sdp_n73_rep1_seednone.log,1782745609.1463115,2026-06-29 17:06:49 CEST
sdp_n73_rep1_seednone.log,1782745609.1493182,2026-06-29 17:06:49 CEST
sdp_n74_rep1_seednone.log,1782745639.8833194,2026-06-29 17:07:19 CEST
sdp_n74_rep1_seednone.log,1782745639.8886063,2026-06-29 17:07:19 CEST
sdp_n74_rep1_seednone.log,1782745639.8886158,2026-06-29 17:07:19 CEST
sdp_n74_rep1_seednone.log,1782745639.8919551,2026-06-29 17:07:19 CEST
sdp_n75_rep1_seednone.log,1782745651.719647,2026-06-29 17:07:31 CEST
sdp_n75_rep1_seednone.log,1782745651.725706,2026-06-29 17:07:31 CEST
sdp_n75_rep1_seednone.log,1782745651.7257152,2026-06-29 17:07:31 CEST
sdp_n75_rep1_seednone.log,1782745651.7292345,2026-06-29 17:07:31 CEST
sdp_n76_rep1_seednone.log,1782764374.8695896,2026-06-29 22:19:34 CEST
sdp_n76_rep1_seednone.log,1782764374.8788521,2026-06-29 22:19:34 CEST
sdp_n76_rep1_seednone.log,1782764374.8788605,2026-06-29 22:19:34 CEST
sdp_n76_rep1_seednone.log,1782764374.8825684,2026-06-29 22:19:34 CEST
sdp_n77_rep1_seednone.log,1782764469.9618814,2026-06-29 22:21:09 CEST
sdp_n77_rep1_seednone.log,1782764469.9746692,2026-06-29 22:21:09 CEST
sdp_n77_rep1_seednone.log,1782764469.9746788,2026-06-29 22:21:09 CEST
sdp_n77_rep1_seednone.log,1782764469.9781754,2026-06-29 22:21:09 CEST
