log_file,file_n,repeat,hog_idx,nodes,edges,parsed_num_edges,graph_type,generator_n,weighted,random_weights,finished,exact_result,rounded_energy,alg17_lower_bound_energy,alg17_actual_energy,sdp_objective_value,cut_edges,rounded_over_exact,alg17_lower_bound_over_exact,alg17_actual_over_exact,sdp_objective_over_exact,cut_edges_over_exact,rounded_over_sdp,alg17_actual_over_sdp,sdp_objective_over_edges,start_time,duration,duration_seconds,exact_error,exact_result_raw,exact_result_log_scale,rounded_over_exact_rescaled,alg17_lower_bound_over_exact_rescaled,alg17_actual_over_exact_rescaled,sdp_objective_over_exact_rescaled,cut_edges_over_exact_rescaled
sdp_n22_rep1_seednone.log,22,1,22,10,9,9,hog,22,False,False,True,6.271621605910738,6.777640443566714,7.400694846759192,7.382516902800738,12.575280043619019,6,1.0806838915758366,1.180028916250998,1.1771304722598424,2.0051082214155507,0.9566903708516556,0.5389653685689363,0.5870658050710206,1.397253338179891,2026-06-29 12:25:38 CEST,1h 57m 16s,7035.78,,6.271621605910738,12.543243211821476,0.5403419457879183,0.590014458125499,0.5885652361299212,1.0025541107077753,0.4783451854258278
sdp_n24_rep1_seednone.log,24,1,24,10,28,28,hog,24,False,False,True,12.658576065675984,18.548526398563954,15.772365105456306,19.226919517374785,25.39979133228158,15,1.465293276457745,1.245982567361856,1.5188848585828711,2.0065283172847295,1.1849674025084733,0.7302629441285965,0.756971554051255,0.9071354047243422,2026-06-29 12:25:38 CEST,1h 59m 19s,7159.15,,12.658576065675984,25.317152131351968,0.7326466382288725,0.622991283680928,0.7594424292914356,1.0032641586423647,0.5924837012542367
sdp_n28_rep1_seednone.log,28,1,28,10,16,16,hog,28,False,False,True,8.152175948778547,11.467404785217148,9.983313639289548,11.935159139659838,16.593859591430707,9,1.4066679690512969,1.224619500611412,1.4640458222013844,2.035512934913652,1.103999724312683,0.691063144293391,0.7192515444582473,1.0371162244644192,2026-06-29 12:25:38 CEST,2h 2m 53s,7373.07,,8.152175948778547,16.304351897557094,0.7033339845256484,0.612309750305706,0.7320229111006922,1.017756467456826,0.5519998621563414
sdp_n29_rep1_seednone.log,29,1,29,10,21,21,hog,29,False,False,True,10.728389772882391,11.230682528956214,13.138869989236358,11.732283911146645,21.54329459146062,9,1.0468190256606302,1.2246823863956562,1.0935736079240659,2.0080641221588085,0.8388956954890701,0.5213075688714696,0.5445909798679128,1.0258711710219341,2026-06-29 12:25:38 CEST,2h 0m 12s,7212.22,,10.728389772882391,21.456779545764782,0.5234095128303151,0.6123411931978281,0.5467868039620329,1.0040320610794042,0.41944784774453503
sdp_n30_rep1_seednone.log,30,1,30,10,20,20,hog,30,False,False,True,10.007511103462269,13.37373502358638,12.184044832193303,13.752199817825053,20.223562016662452,13,1.3363697412196234,1.2174900138734819,1.3741878150969271,2.0208383290892145,1.2990242894162194,0.6612947319847804,0.6800087841347849,1.0111781008331227,2026-06-29 12:25:38 CEST,2h 1m 28s,7288.07,,10.007511103462269,20.015022206924538,0.6681848706098117,0.6087450069367409,0.6870939075484636,1.0104191645446072,0.6495121447081097
sdp_n31_rep1_seednone.log,31,1,31,10,20,20,hog,31,False,False,True,10.194364037160497,12.713112897163994,12.405822619158297,13.359438151301461,20.715316467469343,9,1.2470726816133064,1.216929528309622,1.3104729341235644,2.032036171354865,0.8828407507514151,0.6137059463768392,0.6449063026519863,1.0357658233734672,2026-06-29 12:25:38 CEST,2h 0m 53s,7252.75,,10.194364037160497,20.388728074320994,0.6235363408066532,0.608464764154811,0.6552364670617822,1.0160180856774326,0.44142037537570755
sdp_n32_rep1_seednone.log,32,1,32,10,30,30,hog,32,False,False,True,13.117466140586338,18.806777972861926,16.453938695113838,19.437183917459325,26.38706498314089,16,1.4337203367861167,1.2543534337172197,1.4817788518865964,2.011597720195176,1.2197477644325612,0.7127271632854155,0.736617881900774,0.879568832771363,2026-06-29 12:25:39 CEST,2h 0m 49s,7248.64,,13.117466140586338,26.234932281172675,0.7168601683930583,0.6271767168586099,0.7408894259432982,1.005798860097588,0.6098738822162806
sdp_n33_rep1_seednone.log,33,1,33,10,30,30,hog,33,False,False,True,13.183472067497778,18.702995209603923,16.43479521128133,19.16940511908654,26.469248376172445,18,1.418669915925551,1.2466211576993655,1.4540482978187772,2.0077600377694966,1.365345935262136,0.7065933623729307,0.7242141841980974,0.8823082792057482,2026-06-29 12:25:39 CEST,1h 59m 55s,7194.64,,13.183472067497778,26.366944134995556,0.7093349579627755,0.6233105788496828,0.7270241489093886,1.0038800188847483,0.682672967631068
sdp_n34_rep1_seednone.log,34,1,34,11,14,14,hog,34,False,False,True,7.910386739873244,10.174807121468952,9.426300226408589,10.726518129846049,15.906786745773852,8,1.286259124371458,1.1916358246928942,1.3560042615587629,2.010873459017345,1.0113285561216685,0.639651947567111,0.674335948628713,1.136199053269561,2026-06-29 12:25:40 CEST,4h 33m 47s,16426.51,,7.910386739873244,15.820773479746489,0.643129562185729,0.5958179123464471,0.6780021307793814,1.0054367295086726,0.5056642780608342
sdp_n35_rep1_seednone.log,35,1,35,11,25,25,hog,35,False,False,True,11.640646219934201,16.33709336285127,14.438063149506243,16.91708459278619,23.713551404897597,13,1.4034524419163747,1.24031457332511,1.4532771010441217,2.037133588364619,1.116776487695155,0.6889349083105766,0.713393127159025,0.9485420561959039,2026-06-29 12:25:40 CEST,4h 36m 32s,16591.85,,11.640646219934201,23.281292439868402,0.7017262209581874,0.620157286662555,0.7266385505220608,1.0185667941823096,0.5583882438475775
sdp_n36_rep1_seednone.log,36,1,36,11,34,34,hog,36,False,False,True,14.248516824063328,21.72743653506021,18.03701678622725,22.1211971789535,29.056671271491954,23,1.5248911029368513,1.265887320690515,1.5525263051656402,2.0392769037139478,1.6142030980485562,0.7477606891735533,0.7613121603732023,0.8546079785732927,2026-06-29 12:25:40 CEST,4h 37m 35s,16655.34,,14.248516824063328,28.497033648126656,0.7624455514684256,0.6329436603452575,0.7762631525828201,1.0196384518569739,0.8071015490242781
sdp_n37_rep1_seednone.log,37,1,37,11,22,22,hog,37,False,False,True,11.845835456182538,13.031113030164452,14.446368521179139,13.585900158335376,24.499708917915278,12,1.1000585883846037,1.2195314188362576,1.1468925267946946,2.0682128338300085,1.01301423984722,0.5318884838111494,0.5545331254283091,1.1136231326325126,2026-06-29 12:25:41 CEST,4h 37m 44s,16663.7,,11.845835456182538,23.691670912365076,0.5500292941923018,0.6097657094181288,0.5734462633973473,1.0341064169150043,0.50650711992361
sdp_n38_rep1_seednone.log,38,1,38,11,18,18,hog,38,False,False,True,9.429890288066717,11.900512773184811,11.423026832956452,12.343155428342136,18.94862161976906,10,1.261999069940888,1.2113637045610168,1.3089394522396598,2.009421217100272,1.0604577248003342,0.6280410792924921,0.6514012299166154,1.052701201098281,2026-06-29 12:25:41 CEST,4h 39m 23s,16762.54,,9.429890288066717,18.859780576133435,0.630999534970444,0.6056818522805084,0.6544697261198299,1.004710608550136,0.5302288624001671
sdp_n39_rep1_seednone.log,39,1,39,11,24,24,hog,39,False,False,True,11.799588746433804,13.526054327760487,14.481539366674767,14.277177009979448,23.87056560141503,12,1.1463157418811292,1.2272918724435655,1.2099724250384953,2.0229997938385305,1.0169845964866162,0.5666415515080494,0.5981080318068839,0.9946069000589596,2026-06-29 12:25:42 CEST,4h 41m 30s,16889.63,,11.799588746433804,23.599177492867607,0.5731578709405646,0.6136459362217828,0.6049862125192477,1.0114998969192652,0.5084922982433081
sdp_n40_rep1_seednone.log,40,1,40,11,22,22,hog,40,False,False,True,11.400436437426137,15.128084311252714,13.910881403876758,15.755162698524806,23.09248357126669,18,1.3269741377259205,1.220206040376591,1.3819789080006335,2.0255789063879255,1.5788869223381976,0.6551085882367434,0.6822636746672194,1.049658344148486,2026-06-29 12:25:43 CEST,4h 40m 53s,16853.18,,11.400436437426137,22.800872874852274,0.6634870688629603,0.6101030201882955,0.6909894540003167,1.0127894531939627,0.7894434611690988
sdp_n42_rep1_seednone.log,42,1,42,11,33,33,hog,42,False,False,True,13.965647609088393,19.088790275533565,17.880030920453873,19.48869977420574,28.991858532332493,20,1.3668388899567534,1.280286558914613,1.3954741176143615,2.075940861737448,1.4320853969553582,0.6584189921541331,0.6722128473575236,0.8785411676464392,2026-06-29 12:25:44 CEST,4h 40m 26s,16826.14,,13.965647609088393,27.931295218176786,0.6834194449783767,0.6401432794573065,0.6977370588071807,1.037970430868724,0.7160426984776791
sdp_n43_rep1_seednone.log,43,1,43,11,33,33,hog,43,False,False,True,14.27146488133344,21.657811897961945,17.989404278652707,22.004397658344885,29.158489675607253,21,1.517560536220047,1.260515611272827,1.5418457629479818,2.043132216493452,1.4714677277079833,0.7427617870098376,0.7546480597296789,0.8835905962305228,2026-06-29 12:25:45 CEST,4h 41m 39s,16899.19,,14.27146488133344,28.54292976266688,0.7587802681100235,0.6302578056364135,0.7709228814739909,1.021566108246726,0.7357338638539916
sdp_n44_rep1_seednone.log,44,1,44,12,21,21,hog,44,False,False,True,10.909739721717676,13.221169603098001,13.329686925490101,13.766009202723255,22.186598755045807,14,1.2118684716903956,1.2218153013270439,1.2618091314607345,2.0336506022118606,1.2832570122759794,0.5959079058970751,0.6204650543649692,1.0565047026212289,2026-06-29 12:25:46 CEST,9h 57m 4s,35824.03,,10.909739721717676,21.819479443435352,0.6059342358451978,0.6109076506635219,0.6309045657303672,1.0168253011059303,0.6416285061379897
sdp_n45_rep1_seednone.log,45,1,45,12,23,23,hog,45,False,False,True,12.144173766467427,17.659534531061322,14.738472809343897,18.29407840908186,24.732128583595248,14,1.4541569373639025,1.2136249935783912,1.5064078265740557,2.0365427125133673,1.152816179117668,0.7140321331975785,0.7396887957802496,1.0753099384171847,2026-06-29 12:25:47 CEST,9h 55m 38s,35738.1,,12.144173766467427,24.288347532934853,0.7270784686819513,0.6068124967891956,0.7532039132870278,1.0182713562566836,0.576408089558834
sdp_n46_rep1_seednone.log,46,1,46,12,42,42,hog,46,False,False,True,17.345805660952994,26.059855426358006,21.87132480201876,26.44431272832724,35.17712899025562,27,1.5023721547290905,1.2608999103024154,1.5245364352176403,2.027990493946475,1.5565722646587403,0.7408181444704263,0.7517473280907192,0.8375506902441814,2026-06-29 12:25:49 CEST,9h 55m 13s,35712.53,,17.345805660952994,34.69161132190599,0.7511860773645452,0.6304499551512077,0.7622682176088201,1.0139952469732374,0.7782861323293702
sdp_n47_rep1_seednone.log,47,1,47,12,18,18,hog,47,False,False,True,10.617007221639131,10.311521695835683,12.7053667798671,10.673464041877958,21.59695665532808,11,0.9712267761124981,1.19669945726057,1.0053175832944485,2.034184983062843,1.036073515856735,0.47745253465106985,0.4942114860079029,1.1998309252960044,2026-06-29 12:25:51 CEST,9h 59m 29s,35969.48,,10.617007221639131,21.234014443278262,0.48561338805624904,0.598349728630285,0.5026587916472243,1.0170924915314214,0.5180367579283675
sdp_n48_rep1_seednone.log,48,1,48,12,24,24,hog,48,False,False,True,12.186183800367075,17.079642035661372,14.833110097277952,17.774521216241574,24.742321162093198,14,1.4015578884627438,1.2172071536317337,1.4585797742281028,2.030358442595286,1.1488420189081907,0.6903007168878103,0.7183853568061054,1.03093004842055,2026-06-29 12:25:52 CEST,9h 58m 32s,35911.62,,12.186183800367075,24.37236760073415,0.7007789442313719,0.6086035768158669,0.7292898871140514,1.015179221297643,0.5744210094540954
sdp_n49_rep1_seednone.log,49,1,49,12,30,30,hog,49,False,False,True,14.510477488753532,19.606202057102717,17.78861604695858,19.948141895130007,29.66232363425405,19,1.3511755262567113,1.2259152781668141,1.374740556304297,2.044200382602439,1.3093986751797873,0.6609799791430189,0.6725077286964091,0.9887441211418017,2026-06-29 12:25:53 CEST,9h 56m 34s,35793.81,,14.510477488753532,29.020954977507063,0.6755877631283557,0.6129576390834071,0.6873702781521485,1.0221001913012195,0.6546993375898936
sdp_n50_rep1_seednone.log,50,1,50,12,20,20,hog,50,False,False,True,10.09591330164353,11.97019392961929,12.44664453346175,12.350838208454356,20.618879240921935,11,1.1856474567457551,1.2328398790266495,1.2233502645514738,2.0422995547679035,1.0895497684403939,0.5805453240087973,0.5990062827441105,1.0309439620460967,2026-06-29 12:25:55 CEST,9h 59m 56s,35996.32,,10.09591330164353,20.19182660328706,0.5928237283728776,0.6164199395133247,0.6116751322757369,1.0211497773839517,0.5447748842201969
sdp_n51_rep1_seednone.log,51,1,51,12,27,27,hog,51,False,False,True,12.84724310191013,17.637620723922765,15.802484214219975,18.387735369254926,26.040457630783582,14,1.3728720305215054,1.2300292046213759,1.4312592377520306,2.02692962406167,1.0897279586714193,0.6773160815373901,0.706121821281588,0.9644613937327252,2026-06-29 12:25:57 CEST,9h 53m 26s,35605.98,,12.84724310191013,25.69448620382026,0.6864360152607527,0.6150146023106879,0.7156296188760153,1.013464812030835,0.5448639793357096
sdp_n52_rep1_seednone.log,52,1,52,12,24,24,hog,52,False,False,True,12.441468738783845,16.220555408403158,15.147623657586893,16.821413179249507,25.3541865788048,17,1.3037492396567898,1.2175108884345092,1.3520440015905872,2.037877288536528,1.3663981606131297,0.6397584619008431,0.6634570242261928,1.0564244407835333,2026-06-29 12:25:59 CEST,9h 57m 44s,35864.16,,12.441468738783845,24.88293747756769,0.6518746198283949,0.6087554442172546,0.6760220007952936,1.018938644268264,0.6831990803065648
sdp_n53_rep1_seednone.log,53,1,53,12,24,24,hog,53,False,False,True,12.029461254769798,16.08950418739561,14.708621056434401,16.662677878769834,24.437920801773803,17,1.3375082929018096,1.2227165244496956,1.3851557876012877,2.031505840885761,1.4131971199673914,0.658382696216438,0.68183697025323,1.0182467000739084,2026-06-29 12:26:00 CEST,10h 0m 0s,36000.29,,12.029461254769798,24.058922509539595,0.6687541464509048,0.6113582622248478,0.6925778938006438,1.0157529204428806,0.7065985599836957
sdp_n54_rep1_seednone.log,54,1,54,12,36,36,hog,54,False,False,True,15.571403208269018,21.595473337498976,19.52337946215737,21.967549871256985,31.53333229282375,22,1.3868675191732844,1.2537970535494,1.4107623813627383,2.0250796842816534,1.4128463379791711,0.6848459001084893,0.6966453677417495,0.8759258970228819,2026-06-29 12:26:03 CEST,9h 57m 26s,35845.55,,15.571403208269018,31.142806416538036,0.6934337595866422,0.6268985267747,0.7053811906813692,1.0125398421408267,0.7064231689895856
sdp_n55_rep1_seednone.log,55,1,55,12,36,36,hog,55,False,False,True,16.17240050117243,21.85131948976559,20.057266893800016,22.278050296902038,32.80791906165214,21,1.3511487974949337,1.2402158165911084,1.3775351590684992,2.0286363214461396,1.2985085299166064,0.66603796018586,0.6790449054399782,0.9113310850458929,2026-06-29 12:26:05 CEST,10h 0m 35s,36034.7,,16.17240050117243,32.34480100234486,0.6755743987474668,0.6201079082955542,0.6887675795342496,1.0143181607230698,0.6492542649583032
sdp_n56_rep1_seednone.log,56,1,56,13,22,22,hog,56,False,False,True,11.638098845807027,13.331999994417663,14.192515765912804,13.931536134937373,23.698412549644363,13,1.1455479259158305,1.2194874741956743,1.1970628811042128,2.036278679501199,1.117020930328637,0.5625693268057202,0.5878679048967117,1.0772005704383802,2026-06-29 12:26:08 CEST,20h 17m 12s,73031.93,,11.638098845807027,23.276197691614055,0.5727739629579153,0.6097437370978371,0.5985314405521064,1.0181393397505996,0.5585104651643185
sdp_n57_rep1_seednone.log,57,1,57,13,31,31,hog,57,False,False,True,15.082651333728045,18.73046094821673,18.694366535187328,19.139722916272593,31.07488750124622,16,1.24185466691333,1.2394615589490365,1.2689892839644226,2.060306693675011,1.0608214461750878,0.602752333293743,0.6159225167108012,1.0024157258466522,2026-06-29 12:26:09 CEST,20h 9m 27s,72566.54,,15.082651333728045,30.16530266745609,0.620927333456665,0.6197307794745183,0.6344946419822113,1.0301533468375055,0.5304107230875439
sdp_n58_rep1_seednone.log,58,1,58,13,43,43,hog,58,False,False,True,18.96307151431335,26.167127537755658,23.717204543150743,26.886129420789395,38.10113647766362,21,1.3798992171708406,1.2507047988111508,1.4178151150511515,2.009228117338736,1.1074155357242192,0.6867807618572179,0.7056516394609672,0.8860729413410144,2026-06-29 12:26:13 CEST,20h 17m 32s,73052.0,,18.96307151431335,37.9261430286267,0.6899496085854203,0.6253523994055754,0.7089075575255758,1.004614058669368,0.5537077678621096
sdp_n59_rep1_seednone.log,59,1,59,13,26,26,hog,59,False,False,True,13.401031243909475,15.715625645474974,16.509871133613657,16.16336843219044,27.852672816482144,14,1.1727176333998504,1.2319851236162958,1.2061287029336936,2.078397722499205,1.0446957211865875,0.564241204031775,0.5803166015229093,1.0712566467877749,2026-06-29 14:23:01 CEST,19h 53m 23s,71602.51,,13.401031243909475,26.80206248781895,0.5863588166999252,0.6159925618081479,0.6030643514668468,1.0391988612496026,0.5223478605932937
sdp_n60_rep1_seednone.log,60,1,60,13,22,22,hog,60,False,False,True,11.624575641933111,14.919558027925694,14.297981785319783,15.434440604882063,23.879604677536058,14,1.2834496920564271,1.2299788160647296,1.3277422832714596,2.0542345297660254,1.2043450385834358,0.6247824547095946,0.646344058593294,1.085436576251639,2026-06-29 14:25:09 CEST,19h 47m 2s,71221.55,,11.624575641933111,23.249151283866222,0.6417248460282136,0.6149894080323648,0.6638711416357298,1.0271172648830127,0.6021725192917179
sdp_n61_rep1_seednone.log,61,1,61,13,30,30,hog,61,False,False,True,14.016547902144048,21.21374723107863,17.282657177786987,22.003730333018034,28.29438981473495,20,1.5134787380731358,1.2330180939304847,1.5698394844890604,2.018641823384122,1.4268848606396651,0.7497510061175127,0.777671138239535,0.9431463271578316,2026-06-29 14:25:47 CEST,19h 43m 21s,71000.61,,14.016547902144048,28.033095804288095,0.7567393690365679,0.6165090469652423,0.7849197422445302,1.009320911692061,0.7134424303198326
sdp_n62_rep1_seednone.log,62,1,62,13,26,26,hog,62,False,False,True,13.140069496756482,15.470922965960236,16.159387012023185,15.988139451218636,26.92690100943766,16,1.177385170586739,1.229779417529869,1.2167469475838903,2.0492205932460514,1.2176495720931666,0.5745526735712291,0.5937608433148294,1.0356500388245253,2026-06-29 14:25:59 CEST,19h 57m 52s,71872.41,,13.140069496756482,26.280138993512963,0.5886925852933695,0.6148897087649345,0.6083734737919452,1.0246102966230257,0.6088247860465833
sdp_n63_rep1_seednone.log,63,1,63,13,26,26,hog,63,False,False,True,13.132890089698572,17.144623741463995,16.245229927956533,17.5805024783802,27.24960794554785,17,1.305472262720924,1.23698818896682,1.3386621191759103,2.074913271902155,1.2944599310501186,0.6291695563372373,0.6451653364522102,1.0480618440595326,2026-06-29 14:26:40 CEST,19h 52m 42s,71561.6,,13.132890089698572,26.265780179397144,0.652736131360462,0.61849409448341,0.6693310595879551,1.0374566359510775,0.6472299655250593
sdp_n64_rep1_seednone.log,64,1,64,13,39,39,hog,64,False,False,True,17.17167939774198,24.70114683637908,21.536662461749454,25.0834077594055,35.23809223553623,22,1.4384817154009528,1.254196631727323,1.4607428416526276,2.052105179658195,1.2811792888989606,0.7009785510314587,0.7118264970686997,0.903540826552211,2026-06-29 14:26:41 CEST,19h 37m 0s,70619.65,,17.17167939774198,34.34335879548396,0.7192408577004764,0.6270983158636615,0.7303714208263138,1.0260525898290975,0.6405896444494803
sdp_n65_rep1_seednone.log,65,1,65,13,39,39,hog,65,False,False,True,16.847159005026217,24.707775851115414,21.34717467277681,25.101591429689996,34.69920784434563,24,1.4665841192419473,1.267108280179943,1.4899599049430907,2.0596474357482704,1.4245725343269917,0.71205590519386,0.7234053164063916,0.8897232780601444,2026-06-29 14:27:12 CEST,19h 36m 32s,70591.7,,16.847159005026217,33.694318010052434,0.7332920596209737,0.6335541400899715,0.7449799524715454,1.0298237178741352,0.7122862671634959
sdp_n66_rep1_seednone.log,66,1,66,14,20,20,hog,66,False,False,False,10.928698928952658,,,,,,,,,,,,,,2026-06-29 14:28:40 CEST,,,,10.928698928952658,21.857397857905315,,,,,
sdp_n67_rep1_seednone.log,67,1,67,14,46,46,hog,67,False,False,False,19.160847593323115,,,,,,,,,,,,,,2026-06-29 16:59:34 CEST,,,,19.160847593323115,38.32169518664623,,,,,
sdp_n68_rep1_seednone.log,68,1,68,14,66,66,hog,68,False,False,False,24.909127638174105,,,,,,,,,,,,,,2026-06-29 17:02:20 CEST,,,,24.909127638174105,49.81825527634821,,,,,
sdp_n69_rep1_seednone.log,69,1,69,14,21,21,hog,69,False,False,False,12.10754300664931,,,,,,,,,,,,,,2026-06-29 17:03:28 CEST,,,,12.10754300664931,24.21508601329862,,,,,
sdp_n70_rep1_seednone.log,70,1,70,14,28,28,hog,70,False,False,False,14.382823791569031,,,,,,,,,,,,,,2026-06-29 17:03:37 CEST,,,,14.382823791569031,28.765647583138062,,,,,
sdp_n71_rep1_seednone.log,71,1,71,14,35,35,hog,71,False,False,False,17.142846671255356,,,,,,,,,,,,,,2026-06-29 17:05:15 CEST,,,,17.142846671255356,34.28569334251071,,,,,
sdp_n72_rep1_seednone.log,72,1,72,14,24,24,hog,72,False,False,False,12.41027208807872,,,,,,,,,,,,,,2026-06-29 17:06:21 CEST,,,,12.41027208807872,24.82054417615744,,,,,
sdp_n73_rep1_seednone.log,73,1,73,14,33,33,hog,73,False,False,False,14.997074543021872,,,,,,,,,,,,,,2026-06-29 17:06:49 CEST,,,,14.997074543021872,29.994149086043745,,,,,
sdp_n74_rep1_seednone.log,74,1,74,14,28,28,hog,74,False,False,False,15.05465873090712,,,,,,,,,,,,,,2026-06-29 17:07:19 CEST,,,,15.05465873090712,30.10931746181424,,,,,
sdp_n75_rep1_seednone.log,75,1,75,14,28,28,hog,75,False,False,False,14.546821193589086,,,,,,,,,,,,,,2026-06-29 17:07:31 CEST,,,,14.546821193589086,29.09364238717817,,,,,
sdp_n76_rep1_seednone.log,76,1,76,14,42,42,hog,76,False,False,False,18.5469254109166,,,,,,,,,,,,,,2026-06-29 22:19:34 CEST,,,,18.5469254109166,37.0938508218332,,,,,
sdp_n77_rep1_seednone.log,77,1,77,14,42,42,hog,77,False,False,False,18.50395725531076,,,,,,,,,,,,,,2026-06-29 22:21:09 CEST,,,,18.50395725531076,37.00791451062152,,,,,
