hog_graph_index,sdp_seed,p,logs,status
54,42,5,1,0
54,1000042,5,1,0
54,2000042,5,1,0
54,3000042,3,1,1
54,3000042,5,1,0
54,4000042,3,1,0
54,4000042,5,1,0
54,5000042,3,1,0
54,5000042,5,1,0
54,6000042,3,0,0
54,6000042,5,0,0
54,7000042,3,0,0
54,7000042,5,0,0
54,8000042,3,0,0
54,8000042,5,0,0
54,9000042,3,0,0
54,9000042,5,0,0
55,42,3,0,0
55,42,5,0,0
55,1000042,3,0,0
55,1000042,5,0,0
55,2000042,3,0,0
55,2000042,5,0,0
55,3000042,3,0,0
55,3000042,5,0,0
55,4000042,3,0,0
55,4000042,5,0,0
55,5000042,3,0,0
55,5000042,5,0,0
55,6000042,3,0,0
55,6000042,5,0,0
55,7000042,3,0,0
55,7000042,5,0,0
55,8000042,3,0,0
55,8000042,5,0,0
55,9000042,3,0,0
55,9000042,5,0,0
56,42,3,0,0
56,42,5,0,0
56,1000042,3,0,0
56,1000042,5,0,0
56,2000042,3,0,0
56,2000042,5,0,0
56,3000042,3,0,0
56,3000042,5,0,0
56,4000042,3,0,0
56,4000042,5,0,0
56,5000042,3,0,0
56,5000042,5,0,0
56,6000042,3,0,0
56,6000042,5,0,0
56,7000042,3,0,0
56,7000042,5,0,0
56,8000042,3,0,0
56,8000042,5,0,0
56,9000042,3,0,0
56,9000042,5,0,0
57,42,3,0,0
57,42,5,0,0
57,1000042,3,0,0
57,1000042,5,0,0
57,2000042,3,0,0
57,2000042,5,0,0
57,3000042,3,0,0
57,3000042,5,0,0
57,4000042,3,0,0
57,4000042,5,0,0
57,5000042,3,0,0
57,5000042,5,0,0
57,6000042,3,0,0
57,6000042,5,0,0
57,7000042,3,0,0
57,7000042,5,0,0
57,8000042,3,0,0
57,8000042,5,0,0
57,9000042,3,0,0
57,9000042,5,0,0
58,42,3,0,0
58,42,5,0,0
58,1000042,3,0,0
58,1000042,5,0,0
58,2000042,3,0,0
58,2000042,5,0,0
58,3000042,3,0,0
58,3000042,5,0,0
58,4000042,3,0,0
58,4000042,5,0,0
58,5000042,3,0,0
58,5000042,5,0,0
58,6000042,3,0,0
58,6000042,5,0,0
58,7000042,3,0,0
58,7000042,5,0,0
58,8000042,3,0,0
58,8000042,5,0,0
58,9000042,3,0,0
58,9000042,5,0,0
59,42,3,0,0
59,42,5,0,0
59,1000042,3,0,0
59,1000042,5,0,0
59,2000042,3,0,0
59,2000042,5,0,0
59,3000042,3,0,0
59,3000042,5,0,0
59,4000042,3,0,0
59,4000042,5,0,0
59,5000042,3,0,0
59,5000042,5,0,0
59,6000042,3,0,0
59,6000042,5,0,0
59,7000042,3,0,0
59,7000042,5,0,0
59,8000042,3,0,0
59,8000042,5,0,0
59,9000042,3,0,0
59,9000042,5,0,0
60,42,3,0,0
60,42,5,0,0
60,1000042,3,0,0
60,1000042,5,0,0
60,2000042,3,0,0
60,2000042,5,0,0
60,3000042,3,0,0
60,3000042,5,0,0
60,4000042,3,0,0
60,4000042,5,0,0
60,5000042,3,0,0
60,5000042,5,0,0
60,6000042,3,0,0
60,6000042,5,0,0
60,7000042,3,0,0
60,7000042,5,0,0
60,8000042,3,0,0
60,8000042,5,0,0
60,9000042,3,0,0
60,9000042,5,0,0
61,42,3,0,0
61,42,5,0,0
61,1000042,3,0,0
61,1000042,5,0,0
61,2000042,3,0,0
61,2000042,5,0,0
61,3000042,3,0,0
61,3000042,5,0,0
61,4000042,3,0,0
61,4000042,5,0,0
61,5000042,3,0,0
61,5000042,5,0,0
61,6000042,3,0,0
61,6000042,5,0,0
61,7000042,3,0,0
61,7000042,5,0,0
61,8000042,3,0,0
61,8000042,5,0,0
61,9000042,3,0,0
61,9000042,5,0,0
62,42,3,0,0
62,42,5,0,0
62,1000042,3,0,0
62,1000042,5,0,0
62,2000042,3,0,0
62,2000042,5,0,0
62,3000042,3,0,0
62,3000042,5,0,0
62,4000042,3,0,0
62,4000042,5,0,0
62,5000042,3,0,0
62,5000042,5,0,0
62,6000042,3,0,0
62,6000042,5,0,0
62,7000042,3,0,0
62,7000042,5,0,0
62,8000042,3,0,0
62,8000042,5,0,0
62,9000042,3,0,0
62,9000042,5,0,0
63,42,3,0,0
63,42,5,0,0
63,1000042,3,0,0
63,1000042,5,0,0
63,2000042,3,0,0
63,2000042,5,0,0
63,3000042,3,0,0
63,3000042,5,0,0
63,4000042,3,0,0
63,4000042,5,0,0
63,5000042,3,0,0
63,5000042,5,0,0
63,6000042,3,0,0
63,6000042,5,0,0
63,7000042,3,0,0
63,7000042,5,0,0
63,8000042,3,0,0
63,8000042,5,0,0
63,9000042,3,0,0
63,9000042,5,0,0
64,42,3,0,0
64,42,5,0,0
64,1000042,3,0,0
64,1000042,5,0,0
64,2000042,3,0,0
64,2000042,5,0,0
64,3000042,3,0,0
64,3000042,5,0,0
64,4000042,3,0,0
64,4000042,5,0,0
64,5000042,3,0,0
64,5000042,5,0,0
64,6000042,3,0,0
64,6000042,5,0,0
64,7000042,3,0,0
64,7000042,5,0,0
64,8000042,3,0,0
64,8000042,5,0,0
64,9000042,3,0,0
64,9000042,5,0,0
65,42,3,0,0
65,42,5,0,0
65,1000042,3,0,0
65,1000042,5,0,0
65,2000042,3,0,0
65,2000042,5,0,0
65,3000042,3,0,0
65,3000042,5,0,0
65,4000042,3,0,0
65,4000042,5,0,0
65,5000042,3,0,0
65,5000042,5,0,0
65,6000042,3,0,0
65,6000042,5,0,0
65,7000042,3,0,0
65,7000042,5,0,0
65,8000042,3,0,0
65,8000042,5,0,0
65,9000042,3,0,0
65,9000042,5,0,0
66,42,3,0,0
66,42,5,0,0
66,1000042,3,0,0
66,1000042,5,0,0
66,2000042,3,0,0
66,2000042,5,0,0
66,3000042,3,0,0
66,3000042,5,0,0
66,4000042,3,0,0
66,4000042,5,0,0
66,5000042,3,0,0
66,5000042,5,0,0
66,6000042,3,0,0
66,6000042,5,0,0
66,7000042,3,0,0
66,7000042,5,0,0
66,8000042,3,0,0
66,8000042,5,0,0
66,9000042,3,0,0
66,9000042,5,0,0
67,42,3,0,0
67,42,5,0,0
67,1000042,3,0,0
67,1000042,5,0,0
67,2000042,3,0,0
67,2000042,5,0,0
67,3000042,3,0,0
67,3000042,5,0,0
67,4000042,3,0,0
67,4000042,5,0,0
67,5000042,3,0,0
67,5000042,5,0,0
67,6000042,3,0,0
67,6000042,5,0,0
67,7000042,3,0,0
67,7000042,5,0,0
67,8000042,3,0,0
67,8000042,5,0,0
67,9000042,3,0,0
67,9000042,5,0,0
68,42,3,0,0
68,42,5,0,0
68,1000042,3,0,0
68,1000042,5,0,0
68,2000042,3,0,0
68,2000042,5,0,0
68,3000042,3,0,0
68,3000042,5,0,0
68,4000042,3,0,0
68,4000042,5,0,0
68,5000042,3,0,0
68,5000042,5,0,0
68,6000042,3,0,0
68,6000042,5,0,0
68,7000042,3,0,0
68,7000042,5,0,0
68,8000042,3,0,0
68,8000042,5,0,0
68,9000042,3,0,0
68,9000042,5,0,0
69,42,3,0,0
69,42,5,0,0
69,1000042,3,0,0
69,1000042,5,0,0
69,2000042,3,0,0
69,2000042,5,0,0
69,3000042,3,0,0
69,3000042,5,0,0
69,4000042,3,0,0
69,4000042,5,0,0
69,5000042,3,0,0
69,5000042,5,0,0
69,6000042,3,0,0
69,6000042,5,0,0
69,7000042,3,0,0
69,7000042,5,0,0
69,8000042,3,0,0
69,8000042,5,0,0
69,9000042,3,0,0
69,9000042,5,0,0
70,42,3,0,0
70,42,5,0,0
70,1000042,3,0,0
70,1000042,5,0,0
70,2000042,3,0,0
70,2000042,5,0,0
70,3000042,3,0,0
70,3000042,5,0,0
70,4000042,3,0,0
70,4000042,5,0,0
70,5000042,3,0,0
70,5000042,5,0,0
70,6000042,3,0,0
70,6000042,5,0,0
70,7000042,3,0,0
70,7000042,5,0,0
70,8000042,3,0,0
70,8000042,5,0,0
70,9000042,3,0,0
70,9000042,5,0,0
71,42,3,0,0
71,42,5,0,0
71,1000042,3,0,0
71,1000042,5,0,0
71,2000042,3,0,0
71,2000042,5,0,0
71,3000042,3,0,0
71,3000042,5,0,0
71,4000042,3,0,0
71,4000042,5,0,0
71,5000042,3,0,0
71,5000042,5,0,0
71,6000042,3,0,0
71,6000042,5,0,0
71,7000042,3,0,0
71,7000042,5,0,0
71,8000042,3,0,0
71,8000042,5,0,0
71,9000042,3,0,0
71,9000042,5,0,0
72,42,3,0,0
72,42,5,0,0
72,1000042,3,0,0
72,1000042,5,0,0
72,2000042,3,0,0
72,2000042,5,0,0
72,3000042,3,0,0
72,3000042,5,0,0
72,4000042,3,0,0
72,4000042,5,0,0
72,5000042,3,0,0
72,5000042,5,0,0
72,6000042,3,0,0
72,6000042,5,0,0
72,7000042,3,0,0
72,7000042,5,0,0
72,8000042,3,0,0
72,8000042,5,0,0
72,9000042,3,0,0
72,9000042,5,0,0
73,42,3,0,0
73,42,5,0,0
73,1000042,3,0,0
73,1000042,5,0,0
73,2000042,3,0,0
73,2000042,5,0,0
73,3000042,3,0,0
73,3000042,5,0,0
73,4000042,3,0,0
73,4000042,5,0,0
73,5000042,3,0,0
73,5000042,5,0,0
73,6000042,3,0,0
73,6000042,5,0,0
73,7000042,3,0,0
73,7000042,5,0,0
73,8000042,3,0,0
73,8000042,5,0,0
73,9000042,3,0,0
73,9000042,5,0,0
74,42,3,0,0
74,42,5,0,0
74,1000042,3,0,0
74,1000042,5,0,0
74,2000042,3,0,0
74,2000042,5,0,0
74,3000042,3,0,0
74,3000042,5,0,0
74,4000042,3,0,0
74,4000042,5,0,0
74,5000042,3,0,0
74,5000042,5,0,0
74,6000042,3,0,0
74,6000042,5,0,0
74,7000042,3,0,0
74,7000042,5,0,0
74,8000042,3,0,0
74,8000042,5,0,0
74,9000042,3,0,0
74,9000042,5,0,0
75,42,3,0,0
75,42,5,0,0
75,1000042,3,0,0
75,1000042,5,0,0
75,2000042,3,0,0
75,2000042,5,0,0
75,3000042,3,0,0
75,3000042,5,0,0
75,4000042,3,0,0
75,4000042,5,0,0
75,5000042,3,0,0
75,5000042,5,0,0
75,6000042,3,0,0
75,6000042,5,0,0
75,7000042,3,0,0
75,7000042,5,0,0
75,8000042,3,0,0
75,8000042,5,0,0
75,9000042,3,0,0
75,9000042,5,0,0
76,42,3,0,0
76,42,5,0,0
76,1000042,3,0,0
76,1000042,5,0,0
76,2000042,3,0,0
76,2000042,5,0,0
76,3000042,3,0,0
76,3000042,5,0,0
76,4000042,3,0,0
76,4000042,5,0,0
76,5000042,3,0,0
76,5000042,5,0,0
76,6000042,3,0,0
76,6000042,5,0,0
76,7000042,3,0,0
76,7000042,5,0,0
76,8000042,3,0,0
76,8000042,5,0,0
76,9000042,3,0,0
76,9000042,5,0,0
77,42,3,0,0
77,42,5,0,0
77,1000042,3,0,0
77,1000042,5,0,0
77,2000042,3,0,0
77,2000042,5,0,0
77,3000042,3,0,0
77,3000042,5,0,0
77,4000042,3,0,0
77,4000042,5,0,0
77,5000042,3,0,0
77,5000042,5,0,0
77,6000042,3,0,0
77,6000042,5,0,0
77,7000042,3,0,0
77,7000042,5,0,0
77,8000042,3,0,0
77,8000042,5,0,0
77,9000042,3,0,0
77,9000042,5,0,0
78,42,3,0,0
78,42,5,0,0
78,1000042,3,0,0
78,1000042,5,0,0
78,2000042,3,0,0
78,2000042,5,0,0
78,3000042,3,0,0
78,3000042,5,0,0
78,4000042,3,0,0
78,4000042,5,0,0
78,5000042,3,0,0
78,5000042,5,0,0
78,6000042,3,0,0
78,6000042,5,0,0
78,7000042,3,0,0
78,7000042,5,0,0
78,8000042,3,0,0
78,8000042,5,0,0
78,9000042,3,0,0
78,9000042,5,0,0
79,42,3,0,0
79,42,5,0,0
79,1000042,3,0,0
79,1000042,5,0,0
79,2000042,3,0,0
79,2000042,5,0,0
79,3000042,3,0,0
79,3000042,5,0,0
79,4000042,3,0,0
79,4000042,5,0,0
79,5000042,3,0,0
79,5000042,5,0,0
79,6000042,3,0,0
79,6000042,5,0,0
79,7000042,3,0,0
79,7000042,5,0,0
79,8000042,3,0,0
79,8000042,5,0,0
79,9000042,3,0,0
79,9000042,5,0,0
80,42,3,0,0
80,42,5,0,0
80,1000042,3,0,0
80,1000042,5,0,0
80,2000042,3,0,0
80,2000042,5,0,0
80,3000042,3,0,0
80,3000042,5,0,0
80,4000042,3,0,0
80,4000042,5,0,0
80,5000042,3,0,0
80,5000042,5,0,0
80,6000042,3,0,0
80,6000042,5,0,0
80,7000042,3,0,0
80,7000042,5,0,0
80,8000042,3,0,0
80,8000042,5,0,0
80,9000042,3,0,0
80,9000042,5,0,0
81,42,3,0,0
81,42,5,0,0
81,1000042,3,0,0
81,1000042,5,0,0
81,2000042,3,0,0
81,2000042,5,0,0
81,3000042,3,0,0
81,3000042,5,0,0
81,4000042,3,0,0
81,4000042,5,0,0
81,5000042,3,0,0
81,5000042,5,0,0
81,6000042,3,0,0
81,6000042,5,0,0
81,7000042,3,0,0
81,7000042,5,0,0
81,8000042,3,0,0
81,8000042,5,0,0
81,9000042,3,0,0
81,9000042,5,0,0
82,42,3,0,0
82,42,5,0,0
82,1000042,3,0,0
82,1000042,5,0,0
82,2000042,3,0,0
82,2000042,5,0,0
82,3000042,3,0,0
82,3000042,5,0,0
82,4000042,3,0,0
82,4000042,5,0,0
82,5000042,3,0,0
82,5000042,5,0,0
82,6000042,3,0,0
82,6000042,5,0,0
82,7000042,3,0,0
82,7000042,5,0,0
82,8000042,3,0,0
82,8000042,5,0,0
82,9000042,3,0,0
82,9000042,5,0,0
83,42,3,0,0
83,42,5,0,0
83,1000042,3,0,0
83,1000042,5,0,0
83,2000042,3,0,0
83,2000042,5,0,0
83,3000042,3,0,0
83,3000042,5,0,0
83,4000042,3,0,0
83,4000042,5,0,0
83,5000042,3,0,0
83,5000042,5,0,0
83,6000042,3,0,0
83,6000042,5,0,0
83,7000042,3,0,0
83,7000042,5,0,0
83,8000042,3,0,0
83,8000042,5,0,0
83,9000042,3,0,0
83,9000042,5,0,0
84,42,3,0,0
84,42,5,0,0
84,1000042,3,0,0
84,1000042,5,0,0
84,2000042,3,0,0
84,2000042,5,0,0
84,3000042,3,0,0
84,3000042,5,0,0
84,4000042,3,0,0
84,4000042,5,0,0
84,5000042,3,0,0
84,5000042,5,0,0
84,6000042,3,0,0
84,6000042,5,0,0
84,7000042,3,0,0
84,7000042,5,0,0
84,8000042,3,0,0
84,8000042,5,0,0
84,9000042,3,0,0
84,9000042,5,0,0
85,42,3,0,0
85,42,5,0,0
85,1000042,3,0,0
85,1000042,5,0,0
85,2000042,3,0,0
85,2000042,5,0,0
85,3000042,3,0,0
85,3000042,5,0,0
85,4000042,3,0,0
85,4000042,5,0,0
85,5000042,3,0,0
85,5000042,5,0,0
85,6000042,3,0,0
85,6000042,5,0,0
85,7000042,3,0,0
85,7000042,5,0,0
85,8000042,3,0,0
85,8000042,5,0,0
85,9000042,3,0,0
85,9000042,5,0,0
86,42,3,0,0
86,42,5,0,0
86,1000042,3,0,0
86,1000042,5,0,0
86,2000042,3,0,0
86,2000042,5,0,0
86,3000042,3,0,0
86,3000042,5,0,0
86,4000042,3,0,0
86,4000042,5,0,0
86,5000042,3,0,0
86,5000042,5,0,0
86,6000042,3,0,0
86,6000042,5,0,0
86,7000042,3,0,0
86,7000042,5,0,0
86,8000042,3,0,0
86,8000042,5,0,0
86,9000042,3,0,0
86,9000042,5,0,0
87,42,3,0,0
87,42,5,0,0
87,1000042,3,0,0
87,1000042,5,0,0
87,2000042,3,0,0
87,2000042,5,0,0
87,3000042,3,0,0
87,3000042,5,0,0
87,4000042,3,0,0
87,4000042,5,0,0
87,5000042,3,0,0
87,5000042,5,0,0
87,6000042,3,0,0
87,6000042,5,0,0
87,7000042,3,0,0
87,7000042,5,0,0
87,8000042,3,0,0
87,8000042,5,0,0
87,9000042,3,0,0
87,9000042,5,0,0
88,42,3,0,0
88,42,5,0,0
88,1000042,3,0,0
88,1000042,5,0,0
88,2000042,3,0,0
88,2000042,5,0,0
88,3000042,3,0,0
88,3000042,5,0,0
88,4000042,3,0,0
88,4000042,5,0,0
88,5000042,3,0,0
88,5000042,5,0,0
88,6000042,3,0,0
88,6000042,5,0,0
88,7000042,3,0,0
88,7000042,5,0,0
88,8000042,3,0,0
88,8000042,5,0,0
88,9000042,3,0,0
88,9000042,5,0,0
89,42,3,0,0
89,42,5,0,0
89,1000042,3,0,0
89,1000042,5,0,0
89,2000042,3,0,0
89,2000042,5,0,0
89,3000042,3,0,0
89,3000042,5,0,0
89,4000042,3,0,0
89,4000042,5,0,0
89,5000042,3,0,0
89,5000042,5,0,0
89,6000042,3,0,0
89,6000042,5,0,0
89,7000042,3,0,0
89,7000042,5,0,0
89,8000042,3,0,0
89,8000042,5,0,0
89,9000042,3,0,0
89,9000042,5,0,0
90,42,3,0,0
90,42,5,0,0
90,1000042,3,0,0
90,1000042,5,0,0
90,2000042,3,0,0
90,2000042,5,0,0
90,3000042,3,0,0
90,3000042,5,0,0
90,4000042,3,0,0
90,4000042,5,0,0
90,5000042,3,0,0
90,5000042,5,0,0
90,6000042,3,0,0
90,6000042,5,0,0
90,7000042,3,0,0
90,7000042,5,0,0
90,8000042,3,0,0
90,8000042,5,0,0
90,9000042,3,0,0
90,9000042,5,0,0
91,42,3,0,0
91,42,5,0,0
91,1000042,3,0,0
91,1000042,5,0,0
91,2000042,3,0,0
91,2000042,5,0,0
91,3000042,3,0,0
91,3000042,5,0,0
91,4000042,3,0,0
91,4000042,5,0,0
91,5000042,3,0,0
91,5000042,5,0,0
91,6000042,3,0,0
91,6000042,5,0,0
91,7000042,3,0,0
91,7000042,5,0,0
91,8000042,3,0,0
91,8000042,5,0,0
91,9000042,3,0,0
91,9000042,5,0,0
92,42,3,0,0
92,42,5,0,0
92,1000042,3,0,0
92,1000042,5,0,0
92,2000042,3,0,0
92,2000042,5,0,0
92,3000042,3,0,0
92,3000042,5,0,0
92,4000042,3,0,0
92,4000042,5,0,0
92,5000042,3,0,0
92,5000042,5,0,0
92,6000042,3,0,0
92,6000042,5,0,0
92,7000042,3,0,0
92,7000042,5,0,0
92,8000042,3,0,0
92,8000042,5,0,0
92,9000042,3,0,0
92,9000042,5,0,0
93,42,3,0,0
93,42,5,0,0
93,1000042,3,0,0
93,1000042,5,0,0
93,2000042,3,0,0
93,2000042,5,0,0
93,3000042,3,0,0
93,3000042,5,0,0
93,4000042,3,0,0
93,4000042,5,0,0
93,5000042,3,0,0
93,5000042,5,0,0
93,6000042,3,0,0
93,6000042,5,0,0
93,7000042,3,0,0
93,7000042,5,0,0
93,8000042,3,0,0
93,8000042,5,0,0
93,9000042,3,0,0
93,9000042,5,0,0
94,42,3,0,0
94,42,5,0,0
94,1000042,3,0,0
94,1000042,5,0,0
94,2000042,3,0,0
94,2000042,5,0,0
94,3000042,3,0,0
94,3000042,5,0,0
94,4000042,3,0,0
94,4000042,5,0,0
94,5000042,3,0,0
94,5000042,5,0,0
94,6000042,3,0,0
94,6000042,5,0,0
94,7000042,3,0,0
94,7000042,5,0,0
94,8000042,3,0,0
94,8000042,5,0,0
94,9000042,3,0,0
94,9000042,5,0,0
95,42,3,0,0
95,42,5,0,0
95,1000042,3,0,0
95,1000042,5,0,0
95,2000042,3,0,0
95,2000042,5,0,0
95,3000042,3,0,0
95,3000042,5,0,0
95,4000042,3,0,0
95,4000042,5,0,0
95,5000042,3,0,0
95,5000042,5,0,0
95,6000042,3,0,0
95,6000042,5,0,0
95,7000042,3,0,0
95,7000042,5,0,0
95,8000042,3,0,0
95,8000042,5,0,0
95,9000042,3,0,0
95,9000042,5,0,0
96,42,3,0,0
96,42,5,0,0
96,1000042,3,0,0
96,1000042,5,0,0
96,2000042,3,0,0
96,2000042,5,0,0
96,3000042,3,0,0
96,3000042,5,0,0
96,4000042,3,0,0
96,4000042,5,0,0
96,5000042,3,0,0
96,5000042,5,0,0
96,6000042,3,0,0
96,6000042,5,0,0
96,7000042,3,0,0
96,7000042,5,0,0
96,8000042,3,0,0
96,8000042,5,0,0
96,9000042,3,0,0
96,9000042,5,0,0
97,42,3,0,0
97,42,5,0,0
97,1000042,3,0,0
97,1000042,5,0,0
97,2000042,3,0,0
97,2000042,5,0,0
97,3000042,3,0,0
97,3000042,5,0,0
97,4000042,3,0,0
97,4000042,5,0,0
97,5000042,3,0,0
97,5000042,5,0,0
97,6000042,3,0,0
97,6000042,5,0,0
97,7000042,3,0,0
97,7000042,5,0,0
97,8000042,3,0,0
97,8000042,5,0,0
97,9000042,3,0,0
97,9000042,5,0,0
98,42,3,0,0
98,42,5,0,0
98,1000042,3,0,0
98,1000042,5,0,0
98,2000042,3,0,0
98,2000042,5,0,0
98,3000042,3,0,0
98,3000042,5,0,0
98,4000042,3,0,0
98,4000042,5,0,0
98,5000042,3,0,0
98,5000042,5,0,0
98,6000042,3,0,0
98,6000042,5,0,0
98,7000042,3,0,0
98,7000042,5,0,0
98,8000042,3,0,0
98,8000042,5,0,0
98,9000042,3,0,0
98,9000042,5,0,0
99,42,3,0,0
99,42,5,0,0
99,1000042,3,0,0
99,1000042,5,0,0
99,2000042,3,0,0
99,2000042,5,0,0
99,3000042,3,0,0
99,3000042,5,0,0
99,4000042,3,0,0
99,4000042,5,0,0
99,5000042,3,0,0
99,5000042,5,0,0
99,6000042,3,0,0
99,6000042,5,0,0
99,7000042,3,0,0
99,7000042,5,0,0
99,8000042,3,0,0
99,8000042,5,0,0
99,9000042,3,0,0
99,9000042,5,0,0
100,42,3,0,0
100,42,5,0,0
100,1000042,3,0,0
100,1000042,5,0,0
100,2000042,3,0,0
100,2000042,5,0,0
100,3000042,3,0,0
100,3000042,5,0,0
100,4000042,3,0,0
100,4000042,5,0,0
100,5000042,3,0,0
100,5000042,5,0,0
100,6000042,3,0,0
100,6000042,5,0,0
100,7000042,3,0,0
100,7000042,5,0,0
100,8000042,3,0,0
100,8000042,5,0,0
100,9000042,3,0,0
100,9000042,5,0,0
101,42,3,0,0
101,42,5,0,0
101,1000042,3,0,0
101,1000042,5,0,0
101,2000042,3,0,0
101,2000042,5,0,0
101,3000042,3,0,0
101,3000042,5,0,0
101,4000042,3,0,0
101,4000042,5,0,0
101,5000042,3,0,0
101,5000042,5,0,0
101,6000042,3,0,0
101,6000042,5,0,0
101,7000042,3,0,0
101,7000042,5,0,0
101,8000042,3,0,0
101,8000042,5,0,0
101,9000042,3,0,0
101,9000042,5,0,0
102,42,3,0,0
102,42,5,0,0
102,1000042,3,0,0
102,1000042,5,0,0
102,2000042,3,0,0
102,2000042,5,0,0
102,3000042,3,0,0
102,3000042,5,0,0
102,4000042,3,0,0
102,4000042,5,0,0
102,5000042,3,0,0
102,5000042,5,0,0
102,6000042,3,0,0
102,6000042,5,0,0
102,7000042,3,0,0
102,7000042,5,0,0
102,8000042,3,0,0
102,8000042,5,0,0
102,9000042,3,0,0
102,9000042,5,0,0
103,42,3,0,0
103,42,5,0,0
103,1000042,3,0,0
103,1000042,5,0,0
103,2000042,3,0,0
103,2000042,5,0,0
103,3000042,3,0,0
103,3000042,5,0,0
103,4000042,3,0,0
103,4000042,5,0,0
103,5000042,3,0,0
103,5000042,5,0,0
103,6000042,3,0,0
103,6000042,5,0,0
103,7000042,3,0,0
103,7000042,5,0,0
103,8000042,3,0,0
103,8000042,5,0,0
103,9000042,3,0,0
103,9000042,5,0,0
104,42,3,0,0
104,42,5,0,0
104,1000042,3,0,0
104,1000042,5,0,0
104,2000042,3,0,0
104,2000042,5,0,0
104,3000042,3,0,0
104,3000042,5,0,0
104,4000042,3,0,0
104,4000042,5,0,0
104,5000042,3,0,0
104,5000042,5,0,0
104,6000042,3,0,0
104,6000042,5,0,0
104,7000042,3,0,0
104,7000042,5,0,0
104,8000042,3,0,0
104,8000042,5,0,0
104,9000042,3,0,0
104,9000042,5,0,0
105,42,3,0,0
105,42,5,0,0
105,1000042,3,0,0
105,1000042,5,0,0
105,2000042,3,0,0
105,2000042,5,0,0
105,3000042,3,0,0
105,3000042,5,0,0
105,4000042,3,0,0
105,4000042,5,0,0
105,5000042,3,0,0
105,5000042,5,0,0
105,6000042,3,0,0
105,6000042,5,0,0
105,7000042,3,0,0
105,7000042,5,0,0
105,8000042,3,0,0
105,8000042,5,0,0
105,9000042,3,0,0
105,9000042,5,0,0
106,42,3,0,0
106,42,5,0,0
106,1000042,3,0,0
106,1000042,5,0,0
106,2000042,3,0,0
106,2000042,5,0,0
106,3000042,3,0,0
106,3000042,5,0,0
106,4000042,3,0,0
106,4000042,5,0,0
106,5000042,3,0,0
106,5000042,5,0,0
106,6000042,3,0,0
106,6000042,5,0,0
106,7000042,3,0,0
106,7000042,5,0,0
106,8000042,3,0,0
106,8000042,5,0,0
106,9000042,3,0,0
106,9000042,5,0,0
107,42,3,0,0
107,42,5,0,0
107,1000042,3,0,0
107,1000042,5,0,0
107,2000042,3,0,0
107,2000042,5,0,0
107,3000042,3,0,0
107,3000042,5,0,0
107,4000042,3,0,0
107,4000042,5,0,0
107,5000042,3,0,0
107,5000042,5,0,0
107,6000042,3,0,0
107,6000042,5,0,0
107,7000042,3,0,0
107,7000042,5,0,0
107,8000042,3,0,0
107,8000042,5,0,0
107,9000042,3,0,0
107,9000042,5,0,0
108,42,3,0,0
108,42,5,0,0
108,1000042,3,0,0
108,1000042,5,0,0
108,2000042,3,0,0
108,2000042,5,0,0
108,3000042,3,0,0
108,3000042,5,0,0
108,4000042,3,0,0
108,4000042,5,0,0
108,5000042,3,0,0
108,5000042,5,0,0
108,6000042,3,0,0
108,6000042,5,0,0
108,7000042,3,0,0
108,7000042,5,0,0
108,8000042,3,0,0
108,8000042,5,0,0
108,9000042,3,0,0
108,9000042,5,0,0
109,42,3,0,0
109,42,5,0,0
109,1000042,3,0,0
109,1000042,5,0,0
109,2000042,3,0,0
109,2000042,5,0,0
109,3000042,3,0,0
109,3000042,5,0,0
109,4000042,3,0,0
109,4000042,5,0,0
109,5000042,3,0,0
109,5000042,5,0,0
109,6000042,3,0,0
109,6000042,5,0,0
109,7000042,3,0,0
109,7000042,5,0,0
109,8000042,3,0,0
109,8000042,5,0,0
109,9000042,3,0,0
109,9000042,5,0,0
110,42,3,0,0
110,42,5,0,0
110,1000042,3,0,0
110,1000042,5,0,0
110,2000042,3,0,0
110,2000042,5,0,0
110,3000042,3,0,0
110,3000042,5,0,0
110,4000042,3,0,0
110,4000042,5,0,0
110,5000042,3,0,0
110,5000042,5,0,0
110,6000042,3,0,0
110,6000042,5,0,0
110,7000042,3,0,0
110,7000042,5,0,0
110,8000042,3,0,0
110,8000042,5,0,0
110,9000042,3,0,0
110,9000042,5,0,0
111,42,3,0,0
111,42,5,0,0
111,1000042,3,0,0
111,1000042,5,0,0
111,2000042,3,0,0
111,2000042,5,0,0
111,3000042,3,0,0
111,3000042,5,0,0
111,4000042,3,0,0
111,4000042,5,0,0
111,5000042,3,0,0
111,5000042,5,0,0
111,6000042,3,0,0
111,6000042,5,0,0
111,7000042,3,0,0
111,7000042,5,0,0
111,8000042,3,0,0
111,8000042,5,0,0
111,9000042,3,0,0
111,9000042,5,0,0
112,42,3,0,0
112,42,5,0,0
112,1000042,3,0,0
112,1000042,5,0,0
112,2000042,3,0,0
112,2000042,5,0,0
112,3000042,3,0,0
112,3000042,5,0,0
112,4000042,3,0,0
112,4000042,5,0,0
112,5000042,3,0,0
112,5000042,5,0,0
112,6000042,3,0,0
112,6000042,5,0,0
112,7000042,3,0,0
112,7000042,5,0,0
112,8000042,3,0,0
112,8000042,5,0,0
112,9000042,3,0,0
112,9000042,5,0,0
113,42,3,0,0
113,42,5,0,0
113,1000042,3,0,0
113,1000042,5,0,0
113,2000042,3,0,0
113,2000042,5,0,0
113,3000042,3,0,0
113,3000042,5,0,0
113,4000042,3,0,0
113,4000042,5,0,0
113,5000042,3,0,0
113,5000042,5,0,0
113,6000042,3,0,0
113,6000042,5,0,0
113,7000042,3,0,0
113,7000042,5,0,0
113,8000042,3,0,0
113,8000042,5,0,0
113,9000042,3,0,0
113,9000042,5,0,0
114,42,3,0,0
114,42,5,0,0
114,1000042,3,0,0
114,1000042,5,0,0
114,2000042,3,0,0
114,2000042,5,0,0
114,3000042,3,0,0
114,3000042,5,0,0
114,4000042,3,0,0
114,4000042,5,0,0
114,5000042,3,0,0
114,5000042,5,0,0
114,6000042,3,0,0
114,6000042,5,0,0
114,7000042,3,0,0
114,7000042,5,0,0
114,8000042,3,0,0
114,8000042,5,0,0
114,9000042,3,0,0
114,9000042,5,0,0
115,42,3,0,0
115,42,5,0,0
115,1000042,3,0,0
115,1000042,5,0,0
115,2000042,3,0,0
115,2000042,5,0,0
115,3000042,3,0,0
115,3000042,5,0,0
115,4000042,3,0,0
115,4000042,5,0,0
115,5000042,3,0,0
115,5000042,5,0,0
115,6000042,3,0,0
115,6000042,5,0,0
115,7000042,3,0,0
115,7000042,5,0,0
115,8000042,3,0,0
115,8000042,5,0,0
115,9000042,3,0,0
115,9000042,5,0,0
116,42,3,0,0
116,42,5,0,0
116,1000042,3,0,0
116,1000042,5,0,0
116,2000042,3,0,0
116,2000042,5,0,0
116,3000042,3,0,0
116,3000042,5,0,0
116,4000042,3,0,0
116,4000042,5,0,0
116,5000042,3,0,0
116,5000042,5,0,0
116,6000042,3,0,0
116,6000042,5,0,0
116,7000042,3,0,0
116,7000042,5,0,0
116,8000042,3,0,0
116,8000042,5,0,0
116,9000042,3,0,0
116,9000042,5,0,0
117,42,3,0,0
117,42,5,0,0
117,1000042,3,0,0
117,1000042,5,0,0
117,2000042,3,0,0
117,2000042,5,0,0
117,3000042,3,0,0
117,3000042,5,0,0
117,4000042,3,0,0
117,4000042,5,0,0
117,5000042,3,0,0
117,5000042,5,0,0
117,6000042,3,0,0
117,6000042,5,0,0
117,7000042,3,0,0
117,7000042,5,0,0
117,8000042,3,0,0
117,8000042,5,0,0
117,9000042,3,0,0
117,9000042,5,0,0
118,42,3,0,0
118,42,5,0,0
118,1000042,3,0,0
118,1000042,5,0,0
118,2000042,3,0,0
118,2000042,5,0,0
118,3000042,3,0,0
118,3000042,5,0,0
118,4000042,3,0,0
118,4000042,5,0,0
118,5000042,3,0,0
118,5000042,5,0,0
118,6000042,3,0,0
118,6000042,5,0,0
118,7000042,3,0,0
118,7000042,5,0,0
118,8000042,3,0,0
118,8000042,5,0,0
118,9000042,3,0,0
118,9000042,5,0,0
119,42,3,0,0
119,42,5,0,0
119,1000042,3,0,0
119,1000042,5,0,0
119,2000042,3,0,0
119,2000042,5,0,0
119,3000042,3,0,0
119,3000042,5,0,0
119,4000042,3,0,0
119,4000042,5,0,0
119,5000042,3,0,0
119,5000042,5,0,0
119,6000042,3,0,0
119,6000042,5,0,0
119,7000042,3,0,0
119,7000042,5,0,0
119,8000042,3,0,0
119,8000042,5,0,0
119,9000042,3,0,0
119,9000042,5,0,0
120,42,3,0,0
120,42,5,0,0
120,1000042,3,0,0
120,1000042,5,0,0
120,2000042,3,0,0
120,2000042,5,0,0
120,3000042,3,0,0
120,3000042,5,0,0
120,4000042,3,0,0
120,4000042,5,0,0
120,5000042,3,0,0
120,5000042,5,0,0
120,6000042,3,0,0
120,6000042,5,0,0
120,7000042,3,0,0
120,7000042,5,0,0
120,8000042,3,0,0
120,8000042,5,0,0
120,9000042,3,0,0
120,9000042,5,0,0
121,42,3,0,0
121,42,5,0,0
121,1000042,3,0,0
121,1000042,5,0,0
121,2000042,3,0,0
121,2000042,5,0,0
121,3000042,3,0,0
121,3000042,5,0,0
121,4000042,3,0,0
121,4000042,5,0,0
121,5000042,3,0,0
121,5000042,5,0,0
121,6000042,3,0,0
121,6000042,5,0,0
121,7000042,3,0,0
121,7000042,5,0,0
121,8000042,3,0,0
121,8000042,5,0,0
121,9000042,3,0,0
121,9000042,5,0,0
122,42,3,0,0
122,42,5,0,0
122,1000042,3,0,0
122,1000042,5,0,0
122,2000042,3,0,0
122,2000042,5,0,0
122,3000042,3,0,0
122,3000042,5,0,0
122,4000042,3,0,0
122,4000042,5,0,0
122,5000042,3,0,0
122,5000042,5,0,0
122,6000042,3,0,0
122,6000042,5,0,0
122,7000042,3,0,0
122,7000042,5,0,0
122,8000042,3,0,0
122,8000042,5,0,0
122,9000042,3,0,0
122,9000042,5,0,0
123,42,3,0,0
123,42,5,0,0
123,1000042,3,0,0
123,1000042,5,0,0
123,2000042,3,0,0
123,2000042,5,0,0
123,3000042,3,0,0
123,3000042,5,0,0
123,4000042,3,0,0
123,4000042,5,0,0
123,5000042,3,0,0
123,5000042,5,0,0
123,6000042,3,0,0
123,6000042,5,0,0
123,7000042,3,0,0
123,7000042,5,0,0
123,8000042,3,0,0
123,8000042,5,0,0
123,9000042,3,0,0
123,9000042,5,0,0
124,42,3,0,0
124,42,5,0,0
124,1000042,3,0,0
124,1000042,5,0,0
124,2000042,3,0,0
124,2000042,5,0,0
124,3000042,3,0,0
124,3000042,5,0,0
124,4000042,3,0,0
124,4000042,5,0,0
124,5000042,3,0,0
124,5000042,5,0,0
124,6000042,3,0,0
124,6000042,5,0,0
124,7000042,3,0,0
124,7000042,5,0,0
124,8000042,3,0,0
124,8000042,5,0,0
124,9000042,3,0,0
124,9000042,5,0,0
125,42,3,0,0
125,42,5,0,0
125,1000042,3,0,0
125,1000042,5,0,0
125,2000042,3,0,0
125,2000042,5,0,0
125,3000042,3,0,0
125,3000042,5,0,0
125,4000042,3,0,0
125,4000042,5,0,0
125,5000042,3,0,0
125,5000042,5,0,0
125,6000042,3,0,0
125,6000042,5,0,0
125,7000042,3,0,0
125,7000042,5,0,0
125,8000042,3,0,0
125,8000042,5,0,0
125,9000042,3,0,0
125,9000042,5,0,0
126,42,3,0,0
126,42,5,0,0
126,1000042,3,0,0
126,1000042,5,0,0
126,2000042,3,0,0
126,2000042,5,0,0
126,3000042,3,0,0
126,3000042,5,0,0
126,4000042,3,0,0
126,4000042,5,0,0
126,5000042,3,0,0
126,5000042,5,0,0
126,6000042,3,0,0
126,6000042,5,0,0
126,7000042,3,0,0
126,7000042,5,0,0
126,8000042,3,0,0
126,8000042,5,0,0
126,9000042,3,0,0
126,9000042,5,0,0
127,42,3,0,0
127,42,5,0,0
127,1000042,3,0,0
127,1000042,5,0,0
127,2000042,3,0,0
127,2000042,5,0,0
127,3000042,3,0,0
127,3000042,5,0,0
127,4000042,3,0,0
127,4000042,5,0,0
127,5000042,3,0,0
127,5000042,5,0,0
127,6000042,3,0,0
127,6000042,5,0,0
127,7000042,3,0,0
127,7000042,5,0,0
127,8000042,3,0,0
127,8000042,5,0,0
127,9000042,3,0,0
127,9000042,5,0,0
128,42,3,0,0
128,42,5,0,0
128,1000042,3,0,0
128,1000042,5,0,0
128,2000042,3,0,0
128,2000042,5,0,0
128,3000042,3,0,0
128,3000042,5,0,0
128,4000042,3,0,0
128,4000042,5,0,0
128,5000042,3,0,0
128,5000042,5,0,0
128,6000042,3,0,0
128,6000042,5,0,0
128,7000042,3,0,0
128,7000042,5,0,0
128,8000042,3,0,0
128,8000042,5,0,0
128,9000042,3,0,0
128,9000042,5,0,0
129,42,3,0,0
129,42,5,0,0
129,1000042,3,0,0
129,1000042,5,0,0
129,2000042,3,0,0
129,2000042,5,0,0
129,3000042,3,0,0
129,3000042,5,0,0
129,4000042,3,0,0
129,4000042,5,0,0
129,5000042,3,0,0
129,5000042,5,0,0
129,6000042,3,0,0
129,6000042,5,0,0
129,7000042,3,0,0
129,7000042,5,0,0
129,8000042,3,0,0
129,8000042,5,0,0
129,9000042,3,0,0
129,9000042,5,0,0
130,42,3,0,0
130,42,5,0,0
130,1000042,3,0,0
130,1000042,5,0,0
130,2000042,3,0,0
130,2000042,5,0,0
130,3000042,3,0,0
130,3000042,5,0,0
130,4000042,3,0,0
130,4000042,5,0,0
130,5000042,3,0,0
130,5000042,5,0,0
130,6000042,3,0,0
130,6000042,5,0,0
130,7000042,3,0,0
130,7000042,5,0,0
130,8000042,3,0,0
130,8000042,5,0,0
130,9000042,3,0,0
130,9000042,5,0,0
131,42,3,0,0
131,42,5,0,0
131,1000042,3,0,0
131,1000042,5,0,0
131,2000042,3,0,0
131,2000042,5,0,0
131,3000042,3,0,0
131,3000042,5,0,0
131,4000042,3,0,0
131,4000042,5,0,0
131,5000042,3,0,0
131,5000042,5,0,0
131,6000042,3,0,0
131,6000042,5,0,0
131,7000042,3,0,0
131,7000042,5,0,0
131,8000042,3,0,0
131,8000042,5,0,0
131,9000042,3,0,0
131,9000042,5,0,0
132,42,3,0,0
132,42,5,0,0
132,1000042,3,0,0
132,1000042,5,0,0
132,2000042,3,0,0
132,2000042,5,0,0
132,3000042,3,0,0
132,3000042,5,0,0
132,4000042,3,0,0
132,4000042,5,0,0
132,5000042,3,0,0
132,5000042,5,0,0
132,6000042,3,0,0
132,6000042,5,0,0
132,7000042,3,0,0
132,7000042,5,0,0
132,8000042,3,0,0
132,8000042,5,0,0
132,9000042,3,0,0
132,9000042,5,0,0
133,42,3,0,0
133,42,5,0,0
133,1000042,3,0,0
133,1000042,5,0,0
133,2000042,3,0,0
133,2000042,5,0,0
133,3000042,3,0,0
133,3000042,5,0,0
133,4000042,3,0,0
133,4000042,5,0,0
133,5000042,3,0,0
133,5000042,5,0,0
133,6000042,3,0,0
133,6000042,5,0,0
133,7000042,3,0,0
133,7000042,5,0,0
133,8000042,3,0,0
133,8000042,5,0,0
133,9000042,3,0,0
133,9000042,5,0,0
134,42,3,0,0
134,42,5,0,0
134,1000042,3,0,0
134,1000042,5,0,0
134,2000042,3,0,0
134,2000042,5,0,0
134,3000042,3,0,0
134,3000042,5,0,0
134,4000042,3,0,0
134,4000042,5,0,0
134,5000042,3,0,0
134,5000042,5,0,0
134,6000042,3,0,0
134,6000042,5,0,0
134,7000042,3,0,0
134,7000042,5,0,0
134,8000042,3,0,0
134,8000042,5,0,0
134,9000042,3,0,0
134,9000042,5,0,0
135,42,3,0,0
135,42,5,0,0
135,1000042,3,0,0
135,1000042,5,0,0
135,2000042,3,0,0
135,2000042,5,0,0
135,3000042,3,0,0
135,3000042,5,0,0
135,4000042,3,0,0
135,4000042,5,0,0
135,5000042,3,0,0
135,5000042,5,0,0
135,6000042,3,0,0
135,6000042,5,0,0
135,7000042,3,0,0
135,7000042,5,0,0
135,8000042,3,0,0
135,8000042,5,0,0
135,9000042,3,0,0
135,9000042,5,0,0
136,42,3,0,0
136,42,5,0,0
136,1000042,3,0,0
136,1000042,5,0,0
136,2000042,3,0,0
136,2000042,5,0,0
136,3000042,3,0,0
136,3000042,5,0,0
136,4000042,3,0,0
136,4000042,5,0,0
136,5000042,3,0,0
136,5000042,5,0,0
136,6000042,3,0,0
136,6000042,5,0,0
136,7000042,3,0,0
136,7000042,5,0,0
136,8000042,3,0,0
136,8000042,5,0,0
136,9000042,3,0,0
136,9000042,5,0,0
137,42,3,0,0
137,42,5,0,0
137,1000042,3,0,0
137,1000042,5,0,0
137,2000042,3,0,0
137,2000042,5,0,0
137,3000042,3,0,0
137,3000042,5,0,0
137,4000042,3,0,0
137,4000042,5,0,0
137,5000042,3,0,0
137,5000042,5,0,0
137,6000042,3,0,0
137,6000042,5,0,0
137,7000042,3,0,0
137,7000042,5,0,0
137,8000042,3,0,0
137,8000042,5,0,0
137,9000042,3,0,0
137,9000042,5,0,0
138,42,3,0,0
138,42,5,0,0
138,1000042,3,0,0
138,1000042,5,0,0
138,2000042,3,0,0
138,2000042,5,0,0
138,3000042,3,0,0
138,3000042,5,0,0
138,4000042,3,0,0
138,4000042,5,0,0
138,5000042,3,0,0
138,5000042,5,0,0
138,6000042,3,0,0
138,6000042,5,0,0
138,7000042,3,0,0
138,7000042,5,0,0
138,8000042,3,0,0
138,8000042,5,0,0
138,9000042,3,0,0
138,9000042,5,0,0
139,42,3,0,0
139,42,5,0,0
139,1000042,3,0,0
139,1000042,5,0,0
139,2000042,3,0,0
139,2000042,5,0,0
139,3000042,3,0,0
139,3000042,5,0,0
139,4000042,3,0,0
139,4000042,5,0,0
139,5000042,3,0,0
139,5000042,5,0,0
139,6000042,3,0,0
139,6000042,5,0,0
139,7000042,3,0,0
139,7000042,5,0,0
139,8000042,3,0,0
139,8000042,5,0,0
139,9000042,3,0,0
139,9000042,5,0,0
140,42,3,0,0
140,42,5,0,0
140,1000042,3,0,0
140,1000042,5,0,0
140,2000042,3,0,0
140,2000042,5,0,0
140,3000042,3,0,0
140,3000042,5,0,0
140,4000042,3,0,0
140,4000042,5,0,0
140,5000042,3,0,0
140,5000042,5,0,0
140,6000042,3,0,0
140,6000042,5,0,0
140,7000042,3,0,0
140,7000042,5,0,0
140,8000042,3,0,0
140,8000042,5,0,0
140,9000042,3,0,0
140,9000042,5,0,0
141,42,3,0,0
141,42,5,0,0
141,1000042,3,0,0
141,1000042,5,0,0
141,2000042,3,0,0
141,2000042,5,0,0
141,3000042,3,0,0
141,3000042,5,0,0
141,4000042,3,0,0
141,4000042,5,0,0
141,5000042,3,0,0
141,5000042,5,0,0
141,6000042,3,0,0
141,6000042,5,0,0
141,7000042,3,0,0
141,7000042,5,0,0
141,8000042,3,0,0
141,8000042,5,0,0
141,9000042,3,0,0
141,9000042,5,0,0
142,42,3,0,0
142,42,5,0,0
142,1000042,3,0,0
142,1000042,5,0,0
142,2000042,3,0,0
142,2000042,5,0,0
142,3000042,3,0,0
142,3000042,5,0,0
142,4000042,3,0,0
142,4000042,5,0,0
142,5000042,3,0,0
142,5000042,5,0,0
142,6000042,3,0,0
142,6000042,5,0,0
142,7000042,3,0,0
142,7000042,5,0,0
142,8000042,3,0,0
142,8000042,5,0,0
142,9000042,3,0,0
142,9000042,5,0,0
143,42,3,0,0
143,42,5,0,0
143,1000042,3,0,0
143,1000042,5,0,0
143,2000042,3,0,0
143,2000042,5,0,0
143,3000042,3,0,0
143,3000042,5,0,0
143,4000042,3,0,0
143,4000042,5,0,0
143,5000042,3,0,0
143,5000042,5,0,0
143,6000042,3,0,0
143,6000042,5,0,0
143,7000042,3,0,0
143,7000042,5,0,0
143,8000042,3,0,0
143,8000042,5,0,0
143,9000042,3,0,0
143,9000042,5,0,0
144,42,3,0,0
144,42,5,0,0
144,1000042,3,0,0
144,1000042,5,0,0
144,2000042,3,0,0
144,2000042,5,0,0
144,3000042,3,0,0
144,3000042,5,0,0
144,4000042,3,0,0
144,4000042,5,0,0
144,5000042,3,0,0
144,5000042,5,0,0
144,6000042,3,0,0
144,6000042,5,0,0
144,7000042,3,0,0
144,7000042,5,0,0
144,8000042,3,0,0
144,8000042,5,0,0
144,9000042,3,0,0
144,9000042,5,0,0
145,42,3,0,0
145,42,5,0,0
145,1000042,3,0,0
145,1000042,5,0,0
145,2000042,3,0,0
145,2000042,5,0,0
145,3000042,3,0,0
145,3000042,5,0,0
145,4000042,3,0,0
145,4000042,5,0,0
145,5000042,3,0,0
145,5000042,5,0,0
145,6000042,3,0,0
145,6000042,5,0,0
145,7000042,3,0,0
145,7000042,5,0,0
145,8000042,3,0,0
145,8000042,5,0,0
145,9000042,3,0,0
145,9000042,5,0,0
146,42,3,0,0
146,42,5,0,0
146,1000042,3,0,0
146,1000042,5,0,0
146,2000042,3,0,0
146,2000042,5,0,0
146,3000042,3,0,0
146,3000042,5,0,0
146,4000042,3,0,0
146,4000042,5,0,0
146,5000042,3,0,0
146,5000042,5,0,0
146,6000042,3,0,0
146,6000042,5,0,0
146,7000042,3,0,0
146,7000042,5,0,0
146,8000042,3,0,0
146,8000042,5,0,0
146,9000042,3,0,0
146,9000042,5,0,0
147,42,3,0,0
147,42,5,0,0
147,1000042,3,0,0
147,1000042,5,0,0
147,2000042,3,0,0
147,2000042,5,0,0
147,3000042,3,0,0
147,3000042,5,0,0
147,4000042,3,0,0
147,4000042,5,0,0
147,5000042,3,0,0
147,5000042,5,0,0
147,6000042,3,0,0
147,6000042,5,0,0
147,7000042,3,0,0
147,7000042,5,0,0
147,8000042,3,0,0
147,8000042,5,0,0
147,9000042,3,0,0
147,9000042,5,0,0
148,42,3,0,0
148,42,5,0,0
148,1000042,3,0,0
148,1000042,5,0,0
148,2000042,3,0,0
148,2000042,5,0,0
148,3000042,3,0,0
148,3000042,5,0,0
148,4000042,3,0,0
148,4000042,5,0,0
148,5000042,3,0,0
148,5000042,5,0,0
148,6000042,3,0,0
148,6000042,5,0,0
148,7000042,3,0,0
148,7000042,5,0,0
148,8000042,3,0,0
148,8000042,5,0,0
148,9000042,3,0,0
148,9000042,5,0,0
149,42,3,0,0
149,42,5,0,0
149,1000042,3,0,0
149,1000042,5,0,0
149,2000042,3,0,0
149,2000042,5,0,0
149,3000042,3,0,0
149,3000042,5,0,0
149,4000042,3,0,0
149,4000042,5,0,0
149,5000042,3,0,0
149,5000042,5,0,0
149,6000042,3,0,0
149,6000042,5,0,0
149,7000042,3,0,0
149,7000042,5,0,0
149,8000042,3,0,0
149,8000042,5,0,0
149,9000042,3,0,0
149,9000042,5,0,0
150,42,3,0,0
150,42,5,0,0
150,1000042,3,0,0
150,1000042,5,0,0
150,2000042,3,0,0
150,2000042,5,0,0
150,3000042,3,0,0
150,3000042,5,0,0
150,4000042,3,0,0
150,4000042,5,0,0
150,5000042,3,0,0
150,5000042,5,0,0
150,6000042,3,0,0
150,6000042,5,0,0
150,7000042,3,0,0
150,7000042,5,0,0
150,8000042,3,0,0
150,8000042,5,0,0
150,9000042,3,0,0
150,9000042,5,0,0
151,42,3,0,0
151,42,5,0,0
151,1000042,3,0,0
151,1000042,5,0,0
151,2000042,3,0,0
151,2000042,5,0,0
151,3000042,3,0,0
151,3000042,5,0,0
151,4000042,3,0,0
151,4000042,5,0,0
151,5000042,3,0,0
151,5000042,5,0,0
151,6000042,3,0,0
151,6000042,5,0,0
151,7000042,3,0,0
151,7000042,5,0,0
151,8000042,3,0,0
151,8000042,5,0,0
151,9000042,3,0,0
151,9000042,5,0,0
152,42,3,0,0
152,42,5,0,0
152,1000042,3,0,0
152,1000042,5,0,0
152,2000042,3,0,0
152,2000042,5,0,0
152,3000042,3,0,0
152,3000042,5,0,0
152,4000042,3,0,0
152,4000042,5,0,0
152,5000042,3,0,0
152,5000042,5,0,0
152,6000042,3,0,0
152,6000042,5,0,0
152,7000042,3,0,0
152,7000042,5,0,0
152,8000042,3,0,0
152,8000042,5,0,0
152,9000042,3,0,0
152,9000042,5,0,0
153,42,3,0,0
153,42,5,0,0
153,1000042,3,0,0
153,1000042,5,0,0
153,2000042,3,0,0
153,2000042,5,0,0
153,3000042,3,0,0
153,3000042,5,0,0
153,4000042,3,0,0
153,4000042,5,0,0
153,5000042,3,0,0
153,5000042,5,0,0
153,6000042,3,0,0
153,6000042,5,0,0
153,7000042,3,0,0
153,7000042,5,0,0
153,8000042,3,0,0
153,8000042,5,0,0
153,9000042,3,0,0
153,9000042,5,0,0
154,42,3,0,0
154,42,5,0,0
154,1000042,3,0,0
154,1000042,5,0,0
154,2000042,3,0,0
154,2000042,5,0,0
154,3000042,3,0,0
154,3000042,5,0,0
154,4000042,3,0,0
154,4000042,5,0,0
154,5000042,3,0,0
154,5000042,5,0,0
154,6000042,3,0,0
154,6000042,5,0,0
154,7000042,3,0,0
154,7000042,5,0,0
154,8000042,3,0,0
154,8000042,5,0,0
154,9000042,3,0,0
154,9000042,5,0,0
155,42,3,0,0
155,42,5,0,0
155,1000042,3,0,0
155,1000042,5,0,0
155,2000042,3,0,0
155,2000042,5,0,0
155,3000042,3,0,0
155,3000042,5,0,0
155,4000042,3,0,0
155,4000042,5,0,0
155,5000042,3,0,0
155,5000042,5,0,0
155,6000042,3,0,0
155,6000042,5,0,0
155,7000042,3,0,0
155,7000042,5,0,0
155,8000042,3,0,0
155,8000042,5,0,0
155,9000042,3,0,0
155,9000042,5,0,0
156,42,3,0,0
156,42,5,0,0
156,1000042,3,0,0
156,1000042,5,0,0
156,2000042,3,0,0
156,2000042,5,0,0
156,3000042,3,0,0
156,3000042,5,0,0
156,4000042,3,0,0
156,4000042,5,0,0
156,5000042,3,0,0
156,5000042,5,0,0
156,6000042,3,0,0
156,6000042,5,0,0
156,7000042,3,0,0
156,7000042,5,0,0
156,8000042,3,0,0
156,8000042,5,0,0
156,9000042,3,0,0
156,9000042,5,0,0
157,42,3,0,0
157,42,5,0,0
157,1000042,3,0,0
157,1000042,5,0,0
157,2000042,3,0,0
157,2000042,5,0,0
157,3000042,3,0,0
157,3000042,5,0,0
157,4000042,3,0,0
157,4000042,5,0,0
157,5000042,3,0,0
157,5000042,5,0,0
157,6000042,3,0,0
157,6000042,5,0,0
157,7000042,3,0,0
157,7000042,5,0,0
157,8000042,3,0,0
157,8000042,5,0,0
157,9000042,3,0,0
157,9000042,5,0,0
158,42,3,0,0
158,42,5,0,0
158,1000042,3,0,0
158,1000042,5,0,0
158,2000042,3,0,0
158,2000042,5,0,0
158,3000042,3,0,0
158,3000042,5,0,0
158,4000042,3,0,0
158,4000042,5,0,0
158,5000042,3,0,0
158,5000042,5,0,0
158,6000042,3,0,0
158,6000042,5,0,0
158,7000042,3,0,0
158,7000042,5,0,0
158,8000042,3,0,0
158,8000042,5,0,0
158,9000042,3,0,0
158,9000042,5,0,0
159,42,3,0,0
159,42,5,0,0
159,1000042,3,0,0
159,1000042,5,0,0
159,2000042,3,0,0
159,2000042,5,0,0
159,3000042,3,0,0
159,3000042,5,0,0
159,4000042,3,0,0
159,4000042,5,0,0
159,5000042,3,0,0
159,5000042,5,0,0
159,6000042,3,0,0
159,6000042,5,0,0
159,7000042,3,0,0
159,7000042,5,0,0
159,8000042,3,0,0
159,8000042,5,0,0
159,9000042,3,0,0
159,9000042,5,0,0
160,42,3,0,0
160,42,5,0,0
160,1000042,3,0,0
160,1000042,5,0,0
160,2000042,3,0,0
160,2000042,5,0,0
160,3000042,3,0,0
160,3000042,5,0,0
160,4000042,3,0,0
160,4000042,5,0,0
160,5000042,3,0,0
160,5000042,5,0,0
160,6000042,3,0,0
160,6000042,5,0,0
160,7000042,3,0,0
160,7000042,5,0,0
160,8000042,3,0,0
160,8000042,5,0,0
160,9000042,3,0,0
160,9000042,5,0,0
161,42,3,0,0
161,42,5,0,0
161,1000042,3,0,0
161,1000042,5,0,0
161,2000042,3,0,0
161,2000042,5,0,0
161,3000042,3,0,0
161,3000042,5,0,0
161,4000042,3,0,0
161,4000042,5,0,0
161,5000042,3,0,0
161,5000042,5,0,0
161,6000042,3,0,0
161,6000042,5,0,0
161,7000042,3,0,0
161,7000042,5,0,0
161,8000042,3,0,0
161,8000042,5,0,0
161,9000042,3,0,0
161,9000042,5,0,0
162,42,3,0,0
162,42,5,0,0
162,1000042,3,0,0
162,1000042,5,0,0
162,2000042,3,0,0
162,2000042,5,0,0
162,3000042,3,0,0
162,3000042,5,0,0
162,4000042,3,0,0
162,4000042,5,0,0
162,5000042,3,0,0
162,5000042,5,0,0
162,6000042,3,0,0
162,6000042,5,0,0
162,7000042,3,0,0
162,7000042,5,0,0
162,8000042,3,0,0
162,8000042,5,0,0
162,9000042,3,0,0
162,9000042,5,0,0
163,42,3,0,0
163,42,5,0,0
163,1000042,3,0,0
163,1000042,5,0,0
163,2000042,3,0,0
163,2000042,5,0,0
163,3000042,3,0,0
163,3000042,5,0,0
163,4000042,3,0,0
163,4000042,5,0,0
163,5000042,3,0,0
163,5000042,5,0,0
163,6000042,3,0,0
163,6000042,5,0,0
163,7000042,3,0,0
163,7000042,5,0,0
163,8000042,3,0,0
163,8000042,5,0,0
163,9000042,3,0,0
163,9000042,5,0,0
164,42,3,0,0
164,42,5,0,0
164,1000042,3,0,0
164,1000042,5,0,0
164,2000042,3,0,0
164,2000042,5,0,0
164,3000042,3,0,0
164,3000042,5,0,0
164,4000042,3,0,0
164,4000042,5,0,0
164,5000042,3,0,0
164,5000042,5,0,0
164,6000042,3,0,0
164,6000042,5,0,0
164,7000042,3,0,0
164,7000042,5,0,0
164,8000042,3,0,0
164,8000042,5,0,0
164,9000042,3,0,0
164,9000042,5,0,0
165,42,3,0,0
165,42,5,0,0
165,1000042,3,0,0
165,1000042,5,0,0
165,2000042,3,0,0
165,2000042,5,0,0
165,3000042,3,0,0
165,3000042,5,0,0
165,4000042,3,0,0
165,4000042,5,0,0
165,5000042,3,0,0
165,5000042,5,0,0
165,6000042,3,0,0
165,6000042,5,0,0
165,7000042,3,0,0
165,7000042,5,0,0
165,8000042,3,0,0
165,8000042,5,0,0
165,9000042,3,0,0
165,9000042,5,0,0
166,42,3,0,0
166,42,5,0,0
166,1000042,3,0,0
166,1000042,5,0,0
166,2000042,3,0,0
166,2000042,5,0,0
166,3000042,3,0,0
166,3000042,5,0,0
166,4000042,3,0,0
166,4000042,5,0,0
166,5000042,3,0,0
166,5000042,5,0,0
166,6000042,3,0,0
166,6000042,5,0,0
166,7000042,3,0,0
166,7000042,5,0,0
166,8000042,3,0,0
166,8000042,5,0,0
166,9000042,3,0,0
166,9000042,5,0,0
167,42,3,0,0
167,42,5,0,0
167,1000042,3,0,0
167,1000042,5,0,0
167,2000042,3,0,0
167,2000042,5,0,0
167,3000042,3,0,0
167,3000042,5,0,0
167,4000042,3,0,0
167,4000042,5,0,0
167,5000042,3,0,0
167,5000042,5,0,0
167,6000042,3,0,0
167,6000042,5,0,0
167,7000042,3,0,0
167,7000042,5,0,0
167,8000042,3,0,0
167,8000042,5,0,0
167,9000042,3,0,0
167,9000042,5,0,0
168,42,3,0,0
168,42,5,0,0
168,1000042,3,0,0
168,1000042,5,0,0
168,2000042,3,0,0
168,2000042,5,0,0
168,3000042,3,0,0
168,3000042,5,0,0
168,4000042,3,0,0
168,4000042,5,0,0
168,5000042,3,0,0
168,5000042,5,0,0
168,6000042,3,0,0
168,6000042,5,0,0
168,7000042,3,0,0
168,7000042,5,0,0
168,8000042,3,0,0
168,8000042,5,0,0
168,9000042,3,0,0
168,9000042,5,0,0
169,42,3,0,0
169,42,5,0,0
169,1000042,3,0,0
169,1000042,5,0,0
169,2000042,3,0,0
169,2000042,5,0,0
169,3000042,3,0,0
169,3000042,5,0,0
169,4000042,3,0,0
169,4000042,5,0,0
169,5000042,3,0,0
169,5000042,5,0,0
169,6000042,3,0,0
169,6000042,5,0,0
169,7000042,3,0,0
169,7000042,5,0,0
169,8000042,3,0,0
169,8000042,5,0,0
169,9000042,3,0,0
169,9000042,5,0,0
170,42,3,0,0
170,42,5,0,0
170,1000042,3,0,0
170,1000042,5,0,0
170,2000042,3,0,0
170,2000042,5,0,0
170,3000042,3,0,0
170,3000042,5,0,0
170,4000042,3,0,0
170,4000042,5,0,0
170,5000042,3,0,0
170,5000042,5,0,0
170,6000042,3,0,0
170,6000042,5,0,0
170,7000042,3,0,0
170,7000042,5,0,0
170,8000042,3,0,0
170,8000042,5,0,0
170,9000042,3,0,0
170,9000042,5,0,0
171,42,3,0,0
171,42,5,0,0
171,1000042,3,0,0
171,1000042,5,0,0
171,2000042,3,0,0
171,2000042,5,0,0
171,3000042,3,0,0
171,3000042,5,0,0
171,4000042,3,0,0
171,4000042,5,0,0
171,5000042,3,0,0
171,5000042,5,0,0
171,6000042,3,0,0
171,6000042,5,0,0
171,7000042,3,0,0
171,7000042,5,0,0
171,8000042,3,0,0
171,8000042,5,0,0
171,9000042,3,0,0
171,9000042,5,0,0
172,42,3,0,0
172,42,5,0,0
172,1000042,3,0,0
172,1000042,5,0,0
172,2000042,3,0,0
172,2000042,5,0,0
172,3000042,3,0,0
172,3000042,5,0,0
172,4000042,3,0,0
172,4000042,5,0,0
172,5000042,3,0,0
172,5000042,5,0,0
172,6000042,3,0,0
172,6000042,5,0,0
172,7000042,3,0,0
172,7000042,5,0,0
172,8000042,3,0,0
172,8000042,5,0,0
172,9000042,3,0,0
172,9000042,5,0,0
173,42,3,0,0
173,42,5,0,0
173,1000042,3,0,0
173,1000042,5,0,0
173,2000042,3,0,0
173,2000042,5,0,0
173,3000042,3,0,0
173,3000042,5,0,0
173,4000042,3,0,0
173,4000042,5,0,0
173,5000042,3,0,0
173,5000042,5,0,0
173,6000042,3,0,0
173,6000042,5,0,0
173,7000042,3,0,0
173,7000042,5,0,0
173,8000042,3,0,0
173,8000042,5,0,0
173,9000042,3,0,0
173,9000042,5,0,0
174,42,3,0,0
174,42,5,0,0
174,1000042,3,0,0
174,1000042,5,0,0
174,2000042,3,0,0
174,2000042,5,0,0
174,3000042,3,0,0
174,3000042,5,0,0
174,4000042,3,0,0
174,4000042,5,0,0
174,5000042,3,0,0
174,5000042,5,0,0
174,6000042,3,0,0
174,6000042,5,0,0
174,7000042,3,0,0
174,7000042,5,0,0
174,8000042,3,0,0
174,8000042,5,0,0
174,9000042,3,0,0
174,9000042,5,0,0
175,42,3,0,0
175,42,5,0,0
175,1000042,3,0,0
175,1000042,5,0,0
175,2000042,3,0,0
175,2000042,5,0,0
175,3000042,3,0,0
175,3000042,5,0,0
175,4000042,3,0,0
175,4000042,5,0,0
175,5000042,3,0,0
175,5000042,5,0,0
175,6000042,3,0,0
175,6000042,5,0,0
175,7000042,3,0,0
175,7000042,5,0,0
175,8000042,3,0,0
175,8000042,5,0,0
175,9000042,3,0,0
175,9000042,5,0,0
