hog_graph_index,sdp_seed,present_p,missing_cached_p
54,42,"[1, 3]",[5]
54,1000042,"[1, 3]",[5]
54,2000042,"[1, 3]",[5]
54,3000042,[1],"[3, 5]"
54,4000042,[1],"[3, 5]"
54,5000042,[1],"[3, 5]"
54,6000042,[1],"[3, 5]"
54,7000042,[1],"[3, 5]"
54,8000042,[1],"[3, 5]"
54,9000042,[1],"[3, 5]"
55,42,[1],"[3, 5]"
55,1000042,[1],"[3, 5]"
55,2000042,[1],"[3, 5]"
55,3000042,[1],"[3, 5]"
55,4000042,[1],"[3, 5]"
55,5000042,[1],"[3, 5]"
55,6000042,[1],"[3, 5]"
55,7000042,[1],"[3, 5]"
55,8000042,[1],"[3, 5]"
55,9000042,[1],"[3, 5]"
56,42,[1],"[3, 5]"
56,1000042,[1],"[3, 5]"
56,2000042,[1],"[3, 5]"
56,3000042,[1],"[3, 5]"
56,4000042,[1],"[3, 5]"
56,5000042,[1],"[3, 5]"
56,6000042,[1],"[3, 5]"
56,7000042,[1],"[3, 5]"
56,8000042,[1],"[3, 5]"
56,9000042,[1],"[3, 5]"
57,42,[1],"[3, 5]"
57,1000042,[1],"[3, 5]"
57,2000042,[1],"[3, 5]"
57,3000042,[1],"[3, 5]"
57,4000042,[1],"[3, 5]"
57,5000042,[1],"[3, 5]"
57,6000042,[1],"[3, 5]"
57,7000042,[1],"[3, 5]"
57,8000042,[1],"[3, 5]"
57,9000042,[1],"[3, 5]"
58,42,[1],"[3, 5]"
58,1000042,[1],"[3, 5]"
58,2000042,[1],"[3, 5]"
58,3000042,[1],"[3, 5]"
58,4000042,[1],"[3, 5]"
58,5000042,[1],"[3, 5]"
58,6000042,[1],"[3, 5]"
58,7000042,[1],"[3, 5]"
58,8000042,[1],"[3, 5]"
58,9000042,[1],"[3, 5]"
59,42,[1],"[3, 5]"
59,1000042,[1],"[3, 5]"
59,2000042,[1],"[3, 5]"
59,3000042,[1],"[3, 5]"
59,4000042,[1],"[3, 5]"
59,5000042,[1],"[3, 5]"
59,6000042,[1],"[3, 5]"
59,7000042,[1],"[3, 5]"
59,8000042,[1],"[3, 5]"
59,9000042,[1],"[3, 5]"
60,42,[1],"[3, 5]"
60,1000042,[1],"[3, 5]"
60,2000042,[1],"[3, 5]"
60,3000042,[1],"[3, 5]"
60,4000042,[1],"[3, 5]"
60,5000042,[1],"[3, 5]"
60,6000042,[1],"[3, 5]"
60,7000042,[1],"[3, 5]"
60,8000042,[1],"[3, 5]"
60,9000042,[1],"[3, 5]"
61,42,[1],"[3, 5]"
61,1000042,[1],"[3, 5]"
61,2000042,[1],"[3, 5]"
61,3000042,[1],"[3, 5]"
61,4000042,[1],"[3, 5]"
61,5000042,[1],"[3, 5]"
61,6000042,[1],"[3, 5]"
61,7000042,[1],"[3, 5]"
61,8000042,[1],"[3, 5]"
61,9000042,[1],"[3, 5]"
62,42,[1],"[3, 5]"
62,1000042,[1],"[3, 5]"
62,2000042,[1],"[3, 5]"
62,3000042,[1],"[3, 5]"
62,4000042,[1],"[3, 5]"
62,5000042,[1],"[3, 5]"
62,6000042,[1],"[3, 5]"
62,7000042,[1],"[3, 5]"
62,8000042,[1],"[3, 5]"
62,9000042,[1],"[3, 5]"
63,42,[1],"[3, 5]"
63,1000042,[1],"[3, 5]"
63,2000042,[1],"[3, 5]"
63,3000042,[1],"[3, 5]"
63,4000042,[1],"[3, 5]"
63,5000042,[1],"[3, 5]"
63,6000042,[1],"[3, 5]"
63,7000042,[1],"[3, 5]"
63,8000042,[1],"[3, 5]"
63,9000042,[1],"[3, 5]"
64,42,[1],"[3, 5]"
64,1000042,[1],"[3, 5]"
64,2000042,[1],"[3, 5]"
64,3000042,[1],"[3, 5]"
64,4000042,[1],"[3, 5]"
64,5000042,[1],"[3, 5]"
64,6000042,[1],"[3, 5]"
64,7000042,[1],"[3, 5]"
64,8000042,[1],"[3, 5]"
64,9000042,[1],"[3, 5]"
65,42,[1],"[3, 5]"
65,1000042,[1],"[3, 5]"
65,2000042,[1],"[3, 5]"
65,3000042,[1],"[3, 5]"
65,4000042,[1],"[3, 5]"
65,5000042,[1],"[3, 5]"
65,6000042,[1],"[3, 5]"
65,7000042,[1],"[3, 5]"
65,8000042,[1],"[3, 5]"
65,9000042,[1],"[3, 5]"
66,42,[1],"[3, 5]"
66,1000042,[1],"[3, 5]"
66,2000042,[1],"[3, 5]"
66,3000042,[1],"[3, 5]"
66,4000042,[1],"[3, 5]"
66,5000042,[1],"[3, 5]"
66,6000042,[1],"[3, 5]"
66,7000042,[1],"[3, 5]"
66,8000042,[1],"[3, 5]"
66,9000042,[1],"[3, 5]"
67,42,[1],"[3, 5]"
67,1000042,[1],"[3, 5]"
67,2000042,[1],"[3, 5]"
67,3000042,[1],"[3, 5]"
67,4000042,[1],"[3, 5]"
67,5000042,[1],"[3, 5]"
67,6000042,[1],"[3, 5]"
67,7000042,[1],"[3, 5]"
67,8000042,[1],"[3, 5]"
67,9000042,[1],"[3, 5]"
68,42,[1],"[3, 5]"
68,1000042,[1],"[3, 5]"
68,2000042,[1],"[3, 5]"
68,3000042,[1],"[3, 5]"
68,4000042,[1],"[3, 5]"
68,5000042,[1],"[3, 5]"
68,6000042,[1],"[3, 5]"
68,7000042,[1],"[3, 5]"
68,8000042,[1],"[3, 5]"
68,9000042,[1],"[3, 5]"
69,42,[1],"[3, 5]"
69,1000042,[1],"[3, 5]"
69,2000042,[1],"[3, 5]"
69,3000042,[1],"[3, 5]"
69,4000042,[1],"[3, 5]"
69,5000042,[1],"[3, 5]"
69,6000042,[1],"[3, 5]"
69,7000042,[1],"[3, 5]"
69,8000042,[1],"[3, 5]"
69,9000042,[1],"[3, 5]"
70,42,[1],"[3, 5]"
70,1000042,[1],"[3, 5]"
70,2000042,[1],"[3, 5]"
70,3000042,[1],"[3, 5]"
70,4000042,[1],"[3, 5]"
70,5000042,[1],"[3, 5]"
70,6000042,[1],"[3, 5]"
70,7000042,[1],"[3, 5]"
70,8000042,[1],"[3, 5]"
70,9000042,[1],"[3, 5]"
71,42,[1],"[3, 5]"
71,1000042,[1],"[3, 5]"
71,2000042,[1],"[3, 5]"
71,3000042,[1],"[3, 5]"
71,4000042,[1],"[3, 5]"
71,5000042,[1],"[3, 5]"
71,6000042,[1],"[3, 5]"
71,7000042,[1],"[3, 5]"
71,8000042,[1],"[3, 5]"
71,9000042,[1],"[3, 5]"
72,42,[1],"[3, 5]"
72,1000042,[1],"[3, 5]"
72,2000042,[1],"[3, 5]"
72,3000042,[1],"[3, 5]"
72,4000042,[1],"[3, 5]"
72,5000042,[1],"[3, 5]"
72,6000042,[1],"[3, 5]"
72,7000042,[1],"[3, 5]"
72,8000042,[1],"[3, 5]"
72,9000042,[1],"[3, 5]"
73,42,[1],"[3, 5]"
73,1000042,[1],"[3, 5]"
73,2000042,[1],"[3, 5]"
73,3000042,[1],"[3, 5]"
73,4000042,[1],"[3, 5]"
73,5000042,[1],"[3, 5]"
73,6000042,[1],"[3, 5]"
73,7000042,[1],"[3, 5]"
73,8000042,[1],"[3, 5]"
73,9000042,[1],"[3, 5]"
74,42,[1],"[3, 5]"
74,1000042,[1],"[3, 5]"
74,2000042,[1],"[3, 5]"
74,3000042,[1],"[3, 5]"
74,4000042,[1],"[3, 5]"
74,5000042,[1],"[3, 5]"
74,6000042,[1],"[3, 5]"
74,7000042,[1],"[3, 5]"
74,8000042,[1],"[3, 5]"
74,9000042,[1],"[3, 5]"
75,42,[1],"[3, 5]"
75,1000042,[1],"[3, 5]"
75,2000042,[1],"[3, 5]"
75,3000042,[1],"[3, 5]"
75,4000042,[1],"[3, 5]"
75,5000042,[1],"[3, 5]"
75,6000042,[1],"[3, 5]"
75,7000042,[1],"[3, 5]"
75,8000042,[1],"[3, 5]"
75,9000042,[1],"[3, 5]"
76,42,[1],"[3, 5]"
76,1000042,[1],"[3, 5]"
76,2000042,[1],"[3, 5]"
76,3000042,[1],"[3, 5]"
76,4000042,[1],"[3, 5]"
76,5000042,[1],"[3, 5]"
76,6000042,[1],"[3, 5]"
76,7000042,[1],"[3, 5]"
76,8000042,[1],"[3, 5]"
76,9000042,[1],"[3, 5]"
77,42,[1],"[3, 5]"
77,1000042,[1],"[3, 5]"
77,2000042,[1],"[3, 5]"
77,3000042,[1],"[3, 5]"
77,4000042,[1],"[3, 5]"
77,5000042,[1],"[3, 5]"
77,6000042,[1],"[3, 5]"
77,7000042,[1],"[3, 5]"
77,8000042,[1],"[3, 5]"
77,9000042,[1],"[3, 5]"
78,42,[1],"[3, 5]"
78,1000042,[1],"[3, 5]"
78,2000042,[1],"[3, 5]"
78,3000042,[1],"[3, 5]"
78,4000042,[1],"[3, 5]"
78,5000042,[1],"[3, 5]"
78,6000042,[1],"[3, 5]"
78,7000042,[1],"[3, 5]"
78,8000042,[1],"[3, 5]"
78,9000042,[1],"[3, 5]"
79,42,[1],"[3, 5]"
79,1000042,[1],"[3, 5]"
79,2000042,[1],"[3, 5]"
79,3000042,[1],"[3, 5]"
79,4000042,[1],"[3, 5]"
79,5000042,[1],"[3, 5]"
79,6000042,[1],"[3, 5]"
79,7000042,[1],"[3, 5]"
79,8000042,[1],"[3, 5]"
79,9000042,[1],"[3, 5]"
80,42,[1],"[3, 5]"
80,1000042,[1],"[3, 5]"
80,2000042,[1],"[3, 5]"
80,3000042,[1],"[3, 5]"
80,4000042,[1],"[3, 5]"
80,5000042,[1],"[3, 5]"
80,6000042,[1],"[3, 5]"
80,7000042,[1],"[3, 5]"
80,8000042,[1],"[3, 5]"
80,9000042,[1],"[3, 5]"
81,42,[1],"[3, 5]"
81,1000042,[1],"[3, 5]"
81,2000042,[1],"[3, 5]"
81,3000042,[1],"[3, 5]"
81,4000042,[1],"[3, 5]"
81,5000042,[1],"[3, 5]"
81,6000042,[1],"[3, 5]"
81,7000042,[1],"[3, 5]"
81,8000042,[1],"[3, 5]"
81,9000042,[1],"[3, 5]"
82,42,[1],"[3, 5]"
82,1000042,[1],"[3, 5]"
82,2000042,[1],"[3, 5]"
82,3000042,[1],"[3, 5]"
82,4000042,[1],"[3, 5]"
82,5000042,[1],"[3, 5]"
82,6000042,[1],"[3, 5]"
82,7000042,[1],"[3, 5]"
82,8000042,[1],"[3, 5]"
82,9000042,[1],"[3, 5]"
83,42,[1],"[3, 5]"
83,1000042,[1],"[3, 5]"
83,2000042,[1],"[3, 5]"
83,3000042,[1],"[3, 5]"
83,4000042,[1],"[3, 5]"
83,5000042,[1],"[3, 5]"
83,6000042,[1],"[3, 5]"
83,7000042,[1],"[3, 5]"
83,8000042,[1],"[3, 5]"
83,9000042,[1],"[3, 5]"
84,42,[1],"[3, 5]"
84,1000042,[1],"[3, 5]"
84,2000042,[1],"[3, 5]"
84,3000042,[1],"[3, 5]"
84,4000042,[1],"[3, 5]"
84,5000042,[1],"[3, 5]"
84,6000042,[1],"[3, 5]"
84,7000042,[1],"[3, 5]"
84,8000042,[1],"[3, 5]"
84,9000042,[1],"[3, 5]"
85,42,[1],"[3, 5]"
85,1000042,[1],"[3, 5]"
85,2000042,[1],"[3, 5]"
85,3000042,[1],"[3, 5]"
85,4000042,[1],"[3, 5]"
85,5000042,[1],"[3, 5]"
85,6000042,[1],"[3, 5]"
85,7000042,[1],"[3, 5]"
85,8000042,[1],"[3, 5]"
85,9000042,[1],"[3, 5]"
86,42,[1],"[3, 5]"
86,1000042,[1],"[3, 5]"
86,2000042,[1],"[3, 5]"
86,3000042,[1],"[3, 5]"
86,4000042,[1],"[3, 5]"
86,5000042,[1],"[3, 5]"
86,6000042,[1],"[3, 5]"
86,7000042,[1],"[3, 5]"
86,8000042,[1],"[3, 5]"
86,9000042,[1],"[3, 5]"
87,42,[1],"[3, 5]"
87,1000042,[1],"[3, 5]"
87,2000042,[1],"[3, 5]"
87,3000042,[1],"[3, 5]"
87,4000042,[1],"[3, 5]"
87,5000042,[1],"[3, 5]"
87,6000042,[1],"[3, 5]"
87,7000042,[1],"[3, 5]"
87,8000042,[1],"[3, 5]"
87,9000042,[1],"[3, 5]"
88,42,[1],"[3, 5]"
88,1000042,[1],"[3, 5]"
88,2000042,[1],"[3, 5]"
88,3000042,[1],"[3, 5]"
88,4000042,[1],"[3, 5]"
88,5000042,[1],"[3, 5]"
88,6000042,[1],"[3, 5]"
88,7000042,[1],"[3, 5]"
88,8000042,[1],"[3, 5]"
88,9000042,[1],"[3, 5]"
89,42,[1],"[3, 5]"
89,1000042,[1],"[3, 5]"
89,2000042,[1],"[3, 5]"
89,3000042,[1],"[3, 5]"
89,4000042,[1],"[3, 5]"
89,5000042,[1],"[3, 5]"
89,6000042,[1],"[3, 5]"
89,7000042,[1],"[3, 5]"
89,8000042,[1],"[3, 5]"
89,9000042,[1],"[3, 5]"
90,42,[1],"[3, 5]"
90,1000042,[1],"[3, 5]"
90,2000042,[1],"[3, 5]"
90,3000042,[1],"[3, 5]"
90,4000042,[1],"[3, 5]"
90,5000042,[1],"[3, 5]"
90,6000042,[1],"[3, 5]"
90,7000042,[1],"[3, 5]"
90,8000042,[1],"[3, 5]"
90,9000042,[1],"[3, 5]"
91,42,[1],"[3, 5]"
91,1000042,[1],"[3, 5]"
91,2000042,[1],"[3, 5]"
91,3000042,[1],"[3, 5]"
91,4000042,[1],"[3, 5]"
91,5000042,[1],"[3, 5]"
91,6000042,[1],"[3, 5]"
91,7000042,[1],"[3, 5]"
91,8000042,[1],"[3, 5]"
91,9000042,[1],"[3, 5]"
92,42,[1],"[3, 5]"
92,1000042,[1],"[3, 5]"
92,2000042,[1],"[3, 5]"
92,3000042,[1],"[3, 5]"
92,4000042,[1],"[3, 5]"
92,5000042,[1],"[3, 5]"
92,6000042,[1],"[3, 5]"
92,7000042,[1],"[3, 5]"
92,8000042,[1],"[3, 5]"
92,9000042,[1],"[3, 5]"
93,42,[1],"[3, 5]"
93,1000042,[1],"[3, 5]"
93,2000042,[1],"[3, 5]"
93,3000042,[1],"[3, 5]"
93,4000042,[1],"[3, 5]"
93,5000042,[1],"[3, 5]"
93,6000042,[1],"[3, 5]"
93,7000042,[1],"[3, 5]"
93,8000042,[1],"[3, 5]"
93,9000042,[1],"[3, 5]"
94,42,[1],"[3, 5]"
94,1000042,[1],"[3, 5]"
94,2000042,[1],"[3, 5]"
94,3000042,[1],"[3, 5]"
94,4000042,[1],"[3, 5]"
94,5000042,[1],"[3, 5]"
94,6000042,[1],"[3, 5]"
94,7000042,[1],"[3, 5]"
94,8000042,[1],"[3, 5]"
94,9000042,[1],"[3, 5]"
95,42,[1],"[3, 5]"
95,1000042,[1],"[3, 5]"
95,2000042,[1],"[3, 5]"
95,3000042,[1],"[3, 5]"
95,4000042,[1],"[3, 5]"
95,5000042,[1],"[3, 5]"
95,6000042,[1],"[3, 5]"
95,7000042,[1],"[3, 5]"
95,8000042,[1],"[3, 5]"
95,9000042,[1],"[3, 5]"
96,42,[1],"[3, 5]"
96,1000042,[1],"[3, 5]"
96,2000042,[1],"[3, 5]"
96,3000042,[1],"[3, 5]"
96,4000042,[1],"[3, 5]"
96,5000042,[1],"[3, 5]"
96,6000042,[1],"[3, 5]"
96,7000042,[1],"[3, 5]"
96,8000042,[1],"[3, 5]"
96,9000042,[1],"[3, 5]"
97,42,[1],"[3, 5]"
97,1000042,[1],"[3, 5]"
97,2000042,[1],"[3, 5]"
97,3000042,[1],"[3, 5]"
97,4000042,[1],"[3, 5]"
97,5000042,[1],"[3, 5]"
97,6000042,[1],"[3, 5]"
97,7000042,[1],"[3, 5]"
97,8000042,[1],"[3, 5]"
97,9000042,[1],"[3, 5]"
98,42,[1],"[3, 5]"
98,1000042,[1],"[3, 5]"
98,2000042,[1],"[3, 5]"
98,3000042,[1],"[3, 5]"
98,4000042,[1],"[3, 5]"
98,5000042,[1],"[3, 5]"
98,6000042,[1],"[3, 5]"
98,7000042,[1],"[3, 5]"
98,8000042,[1],"[3, 5]"
98,9000042,[1],"[3, 5]"
99,42,[1],"[3, 5]"
99,1000042,[1],"[3, 5]"
99,2000042,[1],"[3, 5]"
99,3000042,[1],"[3, 5]"
99,4000042,[1],"[3, 5]"
99,5000042,[1],"[3, 5]"
99,6000042,[1],"[3, 5]"
99,7000042,[1],"[3, 5]"
99,8000042,[1],"[3, 5]"
99,9000042,[1],"[3, 5]"
100,42,[1],"[3, 5]"
100,1000042,[1],"[3, 5]"
100,2000042,[1],"[3, 5]"
100,3000042,[1],"[3, 5]"
100,4000042,[1],"[3, 5]"
100,5000042,[1],"[3, 5]"
100,6000042,[1],"[3, 5]"
100,7000042,[1],"[3, 5]"
100,8000042,[1],"[3, 5]"
100,9000042,[1],"[3, 5]"
101,42,[1],"[3, 5]"
101,1000042,[1],"[3, 5]"
101,2000042,[1],"[3, 5]"
101,3000042,[1],"[3, 5]"
101,4000042,[1],"[3, 5]"
101,5000042,[1],"[3, 5]"
101,6000042,[1],"[3, 5]"
101,7000042,[1],"[3, 5]"
101,8000042,[1],"[3, 5]"
101,9000042,[1],"[3, 5]"
102,42,[1],"[3, 5]"
102,1000042,[1],"[3, 5]"
102,2000042,[1],"[3, 5]"
102,3000042,[1],"[3, 5]"
102,4000042,[1],"[3, 5]"
102,5000042,[1],"[3, 5]"
102,6000042,[1],"[3, 5]"
102,7000042,[1],"[3, 5]"
102,8000042,[1],"[3, 5]"
102,9000042,[1],"[3, 5]"
103,42,[1],"[3, 5]"
103,1000042,[1],"[3, 5]"
103,2000042,[1],"[3, 5]"
103,3000042,[1],"[3, 5]"
103,4000042,[1],"[3, 5]"
103,5000042,[1],"[3, 5]"
103,6000042,[1],"[3, 5]"
103,7000042,[1],"[3, 5]"
103,8000042,[1],"[3, 5]"
103,9000042,[1],"[3, 5]"
104,42,[1],"[3, 5]"
104,1000042,[1],"[3, 5]"
104,2000042,[1],"[3, 5]"
104,3000042,[1],"[3, 5]"
104,4000042,[1],"[3, 5]"
104,5000042,[1],"[3, 5]"
104,6000042,[1],"[3, 5]"
104,7000042,[1],"[3, 5]"
104,8000042,[1],"[3, 5]"
104,9000042,[1],"[3, 5]"
105,42,[1],"[3, 5]"
105,1000042,[1],"[3, 5]"
105,2000042,[1],"[3, 5]"
105,3000042,[1],"[3, 5]"
105,4000042,[1],"[3, 5]"
105,5000042,[1],"[3, 5]"
105,6000042,[1],"[3, 5]"
105,7000042,[1],"[3, 5]"
105,8000042,[1],"[3, 5]"
105,9000042,[1],"[3, 5]"
106,42,[1],"[3, 5]"
106,1000042,[1],"[3, 5]"
106,2000042,[1],"[3, 5]"
106,3000042,[1],"[3, 5]"
106,4000042,[1],"[3, 5]"
106,5000042,[1],"[3, 5]"
106,6000042,[1],"[3, 5]"
106,7000042,[1],"[3, 5]"
106,8000042,[1],"[3, 5]"
106,9000042,[1],"[3, 5]"
107,42,[1],"[3, 5]"
107,1000042,[1],"[3, 5]"
107,2000042,[1],"[3, 5]"
107,3000042,[1],"[3, 5]"
107,4000042,[1],"[3, 5]"
107,5000042,[1],"[3, 5]"
107,6000042,[1],"[3, 5]"
107,7000042,[1],"[3, 5]"
107,8000042,[1],"[3, 5]"
107,9000042,[1],"[3, 5]"
108,42,[1],"[3, 5]"
108,1000042,[1],"[3, 5]"
108,2000042,[1],"[3, 5]"
108,3000042,[1],"[3, 5]"
108,4000042,[1],"[3, 5]"
108,5000042,[1],"[3, 5]"
108,6000042,[1],"[3, 5]"
108,7000042,[1],"[3, 5]"
108,8000042,[1],"[3, 5]"
108,9000042,[1],"[3, 5]"
109,42,[1],"[3, 5]"
109,1000042,[1],"[3, 5]"
109,2000042,[1],"[3, 5]"
109,3000042,[1],"[3, 5]"
109,4000042,[1],"[3, 5]"
109,5000042,[1],"[3, 5]"
109,6000042,[1],"[3, 5]"
109,7000042,[1],"[3, 5]"
109,8000042,[1],"[3, 5]"
109,9000042,[1],"[3, 5]"
110,42,[1],"[3, 5]"
110,1000042,[1],"[3, 5]"
110,2000042,[1],"[3, 5]"
110,3000042,[1],"[3, 5]"
110,4000042,[1],"[3, 5]"
110,5000042,[1],"[3, 5]"
110,6000042,[1],"[3, 5]"
110,7000042,[1],"[3, 5]"
110,8000042,[1],"[3, 5]"
110,9000042,[1],"[3, 5]"
111,42,[1],"[3, 5]"
111,1000042,[1],"[3, 5]"
111,2000042,[1],"[3, 5]"
111,3000042,[1],"[3, 5]"
111,4000042,[1],"[3, 5]"
111,5000042,[1],"[3, 5]"
111,6000042,[1],"[3, 5]"
111,7000042,[1],"[3, 5]"
111,8000042,[1],"[3, 5]"
111,9000042,[1],"[3, 5]"
112,42,[1],"[3, 5]"
112,1000042,[1],"[3, 5]"
112,2000042,[1],"[3, 5]"
112,3000042,[1],"[3, 5]"
112,4000042,[1],"[3, 5]"
112,5000042,[1],"[3, 5]"
112,6000042,[1],"[3, 5]"
112,7000042,[1],"[3, 5]"
112,8000042,[1],"[3, 5]"
112,9000042,[1],"[3, 5]"
113,42,[1],"[3, 5]"
113,1000042,[1],"[3, 5]"
113,2000042,[1],"[3, 5]"
113,3000042,[1],"[3, 5]"
113,4000042,[1],"[3, 5]"
113,5000042,[1],"[3, 5]"
113,6000042,[1],"[3, 5]"
113,7000042,[1],"[3, 5]"
113,8000042,[1],"[3, 5]"
113,9000042,[1],"[3, 5]"
114,42,[1],"[3, 5]"
114,1000042,[1],"[3, 5]"
114,2000042,[1],"[3, 5]"
114,3000042,[1],"[3, 5]"
114,4000042,[1],"[3, 5]"
114,5000042,[1],"[3, 5]"
114,6000042,[1],"[3, 5]"
114,7000042,[1],"[3, 5]"
114,8000042,[1],"[3, 5]"
114,9000042,[1],"[3, 5]"
115,42,[1],"[3, 5]"
115,1000042,[1],"[3, 5]"
115,2000042,[1],"[3, 5]"
115,3000042,[1],"[3, 5]"
115,4000042,[1],"[3, 5]"
115,5000042,[1],"[3, 5]"
115,6000042,[1],"[3, 5]"
115,7000042,[1],"[3, 5]"
115,8000042,[1],"[3, 5]"
115,9000042,[1],"[3, 5]"
116,42,[1],"[3, 5]"
116,1000042,[1],"[3, 5]"
116,2000042,[1],"[3, 5]"
116,3000042,[1],"[3, 5]"
116,4000042,[1],"[3, 5]"
116,5000042,[1],"[3, 5]"
116,6000042,[1],"[3, 5]"
116,7000042,[1],"[3, 5]"
116,8000042,[1],"[3, 5]"
116,9000042,[1],"[3, 5]"
117,42,[1],"[3, 5]"
117,1000042,[1],"[3, 5]"
117,2000042,[1],"[3, 5]"
117,3000042,[1],"[3, 5]"
117,4000042,[1],"[3, 5]"
117,5000042,[1],"[3, 5]"
117,6000042,[1],"[3, 5]"
117,7000042,[1],"[3, 5]"
117,8000042,[1],"[3, 5]"
117,9000042,[1],"[3, 5]"
118,42,[1],"[3, 5]"
118,1000042,[1],"[3, 5]"
118,2000042,[1],"[3, 5]"
118,3000042,[1],"[3, 5]"
118,4000042,[1],"[3, 5]"
118,5000042,[1],"[3, 5]"
118,6000042,[1],"[3, 5]"
118,7000042,[1],"[3, 5]"
118,8000042,[1],"[3, 5]"
118,9000042,[1],"[3, 5]"
119,42,[1],"[3, 5]"
119,1000042,[1],"[3, 5]"
119,2000042,[1],"[3, 5]"
119,3000042,[1],"[3, 5]"
119,4000042,[1],"[3, 5]"
119,5000042,[1],"[3, 5]"
119,6000042,[1],"[3, 5]"
119,7000042,[1],"[3, 5]"
119,8000042,[1],"[3, 5]"
119,9000042,[1],"[3, 5]"
120,42,[1],"[3, 5]"
120,1000042,[1],"[3, 5]"
120,2000042,[1],"[3, 5]"
120,3000042,[1],"[3, 5]"
120,4000042,[1],"[3, 5]"
120,5000042,[1],"[3, 5]"
120,6000042,[1],"[3, 5]"
120,7000042,[1],"[3, 5]"
120,8000042,[1],"[3, 5]"
120,9000042,[1],"[3, 5]"
121,42,[1],"[3, 5]"
121,1000042,[1],"[3, 5]"
121,2000042,[1],"[3, 5]"
121,3000042,[1],"[3, 5]"
121,4000042,[1],"[3, 5]"
121,5000042,[1],"[3, 5]"
121,6000042,[1],"[3, 5]"
121,7000042,[1],"[3, 5]"
121,8000042,[1],"[3, 5]"
121,9000042,[1],"[3, 5]"
122,42,[1],"[3, 5]"
122,1000042,[1],"[3, 5]"
122,2000042,[1],"[3, 5]"
122,3000042,[1],"[3, 5]"
122,4000042,[1],"[3, 5]"
122,5000042,[1],"[3, 5]"
122,6000042,[1],"[3, 5]"
122,7000042,[1],"[3, 5]"
122,8000042,[1],"[3, 5]"
122,9000042,[1],"[3, 5]"
123,42,[1],"[3, 5]"
123,1000042,[1],"[3, 5]"
123,2000042,[1],"[3, 5]"
123,3000042,[1],"[3, 5]"
123,4000042,[1],"[3, 5]"
123,5000042,[1],"[3, 5]"
123,6000042,[1],"[3, 5]"
123,7000042,[1],"[3, 5]"
123,8000042,[1],"[3, 5]"
123,9000042,[1],"[3, 5]"
124,42,[1],"[3, 5]"
124,1000042,[1],"[3, 5]"
124,2000042,[1],"[3, 5]"
124,3000042,[1],"[3, 5]"
124,4000042,[1],"[3, 5]"
124,5000042,[1],"[3, 5]"
124,6000042,[1],"[3, 5]"
124,7000042,[1],"[3, 5]"
124,8000042,[1],"[3, 5]"
124,9000042,[1],"[3, 5]"
125,42,[1],"[3, 5]"
125,1000042,[1],"[3, 5]"
125,2000042,[1],"[3, 5]"
125,3000042,[1],"[3, 5]"
125,4000042,[1],"[3, 5]"
125,5000042,[1],"[3, 5]"
125,6000042,[1],"[3, 5]"
125,7000042,[1],"[3, 5]"
125,8000042,[1],"[3, 5]"
125,9000042,[1],"[3, 5]"
126,42,[1],"[3, 5]"
126,1000042,[1],"[3, 5]"
126,2000042,[1],"[3, 5]"
126,3000042,[1],"[3, 5]"
126,4000042,[1],"[3, 5]"
126,5000042,[1],"[3, 5]"
126,6000042,[1],"[3, 5]"
126,7000042,[1],"[3, 5]"
126,8000042,[1],"[3, 5]"
126,9000042,[1],"[3, 5]"
127,42,[1],"[3, 5]"
127,1000042,[1],"[3, 5]"
127,2000042,[1],"[3, 5]"
127,3000042,[1],"[3, 5]"
127,4000042,[1],"[3, 5]"
127,5000042,[1],"[3, 5]"
127,6000042,[1],"[3, 5]"
127,7000042,[1],"[3, 5]"
127,8000042,[1],"[3, 5]"
127,9000042,[1],"[3, 5]"
128,42,[1],"[3, 5]"
128,1000042,[1],"[3, 5]"
128,2000042,[1],"[3, 5]"
128,3000042,[1],"[3, 5]"
128,4000042,[1],"[3, 5]"
128,5000042,[1],"[3, 5]"
128,6000042,[1],"[3, 5]"
128,7000042,[1],"[3, 5]"
128,8000042,[1],"[3, 5]"
128,9000042,[1],"[3, 5]"
129,42,[1],"[3, 5]"
129,1000042,[1],"[3, 5]"
129,2000042,[1],"[3, 5]"
129,3000042,[1],"[3, 5]"
129,4000042,[1],"[3, 5]"
129,5000042,[1],"[3, 5]"
129,6000042,[1],"[3, 5]"
129,7000042,[1],"[3, 5]"
129,8000042,[1],"[3, 5]"
129,9000042,[1],"[3, 5]"
130,42,[1],"[3, 5]"
130,1000042,[1],"[3, 5]"
130,2000042,[1],"[3, 5]"
130,3000042,[1],"[3, 5]"
130,4000042,[1],"[3, 5]"
130,5000042,[1],"[3, 5]"
130,6000042,[1],"[3, 5]"
130,7000042,[1],"[3, 5]"
130,8000042,[1],"[3, 5]"
130,9000042,[1],"[3, 5]"
131,42,[1],"[3, 5]"
131,1000042,[1],"[3, 5]"
131,2000042,[1],"[3, 5]"
131,3000042,[1],"[3, 5]"
131,4000042,[1],"[3, 5]"
131,5000042,[1],"[3, 5]"
131,6000042,[1],"[3, 5]"
131,7000042,[1],"[3, 5]"
131,8000042,[1],"[3, 5]"
131,9000042,[1],"[3, 5]"
132,42,[1],"[3, 5]"
132,1000042,[1],"[3, 5]"
132,2000042,[1],"[3, 5]"
132,3000042,[1],"[3, 5]"
132,4000042,[1],"[3, 5]"
132,5000042,[1],"[3, 5]"
132,6000042,[1],"[3, 5]"
132,7000042,[1],"[3, 5]"
132,8000042,[1],"[3, 5]"
132,9000042,[1],"[3, 5]"
133,42,[1],"[3, 5]"
133,1000042,[1],"[3, 5]"
133,2000042,[1],"[3, 5]"
133,3000042,[1],"[3, 5]"
133,4000042,[1],"[3, 5]"
133,5000042,[1],"[3, 5]"
133,6000042,[1],"[3, 5]"
133,7000042,[1],"[3, 5]"
133,8000042,[1],"[3, 5]"
133,9000042,[1],"[3, 5]"
134,42,[1],"[3, 5]"
134,1000042,[1],"[3, 5]"
134,2000042,[1],"[3, 5]"
134,3000042,[1],"[3, 5]"
134,4000042,[1],"[3, 5]"
134,5000042,[1],"[3, 5]"
134,6000042,[1],"[3, 5]"
134,7000042,[1],"[3, 5]"
134,8000042,[1],"[3, 5]"
134,9000042,[1],"[3, 5]"
135,42,[1],"[3, 5]"
135,1000042,[1],"[3, 5]"
135,2000042,[1],"[3, 5]"
135,3000042,[1],"[3, 5]"
135,4000042,[1],"[3, 5]"
135,5000042,[1],"[3, 5]"
135,6000042,[1],"[3, 5]"
135,7000042,[1],"[3, 5]"
135,8000042,[1],"[3, 5]"
135,9000042,[1],"[3, 5]"
136,42,[1],"[3, 5]"
136,1000042,[1],"[3, 5]"
136,2000042,[1],"[3, 5]"
136,3000042,[1],"[3, 5]"
136,4000042,[1],"[3, 5]"
136,5000042,[1],"[3, 5]"
136,6000042,[1],"[3, 5]"
136,7000042,[1],"[3, 5]"
136,8000042,[1],"[3, 5]"
136,9000042,[1],"[3, 5]"
137,42,[1],"[3, 5]"
137,1000042,[1],"[3, 5]"
137,2000042,[1],"[3, 5]"
137,3000042,[1],"[3, 5]"
137,4000042,[1],"[3, 5]"
137,5000042,[1],"[3, 5]"
137,6000042,[1],"[3, 5]"
137,7000042,[1],"[3, 5]"
137,8000042,[1],"[3, 5]"
137,9000042,[1],"[3, 5]"
138,42,[1],"[3, 5]"
138,1000042,[1],"[3, 5]"
138,2000042,[1],"[3, 5]"
138,3000042,[1],"[3, 5]"
138,4000042,[1],"[3, 5]"
138,5000042,[1],"[3, 5]"
138,6000042,[1],"[3, 5]"
138,7000042,[1],"[3, 5]"
138,8000042,[1],"[3, 5]"
138,9000042,[1],"[3, 5]"
139,42,[1],"[3, 5]"
139,1000042,[1],"[3, 5]"
139,2000042,[1],"[3, 5]"
139,3000042,[1],"[3, 5]"
139,4000042,[1],"[3, 5]"
139,5000042,[1],"[3, 5]"
139,6000042,[1],"[3, 5]"
139,7000042,[1],"[3, 5]"
139,8000042,[1],"[3, 5]"
139,9000042,[1],"[3, 5]"
140,42,[1],"[3, 5]"
140,1000042,[1],"[3, 5]"
140,2000042,[1],"[3, 5]"
140,3000042,[1],"[3, 5]"
140,4000042,[1],"[3, 5]"
140,5000042,[1],"[3, 5]"
140,6000042,[1],"[3, 5]"
140,7000042,[1],"[3, 5]"
140,8000042,[1],"[3, 5]"
140,9000042,[1],"[3, 5]"
141,42,[1],"[3, 5]"
141,1000042,[1],"[3, 5]"
141,2000042,[1],"[3, 5]"
141,3000042,[1],"[3, 5]"
141,4000042,[1],"[3, 5]"
141,5000042,[1],"[3, 5]"
141,6000042,[1],"[3, 5]"
141,7000042,[1],"[3, 5]"
141,8000042,[1],"[3, 5]"
141,9000042,[1],"[3, 5]"
142,42,[1],"[3, 5]"
142,1000042,[1],"[3, 5]"
142,2000042,[1],"[3, 5]"
142,3000042,[1],"[3, 5]"
142,4000042,[1],"[3, 5]"
142,5000042,[1],"[3, 5]"
142,6000042,[1],"[3, 5]"
142,7000042,[1],"[3, 5]"
142,8000042,[1],"[3, 5]"
142,9000042,[1],"[3, 5]"
143,42,[1],"[3, 5]"
143,1000042,[1],"[3, 5]"
143,2000042,[1],"[3, 5]"
143,3000042,[1],"[3, 5]"
143,4000042,[1],"[3, 5]"
143,5000042,[1],"[3, 5]"
143,6000042,[1],"[3, 5]"
143,7000042,[1],"[3, 5]"
143,8000042,[1],"[3, 5]"
143,9000042,[1],"[3, 5]"
144,42,[1],"[3, 5]"
144,1000042,[1],"[3, 5]"
144,2000042,[1],"[3, 5]"
144,3000042,[1],"[3, 5]"
144,4000042,[1],"[3, 5]"
144,5000042,[1],"[3, 5]"
144,6000042,[1],"[3, 5]"
144,7000042,[1],"[3, 5]"
144,8000042,[1],"[3, 5]"
144,9000042,[1],"[3, 5]"
145,42,[1],"[3, 5]"
145,1000042,[1],"[3, 5]"
145,2000042,[1],"[3, 5]"
145,3000042,[1],"[3, 5]"
145,4000042,[1],"[3, 5]"
145,5000042,[1],"[3, 5]"
145,6000042,[1],"[3, 5]"
145,7000042,[1],"[3, 5]"
145,8000042,[1],"[3, 5]"
145,9000042,[1],"[3, 5]"
146,42,[1],"[3, 5]"
146,1000042,[1],"[3, 5]"
146,2000042,[1],"[3, 5]"
146,3000042,[1],"[3, 5]"
146,4000042,[1],"[3, 5]"
146,5000042,[1],"[3, 5]"
146,6000042,[1],"[3, 5]"
146,7000042,[1],"[3, 5]"
146,8000042,[1],"[3, 5]"
146,9000042,[1],"[3, 5]"
147,42,[1],"[3, 5]"
147,1000042,[1],"[3, 5]"
147,2000042,[1],"[3, 5]"
147,3000042,[1],"[3, 5]"
147,4000042,[1],"[3, 5]"
147,5000042,[1],"[3, 5]"
147,6000042,[1],"[3, 5]"
147,7000042,[1],"[3, 5]"
147,8000042,[1],"[3, 5]"
147,9000042,[1],"[3, 5]"
148,42,[1],"[3, 5]"
148,1000042,[1],"[3, 5]"
148,2000042,[1],"[3, 5]"
148,3000042,[1],"[3, 5]"
148,4000042,[1],"[3, 5]"
148,5000042,[1],"[3, 5]"
148,6000042,[1],"[3, 5]"
148,7000042,[1],"[3, 5]"
148,8000042,[1],"[3, 5]"
148,9000042,[1],"[3, 5]"
149,42,[1],"[3, 5]"
149,1000042,[1],"[3, 5]"
149,2000042,[1],"[3, 5]"
149,3000042,[1],"[3, 5]"
149,4000042,[1],"[3, 5]"
149,5000042,[1],"[3, 5]"
149,6000042,[1],"[3, 5]"
149,7000042,[1],"[3, 5]"
149,8000042,[1],"[3, 5]"
149,9000042,[1],"[3, 5]"
150,42,[1],"[3, 5]"
150,1000042,[1],"[3, 5]"
150,2000042,[1],"[3, 5]"
150,3000042,[1],"[3, 5]"
150,4000042,[1],"[3, 5]"
150,5000042,[1],"[3, 5]"
150,6000042,[1],"[3, 5]"
150,7000042,[1],"[3, 5]"
150,8000042,[1],"[3, 5]"
150,9000042,[1],"[3, 5]"
151,42,[1],"[3, 5]"
151,1000042,[1],"[3, 5]"
151,2000042,[1],"[3, 5]"
151,3000042,[1],"[3, 5]"
151,4000042,[1],"[3, 5]"
151,5000042,[1],"[3, 5]"
151,6000042,[1],"[3, 5]"
151,7000042,[1],"[3, 5]"
151,8000042,[1],"[3, 5]"
151,9000042,[1],"[3, 5]"
152,42,[1],"[3, 5]"
152,1000042,[1],"[3, 5]"
152,2000042,[1],"[3, 5]"
152,3000042,[1],"[3, 5]"
152,4000042,[1],"[3, 5]"
152,5000042,[1],"[3, 5]"
152,6000042,[1],"[3, 5]"
152,7000042,[1],"[3, 5]"
152,8000042,[1],"[3, 5]"
152,9000042,[1],"[3, 5]"
153,42,[1],"[3, 5]"
153,1000042,[1],"[3, 5]"
153,2000042,[1],"[3, 5]"
153,3000042,[1],"[3, 5]"
153,4000042,[1],"[3, 5]"
153,5000042,[1],"[3, 5]"
153,6000042,[1],"[3, 5]"
153,7000042,[1],"[3, 5]"
153,8000042,[1],"[3, 5]"
153,9000042,[1],"[3, 5]"
154,42,[1],"[3, 5]"
154,1000042,[1],"[3, 5]"
154,2000042,[1],"[3, 5]"
154,3000042,[1],"[3, 5]"
154,4000042,[1],"[3, 5]"
154,5000042,[1],"[3, 5]"
154,6000042,[1],"[3, 5]"
154,7000042,[1],"[3, 5]"
154,8000042,[1],"[3, 5]"
154,9000042,[1],"[3, 5]"
155,42,[1],"[3, 5]"
155,1000042,[1],"[3, 5]"
155,2000042,[1],"[3, 5]"
155,3000042,[1],"[3, 5]"
155,4000042,[1],"[3, 5]"
155,5000042,[1],"[3, 5]"
155,6000042,[1],"[3, 5]"
155,7000042,[1],"[3, 5]"
155,8000042,[1],"[3, 5]"
155,9000042,[1],"[3, 5]"
156,42,[1],"[3, 5]"
156,1000042,[1],"[3, 5]"
156,2000042,[1],"[3, 5]"
156,3000042,[1],"[3, 5]"
156,4000042,[1],"[3, 5]"
156,5000042,[1],"[3, 5]"
156,6000042,[1],"[3, 5]"
156,7000042,[1],"[3, 5]"
156,8000042,[1],"[3, 5]"
156,9000042,[1],"[3, 5]"
157,42,[1],"[3, 5]"
157,1000042,[1],"[3, 5]"
157,2000042,[1],"[3, 5]"
157,3000042,[1],"[3, 5]"
157,4000042,[1],"[3, 5]"
157,5000042,[1],"[3, 5]"
157,6000042,[1],"[3, 5]"
157,7000042,[1],"[3, 5]"
157,8000042,[1],"[3, 5]"
157,9000042,[1],"[3, 5]"
158,42,[1],"[3, 5]"
158,1000042,[1],"[3, 5]"
158,2000042,[1],"[3, 5]"
158,3000042,[1],"[3, 5]"
158,4000042,[1],"[3, 5]"
158,5000042,[1],"[3, 5]"
158,6000042,[1],"[3, 5]"
158,7000042,[1],"[3, 5]"
158,8000042,[1],"[3, 5]"
158,9000042,[1],"[3, 5]"
159,42,[1],"[3, 5]"
159,1000042,[1],"[3, 5]"
159,2000042,[1],"[3, 5]"
159,3000042,[1],"[3, 5]"
159,4000042,[1],"[3, 5]"
159,5000042,[1],"[3, 5]"
159,6000042,[1],"[3, 5]"
159,7000042,[1],"[3, 5]"
159,8000042,[1],"[3, 5]"
159,9000042,[1],"[3, 5]"
160,42,[1],"[3, 5]"
160,1000042,[1],"[3, 5]"
160,2000042,[1],"[3, 5]"
160,3000042,[1],"[3, 5]"
160,4000042,[1],"[3, 5]"
160,5000042,[1],"[3, 5]"
160,6000042,[1],"[3, 5]"
160,7000042,[1],"[3, 5]"
160,8000042,[1],"[3, 5]"
160,9000042,[1],"[3, 5]"
161,42,[1],"[3, 5]"
161,1000042,[1],"[3, 5]"
161,2000042,[1],"[3, 5]"
161,3000042,[1],"[3, 5]"
161,4000042,[1],"[3, 5]"
161,5000042,[1],"[3, 5]"
161,6000042,[1],"[3, 5]"
161,7000042,[1],"[3, 5]"
161,8000042,[1],"[3, 5]"
161,9000042,[1],"[3, 5]"
162,42,[1],"[3, 5]"
162,1000042,[1],"[3, 5]"
162,2000042,[1],"[3, 5]"
162,3000042,[1],"[3, 5]"
162,4000042,[1],"[3, 5]"
162,5000042,[1],"[3, 5]"
162,6000042,[1],"[3, 5]"
162,7000042,[1],"[3, 5]"
162,8000042,[1],"[3, 5]"
162,9000042,[1],"[3, 5]"
163,42,[1],"[3, 5]"
163,1000042,[1],"[3, 5]"
163,2000042,[1],"[3, 5]"
163,3000042,[1],"[3, 5]"
163,4000042,[1],"[3, 5]"
163,5000042,[1],"[3, 5]"
163,6000042,[1],"[3, 5]"
163,7000042,[1],"[3, 5]"
163,8000042,[1],"[3, 5]"
163,9000042,[1],"[3, 5]"
164,42,[1],"[3, 5]"
164,1000042,[1],"[3, 5]"
164,2000042,[1],"[3, 5]"
164,3000042,[1],"[3, 5]"
164,4000042,[1],"[3, 5]"
164,5000042,[1],"[3, 5]"
164,6000042,[1],"[3, 5]"
164,7000042,[1],"[3, 5]"
164,8000042,[1],"[3, 5]"
164,9000042,[1],"[3, 5]"
165,42,[1],"[3, 5]"
165,1000042,[1],"[3, 5]"
165,2000042,[1],"[3, 5]"
165,3000042,[1],"[3, 5]"
165,4000042,[1],"[3, 5]"
165,5000042,[1],"[3, 5]"
165,6000042,[1],"[3, 5]"
165,7000042,[1],"[3, 5]"
165,8000042,[1],"[3, 5]"
165,9000042,[1],"[3, 5]"
166,42,[1],"[3, 5]"
166,1000042,[1],"[3, 5]"
166,2000042,[1],"[3, 5]"
166,3000042,[1],"[3, 5]"
166,4000042,[1],"[3, 5]"
166,5000042,[1],"[3, 5]"
166,6000042,[1],"[3, 5]"
166,7000042,[1],"[3, 5]"
166,8000042,[1],"[3, 5]"
166,9000042,[1],"[3, 5]"
167,42,[1],"[3, 5]"
167,1000042,[1],"[3, 5]"
167,2000042,[1],"[3, 5]"
167,3000042,[1],"[3, 5]"
167,4000042,[1],"[3, 5]"
167,5000042,[1],"[3, 5]"
167,6000042,[1],"[3, 5]"
167,7000042,[1],"[3, 5]"
167,8000042,[1],"[3, 5]"
167,9000042,[1],"[3, 5]"
168,42,[1],"[3, 5]"
168,1000042,[1],"[3, 5]"
168,2000042,[1],"[3, 5]"
168,3000042,[1],"[3, 5]"
168,4000042,[1],"[3, 5]"
168,5000042,[1],"[3, 5]"
168,6000042,[1],"[3, 5]"
168,7000042,[1],"[3, 5]"
168,8000042,[1],"[3, 5]"
168,9000042,[1],"[3, 5]"
169,42,[1],"[3, 5]"
169,1000042,[1],"[3, 5]"
169,2000042,[1],"[3, 5]"
169,3000042,[1],"[3, 5]"
169,4000042,[1],"[3, 5]"
169,5000042,[1],"[3, 5]"
169,6000042,[1],"[3, 5]"
169,7000042,[1],"[3, 5]"
169,8000042,[1],"[3, 5]"
169,9000042,[1],"[3, 5]"
170,42,[1],"[3, 5]"
170,1000042,[1],"[3, 5]"
170,2000042,[1],"[3, 5]"
170,3000042,[1],"[3, 5]"
170,4000042,[1],"[3, 5]"
170,5000042,[1],"[3, 5]"
170,6000042,[1],"[3, 5]"
170,7000042,[1],"[3, 5]"
170,8000042,[1],"[3, 5]"
170,9000042,[1],"[3, 5]"
171,42,[1],"[3, 5]"
171,1000042,[1],"[3, 5]"
171,2000042,[1],"[3, 5]"
171,3000042,[1],"[3, 5]"
171,4000042,[1],"[3, 5]"
171,5000042,[1],"[3, 5]"
171,6000042,[1],"[3, 5]"
171,7000042,[1],"[3, 5]"
171,8000042,[1],"[3, 5]"
171,9000042,[1],"[3, 5]"
172,42,[1],"[3, 5]"
172,1000042,[1],"[3, 5]"
172,2000042,[1],"[3, 5]"
172,3000042,[1],"[3, 5]"
172,4000042,[1],"[3, 5]"
172,5000042,[1],"[3, 5]"
172,6000042,[1],"[3, 5]"
172,7000042,[1],"[3, 5]"
172,8000042,[1],"[3, 5]"
172,9000042,[1],"[3, 5]"
173,42,[1],"[3, 5]"
173,1000042,[1],"[3, 5]"
173,2000042,[1],"[3, 5]"
173,3000042,[1],"[3, 5]"
173,4000042,[1],"[3, 5]"
173,5000042,[1],"[3, 5]"
173,6000042,[1],"[3, 5]"
173,7000042,[1],"[3, 5]"
173,8000042,[1],"[3, 5]"
173,9000042,[1],"[3, 5]"
174,42,[1],"[3, 5]"
174,1000042,[1],"[3, 5]"
174,2000042,[1],"[3, 5]"
174,3000042,[1],"[3, 5]"
174,4000042,[1],"[3, 5]"
174,5000042,[1],"[3, 5]"
174,6000042,[1],"[3, 5]"
174,7000042,[1],"[3, 5]"
174,8000042,[1],"[3, 5]"
174,9000042,[1],"[3, 5]"
175,42,[1],"[3, 5]"
175,1000042,[1],"[3, 5]"
175,2000042,[1],"[3, 5]"
175,3000042,[1],"[3, 5]"
175,4000042,[1],"[3, 5]"
175,5000042,[1],"[3, 5]"
175,6000042,[1],"[3, 5]"
175,7000042,[1],"[3, 5]"
175,8000042,[1],"[3, 5]"
175,9000042,[1],"[3, 5]"
