solver,params,SDPGW_numberOf_vertices,SDPGW_numberOf_edges,SDPGW_params,SDPGW_objective,SDPGW_edges_in_cut,SDPGW_cut_assignment,GRB_solver_exact,GRB_objective,GRB_status,GRB_assignment,Approximation_quality_percent,current time
SDP+GW,"{""a"": 0, ""b"": 0, ""c"": 1}",79,78,"{""a"": 0, ""b"": 0, ""c"": 1}",78,"[[0, 1], [1, 2], [2, 3], [3, 4], [4, 5], [5, 6], [6, 7], [7, 8], [8, 9], [9, 10], [10, 11], [11, 12], [12, 13], [13, 14], [14, 15], [15, 16], [16, 17], [17, 18], [18, 19], [19, 20], [20, 21], [21, 22], [22, 23], [23, 24], [24, 25], [25, 26], [26, 27], [27, 28], [28, 29], [29, 30], [30, 31], [31, 32], [32, 33], [33, 34], [34, 35], [35, 36], [36, 37], [37, 38], [38, 39], [39, 40], [40, 41], [41, 42], [42, 43], [43, 44], [44, 45], [45, 46], [46, 47], [47, 48], [48, 49], [49, 50], [50, 51], [51, 52], [52, 53], [53, 54], [54, 55], [55, 56], [56, 57], [57, 58], [58, 59], [59, 60], [60, 61], [61, 62], [62, 63], [63, 64], [64, 65], [65, 66], [66, 67], [67, 68], [68, 69], [69, 70], [70, 71], [71, 72], [72, 73], [73, 74], [74, 75], [75, 76], [76, 77], [77, 78]]","[1, 0, 1, 0, 1, 0, 1, 0, 1, 0, 1, 0, 1, 0, 1, 0, 1, 0, 1, 0, 1, 0, 1, 0, 1, 0, 1, 0, 1, 0, 1, 0, 1, 0, 1, 0, 1, 0, 1, 0, 1, 0, 1, 0, 1, 0, 1, 0, 1, 0, 1, 0, 1, 0, 1, 0, 1, 0, 1, 0, 1, 0, 1, 0, 1, 0, 1, 0, 1, 0, 1, 0, 1, 0, 1, 0, 1, 0, 1]",Gurobi,78.0,2,"[1, 0, 1, 0, 1, 0, 1, 0, 1, 0, 1, 0, 1, 0, 1, 0, 1, 0, 1, 0, 1, 0, 1, 0, 1, 0, 1, 0, 1, 0, 1, 0, 1, 0, 1, 0, 1, 0, 1, 0, 1, 0, 1, 0, 1, 0, 1, 0, 1, 0, 1, 0, 1, 0, 1, 0, 1, 0, 1, 0, 1, 0, 1, 0, 1, 0, 1, 0, 1, 0, 1, 0, 1, 0, 1, 0, 1, 0, 1]",100.0,2026-02-05_00-01-34
SDP+GW,"{""a"": 0, ""b"": 0, ""c"": 1}",39,38,"{""a"": 0, ""b"": 0, ""c"": 1}",38,"[[0, 1], [1, 2], [2, 3], [3, 4], [4, 5], [5, 6], [6, 7], [7, 8], [8, 9], [9, 10], [10, 11], [11, 12], [12, 13], [13, 14], [14, 15], [15, 16], [16, 17], [17, 18], [18, 19], [19, 20], [20, 21], [21, 22], [22, 23], [23, 24], [24, 25], [25, 26], [26, 27], [27, 28], [28, 29], [29, 30], [30, 31], [31, 32], [32, 33], [33, 34], [34, 35], [35, 36], [36, 37], [37, 38]]","[0, 1, 0, 1, 0, 1, 0, 1, 0, 1, 0, 1, 0, 1, 0, 1, 0, 1, 0, 1, 0, 1, 0, 1, 0, 1, 0, 1, 0, 1, 0, 1, 0, 1, 0, 1, 0, 1, 0]",Gurobi,38.0,2,"[1, 0, 1, 0, 1, 0, 1, 0, 1, 0, 1, 0, 1, 0, 1, 0, 1, 0, 1, 0, 1, 0, 1, 0, 1, 0, 1, 0, 1, 0, 1, 0, 1, 0, 1, 0, 1, 0, 1]",100.0,2026-02-05_00-01-37
SDP+GW,"{""a"": 0, ""b"": 0, ""c"": 1}",86,85,"{""a"": 0, ""b"": 0, ""c"": 1}",85,"[[0, 1], [1, 2], [2, 3], [3, 4], [4, 5], [5, 6], [6, 7], [7, 8], [8, 9], [9, 10], [10, 11], [11, 12], [12, 13], [13, 14], [14, 15], [15, 16], [16, 17], [17, 18], [18, 19], [19, 20], [20, 21], [21, 22], [22, 23], [23, 24], [24, 25], [25, 26], [26, 27], [27, 28], [28, 29], [29, 30], [30, 31], [31, 32], [32, 33], [33, 34], [34, 35], [35, 36], [36, 37], [37, 38], [38, 39], [39, 40], [40, 41], [41, 42], [42, 43], [43, 44], [44, 45], [45, 46], [46, 47], [47, 48], [48, 49], [49, 50], [50, 51], [51, 52], [52, 53], [53, 54], [54, 55], [55, 56], [56, 57], [57, 58], [58, 59], [59, 60], [60, 61], [61, 62], [62, 63], [63, 64], [64, 65], [65, 66], [66, 67], [67, 68], [68, 69], [69, 70], [70, 71], [71, 72], [72, 73], [73, 74], [74, 75], [75, 76], [76, 77], [77, 78], [78, 79], [79, 80], [80, 81], [81, 82], [82, 83], [83, 84], [84, 85]]","[0, 1, 0, 1, 0, 1, 0, 1, 0, 1, 0, 1, 0, 1, 0, 1, 0, 1, 0, 1, 0, 1, 0, 1, 0, 1, 0, 1, 0, 1, 0, 1, 0, 1, 0, 1, 0, 1, 0, 1, 0, 1, 0, 1, 0, 1, 0, 1, 0, 1, 0, 1, 0, 1, 0, 1, 0, 1, 0, 1, 0, 1, 0, 1, 0, 1, 0, 1, 0, 1, 0, 1, 0, 1, 0, 1, 0, 1, 0, 1, 0, 1, 0, 1, 0, 1]",Gurobi,85.0,2,"[0, 1, 0, 1, 0, 1, 0, 1, 0, 1, 0, 1, 0, 1, 0, 1, 0, 1, 0, 1, 0, 1, 0, 1, 0, 1, 0, 1, 0, 1, 0, 1, 0, 1, 0, 1, 0, 1, 0, 1, 0, 1, 0, 1, 0, 1, 0, 1, 0, 1, 0, 1, 0, 1, 0, 1, 0, 1, 0, 1, 0, 1, 0, 1, 0, 1, 0, 1, 0, 1, 0, 1, 0, 1, 0, 1, 0, 1, 0, 1, 0, 1, 0, 1, 0, 1]",100.0,2026-02-05_00-06-09
SDP+GW,"{""a"": 0, ""b"": 0, ""c"": 1}",13,12,"{""a"": 0, ""b"": 0, ""c"": 1}",12,"[[0, 1], [1, 2], [2, 3], [3, 4], [4, 5], [5, 6], [6, 7], [7, 8], [8, 9], [9, 10], [10, 11], [11, 12]]","[1, 0, 1, 0, 1, 0, 1, 0, 1, 0, 1, 0, 1]",Gurobi,12.0,2,"[1, 0, 1, 0, 1, 0, 1, 0, 1, 0, 1, 0, 1]",100.0,2026-02-05_00-06-09
SDP+GW,"{""a"": 0, ""b"": 0, ""c"": 1}",47,46,"{""a"": 0, ""b"": 0, ""c"": 1}",46,"[[0, 1], [1, 2], [2, 3], [3, 4], [4, 5], [5, 6], [6, 7], [7, 8], [8, 9], [9, 10], [10, 11], [11, 12], [12, 13], [13, 14], [14, 15], [15, 16], [16, 17], [17, 18], [18, 19], [19, 20], [20, 21], [21, 22], [22, 23], [23, 24], [24, 25], [25, 26], [26, 27], [27, 28], [28, 29], [29, 30], [30, 31], [31, 32], [32, 33], [33, 34], [34, 35], [35, 36], [36, 37], [37, 38], [38, 39], [39, 40], [40, 41], [41, 42], [42, 43], [43, 44], [44, 45], [45, 46]]","[0, 1, 0, 1, 0, 1, 0, 1, 0, 1, 0, 1, 0, 1, 0, 1, 0, 1, 0, 1, 0, 1, 0, 1, 0, 1, 0, 1, 0, 1, 0, 1, 0, 1, 0, 1, 0, 1, 0, 1, 0, 1, 0, 1, 0, 1, 0]",Gurobi,46.0,2,"[1, 0, 1, 0, 1, 0, 1, 0, 1, 0, 1, 0, 1, 0, 1, 0, 1, 0, 1, 0, 1, 0, 1, 0, 1, 0, 1, 0, 1, 0, 1, 0, 1, 0, 1, 0, 1, 0, 1, 0, 1, 0, 1, 0, 1, 0, 1]",100.0,2026-02-05_00-06-24
SDP+GW,"{""a"": 0, ""b"": 0, ""c"": 1}",79,78,"{""a"": 0, ""b"": 0, ""c"": 1}",78,"[[0, 1], [1, 2], [2, 3], [3, 4], [4, 5], [5, 6], [6, 7], [7, 8], [8, 9], [9, 10], [10, 11], [11, 12], [12, 13], [13, 14], [14, 15], [15, 16], [16, 17], [17, 18], [18, 19], [19, 20], [20, 21], [21, 22], [22, 23], [23, 24], [24, 25], [25, 26], [26, 27], [27, 28], [28, 29], [29, 30], [30, 31], [31, 32], [32, 33], [33, 34], [34, 35], [35, 36], [36, 37], [37, 38], [38, 39], [39, 40], [40, 41], [41, 42], [42, 43], [43, 44], [44, 45], [45, 46], [46, 47], [47, 48], [48, 49], [49, 50], [50, 51], [51, 52], [52, 53], [53, 54], [54, 55], [55, 56], [56, 57], [57, 58], [58, 59], [59, 60], [60, 61], [61, 62], [62, 63], [63, 64], [64, 65], [65, 66], [66, 67], [67, 68], [68, 69], [69, 70], [70, 71], [71, 72], [72, 73], [73, 74], [74, 75], [75, 76], [76, 77], [77, 78]]","[0, 1, 0, 1, 0, 1, 0, 1, 0, 1, 0, 1, 0, 1, 0, 1, 0, 1, 0, 1, 0, 1, 0, 1, 0, 1, 0, 1, 0, 1, 0, 1, 0, 1, 0, 1, 0, 1, 0, 1, 0, 1, 0, 1, 0, 1, 0, 1, 0, 1, 0, 1, 0, 1, 0, 1, 0, 1, 0, 1, 0, 1, 0, 1, 0, 1, 0, 1, 0, 1, 0, 1, 0, 1, 0, 1, 0, 1, 0]",Gurobi,78.0,2,"[1, 0, 1, 0, 1, 0, 1, 0, 1, 0, 1, 0, 1, 0, 1, 0, 1, 0, 1, 0, 1, 0, 1, 0, 1, 0, 1, 0, 1, 0, 1, 0, 1, 0, 1, 0, 1, 0, 1, 0, 1, 0, 1, 0, 1, 0, 1, 0, 1, 0, 1, 0, 1, 0, 1, 0, 1, 0, 1, 0, 1, 0, 1, 0, 1, 0, 1, 0, 1, 0, 1, 0, 1, 0, 1, 0, 1, 0, 1]",100.0,2026-02-05_00-08-45
SDP+GW,"{""a"": 0, ""b"": 0, ""c"": 1}",25,24,"{""a"": 0, ""b"": 0, ""c"": 1}",24,"[[0, 1], [1, 2], [2, 3], [3, 4], [4, 5], [5, 6], [6, 7], [7, 8], [8, 9], [9, 10], [10, 11], [11, 12], [12, 13], [13, 14], [14, 15], [15, 16], [16, 17], [17, 18], [18, 19], [19, 20], [20, 21], [21, 22], [22, 23], [23, 24]]","[1, 0, 1, 0, 1, 0, 1, 0, 1, 0, 1, 0, 1, 0, 1, 0, 1, 0, 1, 0, 1, 0, 1, 0, 1]",Gurobi,24.0,2,"[1, 0, 1, 0, 1, 0, 1, 0, 1, 0, 1, 0, 1, 0, 1, 0, 1, 0, 1, 0, 1, 0, 1, 0, 1]",100.0,2026-02-05_00-08-46
SDP+GW,"{""a"": 0, ""b"": 0, ""c"": 1}",16,15,"{""a"": 0, ""b"": 0, ""c"": 1}",15,"[[0, 1], [1, 2], [2, 3], [3, 4], [4, 5], [5, 6], [6, 7], [7, 8], [8, 9], [9, 10], [10, 11], [11, 12], [12, 13], [13, 14], [14, 15]]","[0, 1, 0, 1, 0, 1, 0, 1, 0, 1, 0, 1, 0, 1, 0, 1]",Gurobi,15.0,2,"[0, 1, 0, 1, 0, 1, 0, 1, 0, 1, 0, 1, 0, 1, 0, 1]",100.0,2026-02-05_00-08-46
SDP+GW,"{""a"": 0, ""b"": 0, ""c"": 1}",79,78,"{""a"": 0, ""b"": 0, ""c"": 1}",78,"[[0, 1], [1, 2], [2, 3], [3, 4], [4, 5], [5, 6], [6, 7], [7, 8], [8, 9], [9, 10], [10, 11], [11, 12], [12, 13], [13, 14], [14, 15], [15, 16], [16, 17], [17, 18], [18, 19], [19, 20], [20, 21], [21, 22], [22, 23], [23, 24], [24, 25], [25, 26], [26, 27], [27, 28], [28, 29], [29, 30], [30, 31], [31, 32], [32, 33], [33, 34], [34, 35], [35, 36], [36, 37], [37, 38], [38, 39], [39, 40], [40, 41], [41, 42], [42, 43], [43, 44], [44, 45], [45, 46], [46, 47], [47, 48], [48, 49], [49, 50], [50, 51], [51, 52], [52, 53], [53, 54], [54, 55], [55, 56], [56, 57], [57, 58], [58, 59], [59, 60], [60, 61], [61, 62], [62, 63], [63, 64], [64, 65], [65, 66], [66, 67], [67, 68], [68, 69], [69, 70], [70, 71], [71, 72], [72, 73], [73, 74], [74, 75], [75, 76], [76, 77], [77, 78]]","[1, 0, 1, 0, 1, 0, 1, 0, 1, 0, 1, 0, 1, 0, 1, 0, 1, 0, 1, 0, 1, 0, 1, 0, 1, 0, 1, 0, 1, 0, 1, 0, 1, 0, 1, 0, 1, 0, 1, 0, 1, 0, 1, 0, 1, 0, 1, 0, 1, 0, 1, 0, 1, 0, 1, 0, 1, 0, 1, 0, 1, 0, 1, 0, 1, 0, 1, 0, 1, 0, 1, 0, 1, 0, 1, 0, 1, 0, 1]",Gurobi,78.0,2,"[1, 0, 1, 0, 1, 0, 1, 0, 1, 0, 1, 0, 1, 0, 1, 0, 1, 0, 1, 0, 1, 0, 1, 0, 1, 0, 1, 0, 1, 0, 1, 0, 1, 0, 1, 0, 1, 0, 1, 0, 1, 0, 1, 0, 1, 0, 1, 0, 1, 0, 1, 0, 1, 0, 1, 0, 1, 0, 1, 0, 1, 0, 1, 0, 1, 0, 1, 0, 1, 0, 1, 0, 1, 0, 1, 0, 1, 0, 1]",100.0,2026-02-05_00-11-06
SDP+GW,"{""a"": 0, ""b"": 0, ""c"": 1}",78,77,"{""a"": 0, ""b"": 0, ""c"": 1}",77,"[[0, 1], [1, 2], [2, 3], [3, 4], [4, 5], [5, 6], [6, 7], [7, 8], [8, 9], [9, 10], [10, 11], [11, 12], [12, 13], [13, 14], [14, 15], [15, 16], [16, 17], [17, 18], [18, 19], [19, 20], [20, 21], [21, 22], [22, 23], [23, 24], [24, 25], [25, 26], [26, 27], [27, 28], [28, 29], [29, 30], [30, 31], [31, 32], [32, 33], [33, 34], [34, 35], [35, 36], [36, 37], [37, 38], [38, 39], [39, 40], [40, 41], [41, 42], [42, 43], [43, 44], [44, 45], [45, 46], [46, 47], [47, 48], [48, 49], [49, 50], [50, 51], [51, 52], [52, 53], [53, 54], [54, 55], [55, 56], [56, 57], [57, 58], [58, 59], [59, 60], [60, 61], [61, 62], [62, 63], [63, 64], [64, 65], [65, 66], [66, 67], [67, 68], [68, 69], [69, 70], [70, 71], [71, 72], [72, 73], [73, 74], [74, 75], [75, 76], [76, 77]]","[1, 0, 1, 0, 1, 0, 1, 0, 1, 0, 1, 0, 1, 0, 1, 0, 1, 0, 1, 0, 1, 0, 1, 0, 1, 0, 1, 0, 1, 0, 1, 0, 1, 0, 1, 0, 1, 0, 1, 0, 1, 0, 1, 0, 1, 0, 1, 0, 1, 0, 1, 0, 1, 0, 1, 0, 1, 0, 1, 0, 1, 0, 1, 0, 1, 0, 1, 0, 1, 0, 1, 0, 1, 0, 1, 0, 1, 0]",Gurobi,77.0,2,"[0, 1, 0, 1, 0, 1, 0, 1, 0, 1, 0, 1, 0, 1, 0, 1, 0, 1, 0, 1, 0, 1, 0, 1, 0, 1, 0, 1, 0, 1, 0, 1, 0, 1, 0, 1, 0, 1, 0, 1, 0, 1, 0, 1, 0, 1, 0, 1, 0, 1, 0, 1, 0, 1, 0, 1, 0, 1, 0, 1, 0, 1, 0, 1, 0, 1, 0, 1, 0, 1, 0, 1, 0, 1, 0, 1, 0, 1]",100.0,2026-02-05_00-13-16
SDP+GW,"{""a"": 0, ""b"": 0, ""c"": 1}",76,75,"{""a"": 0, ""b"": 0, ""c"": 1}",75,"[[0, 1], [1, 2], [2, 3], [3, 4], [4, 5], [5, 6], [6, 7], [7, 8], [8, 9], [9, 10], [10, 11], [11, 12], [12, 13], [13, 14], [14, 15], [15, 16], [16, 17], [17, 18], [18, 19], [19, 20], [20, 21], [21, 22], [22, 23], [23, 24], [24, 25], [25, 26], [26, 27], [27, 28], [28, 29], [29, 30], [30, 31], [31, 32], [32, 33], [33, 34], [34, 35], [35, 36], [36, 37], [37, 38], [38, 39], [39, 40], [40, 41], [41, 42], [42, 43], [43, 44], [44, 45], [45, 46], [46, 47], [47, 48], [48, 49], [49, 50], [50, 51], [51, 52], [52, 53], [53, 54], [54, 55], [55, 56], [56, 57], [57, 58], [58, 59], [59, 60], [60, 61], [61, 62], [62, 63], [63, 64], [64, 65], [65, 66], [66, 67], [67, 68], [68, 69], [69, 70], [70, 71], [71, 72], [72, 73], [73, 74], [74, 75]]","[0, 1, 0, 1, 0, 1, 0, 1, 0, 1, 0, 1, 0, 1, 0, 1, 0, 1, 0, 1, 0, 1, 0, 1, 0, 1, 0, 1, 0, 1, 0, 1, 0, 1, 0, 1, 0, 1, 0, 1, 0, 1, 0, 1, 0, 1, 0, 1, 0, 1, 0, 1, 0, 1, 0, 1, 0, 1, 0, 1, 0, 1, 0, 1, 0, 1, 0, 1, 0, 1, 0, 1, 0, 1, 0, 1]",Gurobi,75.0,2,"[0, 1, 0, 1, 0, 1, 0, 1, 0, 1, 0, 1, 0, 1, 0, 1, 0, 1, 0, 1, 0, 1, 0, 1, 0, 1, 0, 1, 0, 1, 0, 1, 0, 1, 0, 1, 0, 1, 0, 1, 0, 1, 0, 1, 0, 1, 0, 1, 0, 1, 0, 1, 0, 1, 0, 1, 0, 1, 0, 1, 0, 1, 0, 1, 0, 1, 0, 1, 0, 1, 0, 1, 0, 1, 0, 1]",100.0,2026-02-05_00-15-06
SDP+GW,"{""a"": 0, ""b"": 0, ""c"": 1}",34,33,"{""a"": 0, ""b"": 0, ""c"": 1}",33,"[[0, 1], [1, 2], [2, 3], [3, 4], [4, 5], [5, 6], [6, 7], [7, 8], [8, 9], [9, 10], [10, 11], [11, 12], [12, 13], [13, 14], [14, 15], [15, 16], [16, 17], [17, 18], [18, 19], [19, 20], [20, 21], [21, 22], [22, 23], [23, 24], [24, 25], [25, 26], [26, 27], [27, 28], [28, 29], [29, 30], [30, 31], [31, 32], [32, 33]]","[1, 0, 1, 0, 1, 0, 1, 0, 1, 0, 1, 0, 1, 0, 1, 0, 1, 0, 1, 0, 1, 0, 1, 0, 1, 0, 1, 0, 1, 0, 1, 0, 1, 0]",Gurobi,33.0,2,"[0, 1, 0, 1, 0, 1, 0, 1, 0, 1, 0, 1, 0, 1, 0, 1, 0, 1, 0, 1, 0, 1, 0, 1, 0, 1, 0, 1, 0, 1, 0, 1, 0, 1]",100.0,2026-02-05_00-15-08
SDP+GW,"{""a"": 0, ""b"": 0, ""c"": 1}",99,98,"{""a"": 0, ""b"": 0, ""c"": 1}",98,"[[0, 1], [1, 2], [2, 3], [3, 4], [4, 5], [5, 6], [6, 7], [7, 8], [8, 9], [9, 10], [10, 11], [11, 12], [12, 13], [13, 14], [14, 15], [15, 16], [16, 17], [17, 18], [18, 19], [19, 20], [20, 21], [21, 22], [22, 23], [23, 24], [24, 25], [25, 26], [26, 27], [27, 28], [28, 29], [29, 30], [30, 31], [31, 32], [32, 33], [33, 34], [34, 35], [35, 36], [36, 37], [37, 38], [38, 39], [39, 40], [40, 41], [41, 42], [42, 43], [43, 44], [44, 45], [45, 46], [46, 47], [47, 48], [48, 49], [49, 50], [50, 51], [51, 52], [52, 53], [53, 54], [54, 55], [55, 56], [56, 57], [57, 58], [58, 59], [59, 60], [60, 61], [61, 62], [62, 63], [63, 64], [64, 65], [65, 66], [66, 67], [67, 68], [68, 69], [69, 70], [70, 71], [71, 72], [72, 73], [73, 74], [74, 75], [75, 76], [76, 77], [77, 78], [78, 79], [79, 80], [80, 81], [81, 82], [82, 83], [83, 84], [84, 85], [85, 86], [86, 87], [87, 88], [88, 89], [89, 90], [90, 91], [91, 92], [92, 93], [93, 94], [94, 95], [95, 96], [96, 97], [97, 98]]","[1, 0, 1, 0, 1, 0, 1, 0, 1, 0, 1, 0, 1, 0, 1, 0, 1, 0, 1, 0, 1, 0, 1, 0, 1, 0, 1, 0, 1, 0, 1, 0, 1, 0, 1, 0, 1, 0, 1, 0, 1, 0, 1, 0, 1, 0, 1, 0, 1, 0, 1, 0, 1, 0, 1, 0, 1, 0, 1, 0, 1, 0, 1, 0, 1, 0, 1, 0, 1, 0, 1, 0, 1, 0, 1, 0, 1, 0, 1, 0, 1, 0, 1, 0, 1, 0, 1, 0, 1, 0, 1, 0, 1, 0, 1, 0, 1, 0, 1]",Gurobi,98.0,2,"[1, 0, 1, 0, 1, 0, 1, 0, 1, 0, 1, 0, 1, 0, 1, 0, 1, 0, 1, 0, 1, 0, 1, 0, 1, 0, 1, 0, 1, 0, 1, 0, 1, 0, 1, 0, 1, 0, 1, 0, 1, 0, 1, 0, 1, 0, 1, 0, 1, 0, 1, 0, 1, 0, 1, 0, 1, 0, 1, 0, 1, 0, 1, 0, 1, 0, 1, 0, 1, 0, 1, 0, 1, 0, 1, 0, 1, 0, 1, 0, 1, 0, 1, 0, 1, 0, 1, 0, 1, 0, 1, 0, 1, 0, 1, 0, 1, 0, 1]",100.0,2026-02-05_01-05-08
