hog_graph_index,vertices,edges,rows,completed_rows_in_source_csv,estimated_qaoa_seconds_total,estimated_qaoa_minutes_total,estimated_qaoa_seconds_mean,estimated_qaoa_seconds_max
51,8,,30,0,14142.168744802475,235.70281241337457,471.40562482674915,656.8358172178268
52,8,,30,0,14142.168744802475,235.70281241337457,471.40562482674915,656.8358172178268
53,8,,30,0,14142.168744802475,235.70281241337457,471.40562482674915,656.8358172178268
54,8,,30,0,14142.168744802475,235.70281241337457,471.40562482674915,656.8358172178268
55,8,,30,0,14142.168744802475,235.70281241337457,471.40562482674915,656.8358172178268
56,7,,30,0,7893.39516043663,131.55658600727716,263.1131720145543,393.95837819576263
57,8,,30,0,14142.168744802475,235.70281241337457,471.40562482674915,656.8358172178268
58,8,,30,0,14142.168744802475,235.70281241337457,471.40562482674915,656.8358172178268
59,8,,30,0,14142.168744802475,235.70281241337457,471.40562482674915,656.8358172178268
60,7,,30,0,7893.39516043663,131.55658600727716,263.1131720145543,393.95837819576263
61,8,,30,0,14142.168744802475,235.70281241337457,471.40562482674915,656.8358172178268
62,8,,30,0,14142.168744802475,235.70281241337457,471.40562482674915,656.8358172178268
63,8,,30,0,14142.168744802475,235.70281241337457,471.40562482674915,656.8358172178268
64,8,,30,0,14142.168744802475,235.70281241337457,471.40562482674915,656.8358172178268
65,8,,30,0,14142.168744802475,235.70281241337457,471.40562482674915,656.8358172178268
66,8,,30,0,14142.168744802475,235.70281241337457,471.40562482674915,656.8358172178268
67,7,,30,0,7893.39516043663,131.55658600727716,263.1131720145543,393.95837819576263
68,8,,30,0,14142.168744802475,235.70281241337457,471.40562482674915,656.8358172178268
69,7,,30,0,7893.39516043663,131.55658600727716,263.1131720145543,393.95837819576263
70,7,,30,0,7893.39516043663,131.55658600727716,263.1131720145543,393.95837819576263
71,8,,30,0,14142.168744802475,235.70281241337457,471.40562482674915,656.8358172178268
72,7,,30,0,7893.39516043663,131.55658600727716,263.1131720145543,393.95837819576263
73,7,,30,0,7893.39516043663,131.55658600727716,263.1131720145543,393.95837819576263
74,9,,30,0,28892.735896110535,481.5455982685089,963.0911965370178,1776.2538032531738
75,7,,30,0,7893.39516043663,131.55658600727716,263.1131720145543,393.95837819576263
76,8,,30,0,14142.168744802475,235.70281241337457,471.40562482674915,656.8358172178268
77,9,,30,0,28892.735896110535,481.5455982685089,963.0911965370178,1776.2538032531738
78,9,,30,0,28892.735896110535,481.5455982685089,963.0911965370178,1776.2538032531738
79,8,,30,0,14142.168744802475,235.70281241337457,471.40562482674915,656.8358172178268
80,9,,30,0,28892.735896110535,481.5455982685089,963.0911965370178,1776.2538032531738
81,9,,30,0,28892.735896110535,481.5455982685089,963.0911965370178,1776.2538032531738
82,9,,30,0,28892.735896110535,481.5455982685089,963.0911965370178,1776.2538032531738
83,8,,30,0,14142.168744802475,235.70281241337457,471.40562482674915,656.8358172178268
84,9,,30,0,28892.735896110535,481.5455982685089,963.0911965370178,1776.2538032531738
85,9,,30,0,28892.735896110535,481.5455982685089,963.0911965370178,1776.2538032531738
86,9,,30,0,28892.735896110535,481.5455982685089,963.0911965370178,1776.2538032531738
87,9,,30,0,28892.735896110535,481.5455982685089,963.0911965370178,1776.2538032531738
88,9,,30,0,28892.735896110535,481.5455982685089,963.0911965370178,1776.2538032531738
89,9,,30,0,28892.735896110535,481.5455982685089,963.0911965370178,1776.2538032531738
90,9,,30,0,28892.735896110535,481.5455982685089,963.0911965370178,1776.2538032531738
91,9,,30,0,28892.735896110535,481.5455982685089,963.0911965370178,1776.2538032531738
92,8,,30,0,14142.168744802475,235.70281241337457,471.40562482674915,656.8358172178268
93,8,,30,0,14142.168744802475,235.70281241337457,471.40562482674915,656.8358172178268
94,9,,30,0,28892.735896110535,481.5455982685089,963.0911965370178,1776.2538032531738
95,9,,30,0,28892.735896110535,481.5455982685089,963.0911965370178,1776.2538032531738
96,8,,30,0,14142.168744802475,235.70281241337457,471.40562482674915,656.8358172178268
97,9,,30,0,28892.735896110535,481.5455982685089,963.0911965370178,1776.2538032531738
98,9,,30,0,28892.735896110535,481.5455982685089,963.0911965370178,1776.2538032531738
99,9,,30,0,28892.735896110535,481.5455982685089,963.0911965370178,1776.2538032531738
100,9,,30,0,28892.735896110535,481.5455982685089,963.0911965370178,1776.2538032531738
101,9,,30,0,28892.735896110535,481.5455982685089,963.0911965370178,1776.2538032531738
102,9,,30,0,28892.735896110535,481.5455982685089,963.0911965370178,1776.2538032531738
103,9,,30,0,28892.735896110535,481.5455982685089,963.0911965370178,1776.2538032531738
104,9,,30,0,28892.735896110535,481.5455982685089,963.0911965370178,1776.2538032531738
105,9,,30,0,28892.735896110535,481.5455982685089,963.0911965370178,1776.2538032531738
106,9,,30,0,28892.735896110535,481.5455982685089,963.0911965370178,1776.2538032531738
107,8,,30,0,14142.168744802475,235.70281241337457,471.40562482674915,656.8358172178268
108,9,,30,0,28892.735896110535,481.5455982685089,963.0911965370178,1776.2538032531738
109,9,,30,0,28892.735896110535,481.5455982685089,963.0911965370178,1776.2538032531738
110,9,,30,0,28892.735896110535,481.5455982685089,963.0911965370178,1776.2538032531738
111,9,,30,0,28892.735896110535,481.5455982685089,963.0911965370178,1776.2538032531738
112,9,,30,0,28892.735896110535,481.5455982685089,963.0911965370178,1776.2538032531738
113,9,,30,0,28892.735896110535,481.5455982685089,963.0911965370178,1776.2538032531738
114,9,,30,0,28892.735896110535,481.5455982685089,963.0911965370178,1776.2538032531738
115,9,,30,0,28892.735896110535,481.5455982685089,963.0911965370178,1776.2538032531738
116,9,,30,0,28892.735896110535,481.5455982685089,963.0911965370178,1776.2538032531738
117,9,,30,0,28892.735896110535,481.5455982685089,963.0911965370178,1776.2538032531738
118,8,,30,0,14142.168744802475,235.70281241337457,471.40562482674915,656.8358172178268
119,9,,30,0,28892.735896110535,481.5455982685089,963.0911965370178,1776.2538032531738
120,9,,30,0,28892.735896110535,481.5455982685089,963.0911965370178,1776.2538032531738
121,9,,30,0,28892.735896110535,481.5455982685089,963.0911965370178,1776.2538032531738
122,8,,30,0,14142.168744802475,235.70281241337457,471.40562482674915,656.8358172178268
123,8,,30,0,14142.168744802475,235.70281241337457,471.40562482674915,656.8358172178268
124,9,,30,0,28892.735896110535,481.5455982685089,963.0911965370178,1776.2538032531738
125,9,,30,0,28892.735896110535,481.5455982685089,963.0911965370178,1776.2538032531738
126,9,,30,0,28892.735896110535,481.5455982685089,963.0911965370178,1776.2538032531738
127,9,,30,0,28892.735896110535,481.5455982685089,963.0911965370178,1776.2538032531738
128,9,,30,0,28892.735896110535,481.5455982685089,963.0911965370178,1776.2538032531738
129,9,,30,0,28892.735896110535,481.5455982685089,963.0911965370178,1776.2538032531738
130,8,,30,0,14142.168744802475,235.70281241337457,471.40562482674915,656.8358172178268
131,8,,30,0,14142.168744802475,235.70281241337457,471.40562482674915,656.8358172178268
132,9,,30,0,28892.735896110535,481.5455982685089,963.0911965370178,1776.2538032531738
133,9,,30,0,28892.735896110535,481.5455982685089,963.0911965370178,1776.2538032531738
134,9,,30,0,28892.735896110535,481.5455982685089,963.0911965370178,1776.2538032531738
135,9,,30,0,28892.735896110535,481.5455982685089,963.0911965370178,1776.2538032531738
136,9,,30,0,28892.735896110535,481.5455982685089,963.0911965370178,1776.2538032531738
137,9,,30,0,28892.735896110535,481.5455982685089,963.0911965370178,1776.2538032531738
138,9,,30,0,28892.735896110535,481.5455982685089,963.0911965370178,1776.2538032531738
139,8,,30,0,14142.168744802475,235.70281241337457,471.40562482674915,656.8358172178268
140,8,,30,0,14142.168744802475,235.70281241337457,471.40562482674915,656.8358172178268
141,9,,30,0,28892.735896110535,481.5455982685089,963.0911965370178,1776.2538032531738
142,9,,30,0,28892.735896110535,481.5455982685089,963.0911965370178,1776.2538032531738
143,9,,30,0,28892.735896110535,481.5455982685089,963.0911965370178,1776.2538032531738
144,9,,30,0,28892.735896110535,481.5455982685089,963.0911965370178,1776.2538032531738
145,9,,30,0,28892.735896110535,481.5455982685089,963.0911965370178,1776.2538032531738
146,9,,30,0,28892.735896110535,481.5455982685089,963.0911965370178,1776.2538032531738
147,8,,30,0,14142.168744802475,235.70281241337457,471.40562482674915,656.8358172178268
148,9,,30,0,28892.735896110535,481.5455982685089,963.0911965370178,1776.2538032531738
149,9,,30,0,28892.735896110535,481.5455982685089,963.0911965370178,1776.2538032531738
150,9,,30,0,28892.735896110535,481.5455982685089,963.0911965370178,1776.2538032531738
151,9,,30,0,28892.735896110535,481.5455982685089,963.0911965370178,1776.2538032531738
152,8,,30,0,14142.168744802475,235.70281241337457,471.40562482674915,656.8358172178268
153,9,,30,0,28892.735896110535,481.5455982685089,963.0911965370178,1776.2538032531738
154,9,,30,0,28892.735896110535,481.5455982685089,963.0911965370178,1776.2538032531738
155,9,,30,0,28892.735896110535,481.5455982685089,963.0911965370178,1776.2538032531738
156,9,,30,0,28892.735896110535,481.5455982685089,963.0911965370178,1776.2538032531738
157,9,,30,0,28892.735896110535,481.5455982685089,963.0911965370178,1776.2538032531738
158,9,,30,0,28892.735896110535,481.5455982685089,963.0911965370178,1776.2538032531738
159,9,,30,0,28892.735896110535,481.5455982685089,963.0911965370178,1776.2538032531738
160,9,,30,0,28892.735896110535,481.5455982685089,963.0911965370178,1776.2538032531738
161,9,,30,0,28892.735896110535,481.5455982685089,963.0911965370178,1776.2538032531738
162,9,,30,0,28892.735896110535,481.5455982685089,963.0911965370178,1776.2538032531738
163,9,,30,0,28892.735896110535,481.5455982685089,963.0911965370178,1776.2538032531738
164,9,,30,0,28892.735896110535,481.5455982685089,963.0911965370178,1776.2538032531738
165,9,,30,0,28892.735896110535,481.5455982685089,963.0911965370178,1776.2538032531738
166,9,,30,0,28892.735896110535,481.5455982685089,963.0911965370178,1776.2538032531738
167,9,,30,0,28892.735896110535,481.5455982685089,963.0911965370178,1776.2538032531738
168,9,,30,0,28892.735896110535,481.5455982685089,963.0911965370178,1776.2538032531738
169,9,,30,0,28892.735896110535,481.5455982685089,963.0911965370178,1776.2538032531738
170,9,,30,0,28892.735896110535,481.5455982685089,963.0911965370178,1776.2538032531738
171,9,,30,0,28892.735896110535,481.5455982685089,963.0911965370178,1776.2538032531738
172,9,,30,0,28892.735896110535,481.5455982685089,963.0911965370178,1776.2538032531738
173,9,,30,0,28892.735896110535,481.5455982685089,963.0911965370178,1776.2538032531738
174,9,,30,0,28892.735896110535,481.5455982685089,963.0911965370178,1776.2538032531738
175,9,,30,0,28892.735896110535,481.5455982685089,963.0911965370178,1776.2538032531738
