run_id,n,m,p,precision/iterations,singlet_injection,warm_start,parameter_vector,optimal_result,sdp_objective_value_step1,sdp_objective_value_king_normalized_step1,algorithm17_actual_energy,algorithm17_lower_bound_energy,initial_ws_energy_prodStates_step2,initial_sdp_statevector_energy,initial_sdp_statevec_ratio,initial_ws_energy_010101,QAOA_improvement_over_SDP_statevectorEnergy,QAOA_improvement_over_SDP_prodStatesEnergy,result,result_010101,approx_ratio,approx_ratio_010101,diff. approx. ratio,sdp ws greater,duration_seconds,duration_seconds_excluding_warm_start_cache_io,warm_start_cache_used,warm_start_compute_time_seconds,warm_start_load_time_seconds,warm_start_save_time_seconds,warm_start_effective_time_seconds,warm_start_cache_path,full duration_seconds,finished_at,processor,hostname,total_ram_gb,physical_cores,logical_cores,python_version,peak_ram_mb,Instance_is_triangle_free,Instance_is_3_regular,optimiser,optimiser_use_heuristic,heuristic_optimiser_iterations,heuristic_optimiser_sampleSize,circuit_type,learning_rate_adam,warm_start_mode,lasserre_level,initial_solver_level_M,sdp_seed,sdp_solver_mode,sdp_scs_eps,sdp_scs_max_iters,compare_with_010101,init_QAOAparams_close_to_zero,use_correlations_as_initial_params,graph_generation_type,weighted,easiest_first,debug,save_circuit_svg,rerun_exclude_finished_instances,warm_start_cache_producer_only,qaoa_only_from_existing_warm_start_cache,num_repeats,relative_graph_adjList_path,persistent_warm_start_cache,warm_start_cache_dir,warm_start_cache_max_file_mb,warm_start_cache_max_total_gb,sdp_max_parallel,qaoa_max_parallel,sdp_threads,qaoa_threads,sdp_memory_limit_total_gb,sdp_memory_limit_single_gb,sdp_memory_poll_seconds,sdp_max_retries,queue_poll_interval_seconds,benchmark_repeat_idx,sdp_seed,hog_graph_index,edges,weights
b82dd17f,8,9,1,5.0,False,True,"[1, 1, 1]",,11.708745401211686,5.854372700605843,3.428934667148583,3.4252922766153886,3.2548005617301587,2.842676550606901,,,1.378297231611553,0.5540492093650373,3.5318251664126774,,,,,,406.70580863952637,1675.6507790088654,True,1268.9629075527191,0.017917156219482422,0.0,1268.9629075527191,Results/warm_start_cache/experiment_3/random_graphs_8to14vertices_78instances_20260625_143415_AdjacencyList__filehash_a79662a0/hog_idx000001_2d50d1faac03_seed42_L2_M2_amplified.npz,406.74160075187683,2026-07-06 11:38:26,x86_64,dacsgpu0002,,64,64,3.11.15,0.23,True,False,adam,True,2,1000,hamqaoa,0.05,standard,2,2,42,scs,1e-06,100000,False,False,False,hog,False,False,False,False,True,False,True,1,HOG_graphs/random_graphs_8to14vertices_78instances_20260625_143415_AdjacencyList.txt,True,Results/warm_start_cache/experiment_3,512,60,0,32,1,1,100,100,5,3,5,1,42,1,"[(2, 7), (1, 3), (3, 5), (0, 3), (4, 5), (3, 7), (1, 4), (0, 2), (3, 6)]","[1.0, 1.0, 1.0, 1.0, 1.0, 1.0, 1.0, 1.0, 1.0]"
47fa82a6,8,9,3,5.0,False,True,"[1, 1, 1]",,11.708745401211686,5.854372700605843,3.428934667148583,3.4252922766153886,3.2548005617301587,2.842676550606901,,,1.5628947732523057,0.7386467510057901,3.624123937233054,,,,,,943.4944930076599,2212.4539325237274,True,1268.9629075527191,0.0034513473510742188,0.0,1268.9629075527191,Results/warm_start_cache/experiment_3/random_graphs_8to14vertices_78instances_20260625_143415_AdjacencyList__filehash_a79662a0/hog_idx000001_2d50d1faac03_seed42_L2_M2_amplified.npz,943.5278115272522,2026-07-06 11:47:23,x86_64,dacsgpu0002,,64,64,3.11.15,0.27,True,False,adam,True,2,1000,hamqaoa,0.05,standard,2,2,42,scs,1e-06,100000,False,False,False,hog,False,False,False,False,True,False,True,1,HOG_graphs/random_graphs_8to14vertices_78instances_20260625_143415_AdjacencyList.txt,True,Results/warm_start_cache/experiment_3,512,60,0,32,1,1,100,100,5,3,5,1,42,1,"[(2, 7), (1, 3), (3, 5), (0, 3), (4, 5), (3, 7), (1, 4), (0, 2), (3, 6)]","[1.0, 1.0, 1.0, 1.0, 1.0, 1.0, 1.0, 1.0, 1.0]"
c782eafe,9,21,1,10.0,False,True,"[1, 1, 1]",,20.05605681970448,10.02802840985224,7.4299098119304645,6.170989684851687,7.138327232775514,6.336499194100858,,,0.7411410109869934,-0.8625150663623184,6.707069699594355,,,,,,1338.9163656234741,4283.025886297226,True,2944.1148681640625,0.005329608917236328,0.0,2944.1148681640625,Results/warm_start_cache/experiment_3/random_graphs_8to14vertices_78instances_20260625_143415_AdjacencyList__filehash_a79662a0/hog_idx000014_0210a11e9aa6_seed42_L2_M2_amplified.npz,1338.961130142212,2026-07-06 11:53:58,x86_64,dacsgpu0002,,64,64,3.11.15,0.29,False,False,adam,True,2,1000,hamqaoa,0.05,standard,2,2,42,scs,1e-06,100000,False,False,False,hog,False,False,False,False,True,False,True,1,HOG_graphs/random_graphs_8to14vertices_78instances_20260625_143415_AdjacencyList.txt,True,Results/warm_start_cache/experiment_3,512,60,0,32,1,1,100,100,5,3,5,1,42,14,"[(2, 3), (2, 6), (3, 5), (7, 8), (0, 8), (1, 7), (5, 7), (3, 4), (2, 8), (4, 5), (3, 7), (2, 5), (4, 8), (1, 3), (0, 7), (6, 8), (2, 4), (0, 3), (0, 6), (1, 5), (6, 7)]","[1.0, 1.0, 1.0, 1.0, 1.0, 1.0, 1.0, 1.0, 1.0, 1.0, 1.0, 1.0, 1.0, 1.0, 1.0, 1.0, 1.0, 1.0, 1.0, 1.0, 1.0]"
31efe8ce,9,21,1,5.0,False,True,"[1, 1, 1]",,20.05605681970448,10.02802840985224,7.4299098119304645,6.170989684851687,7.138327232775514,6.336499194100858,,,0.43191196519602926,-1.1717441121532826,6.552455176698873,,,,,,1346.028044462204,4290.134566068649,True,2944.1148681640625,0.008332490921020508,0.0,2944.1148681640625,Results/warm_start_cache/experiment_3/random_graphs_8to14vertices_78instances_20260625_143415_AdjacencyList__filehash_a79662a0/hog_idx000014_0210a11e9aa6_seed42_L2_M2_amplified.npz,1346.0358452796936,2026-07-06 11:54:01,x86_64,dacsgpu0002,,64,64,3.11.15,0.3,False,False,adam,True,2,1000,hamqaoa,0.05,standard,2,2,42,scs,1e-06,100000,False,False,False,hog,False,False,False,False,True,False,True,1,HOG_graphs/random_graphs_8to14vertices_78instances_20260625_143415_AdjacencyList.txt,True,Results/warm_start_cache/experiment_3,512,60,0,32,1,1,100,100,5,3,5,1,42,14,"[(2, 3), (2, 6), (3, 5), (7, 8), (0, 8), (1, 7), (5, 7), (3, 4), (2, 8), (4, 5), (3, 7), (2, 5), (4, 8), (1, 3), (0, 7), (6, 8), (2, 4), (0, 3), (0, 6), (1, 5), (6, 7)]","[1.0, 1.0, 1.0, 1.0, 1.0, 1.0, 1.0, 1.0, 1.0, 1.0, 1.0, 1.0, 1.0, 1.0, 1.0, 1.0, 1.0, 1.0, 1.0, 1.0, 1.0]"
7c0b61d6,9,21,1,25.0,False,True,"[1, 1, 1]",,20.05605681970448,10.02802840985224,7.4299098119304645,6.170989684851687,7.138327232775514,6.336499194100858,,,0.7357344131319898,-0.867921664217322,6.704366400666853,,,,,,1364.1663827896118,4308.271599769592,True,2944.1148681640625,0.009638786315917969,0.0,2944.1148681640625,Results/warm_start_cache/experiment_3/random_graphs_8to14vertices_78instances_20260625_143415_AdjacencyList__filehash_a79662a0/hog_idx000014_0210a11e9aa6_seed42_L2_M2_amplified.npz,1364.1835594177246,2026-07-06 11:54:19,x86_64,dacsgpu0002,,64,64,3.11.15,0.29,False,False,adam,True,2,1000,hamqaoa,0.05,standard,2,2,42,scs,1e-06,100000,False,False,False,hog,False,False,False,False,True,False,True,1,HOG_graphs/random_graphs_8to14vertices_78instances_20260625_143415_AdjacencyList.txt,True,Results/warm_start_cache/experiment_3,512,60,0,32,1,1,100,100,5,3,5,1,42,14,"[(2, 3), (2, 6), (3, 5), (7, 8), (0, 8), (1, 7), (5, 7), (3, 4), (2, 8), (4, 5), (3, 7), (2, 5), (4, 8), (1, 3), (0, 7), (6, 8), (2, 4), (0, 3), (0, 6), (1, 5), (6, 7)]","[1.0, 1.0, 1.0, 1.0, 1.0, 1.0, 1.0, 1.0, 1.0, 1.0, 1.0, 1.0, 1.0, 1.0, 1.0, 1.0, 1.0, 1.0, 1.0, 1.0, 1.0]"
375eeda5,8,9,1,10.0,False,True,"[1, 1, 1]",,11.708745401211686,5.854372700605843,3.428934667148583,3.4252922766153886,3.2548005617301587,2.842676550606901,,,1.4326761437461188,0.6084281214996032,3.5590146224799604,,,,,,411.5342755317688,1680.4762632846832,True,1268.9629075527191,0.02090311050415039,0.0,1268.9629075527191,Results/warm_start_cache/experiment_3/random_graphs_8to14vertices_78instances_20260625_143415_AdjacencyList__filehash_a79662a0/hog_idx000001_2d50d1faac03_seed42_L2_M2_amplified.npz,411.579062461853,2026-07-06 11:54:27,x86_64,dacsgpu0002,,64,64,3.11.15,0.23,True,False,adam,True,2,1000,hamqaoa,0.05,standard,2,2,42,scs,1e-06,100000,False,False,False,hog,False,False,False,False,True,False,True,1,HOG_graphs/random_graphs_8to14vertices_78instances_20260625_143415_AdjacencyList.txt,True,Results/warm_start_cache/experiment_3,512,60,0,32,1,1,100,100,5,3,5,1,42,1,"[(2, 7), (1, 3), (3, 5), (0, 3), (4, 5), (3, 7), (1, 4), (0, 2), (3, 6)]","[1.0, 1.0, 1.0, 1.0, 1.0, 1.0, 1.0, 1.0, 1.0]"
2480d226,9,21,1,50.0,False,True,"[1, 1, 1]",,20.05605681970448,10.02802840985224,7.4299098119304645,6.170989684851687,7.138327232775514,6.336499194100858,,,0.742796303226779,-0.8608597741225328,6.7078973457142475,,,,,,1381.5449135303497,4325.648902654648,True,2944.1148681640625,0.01086282730102539,0.0,2944.1148681640625,Results/warm_start_cache/experiment_3/random_graphs_8to14vertices_78instances_20260625_143415_AdjacencyList__filehash_a79662a0/hog_idx000014_0210a11e9aa6_seed42_L2_M2_amplified.npz,1381.5795311927795,2026-07-06 11:54:41,x86_64,dacsgpu0002,,64,64,3.11.15,0.29,False,False,adam,True,2,1000,hamqaoa,0.05,standard,2,2,42,scs,1e-06,100000,False,False,False,hog,False,False,False,False,True,False,True,1,HOG_graphs/random_graphs_8to14vertices_78instances_20260625_143415_AdjacencyList.txt,True,Results/warm_start_cache/experiment_3,512,60,0,32,1,1,100,100,5,3,5,1,42,14,"[(2, 3), (2, 6), (3, 5), (7, 8), (0, 8), (1, 7), (5, 7), (3, 4), (2, 8), (4, 5), (3, 7), (2, 5), (4, 8), (1, 3), (0, 7), (6, 8), (2, 4), (0, 3), (0, 6), (1, 5), (6, 7)]","[1.0, 1.0, 1.0, 1.0, 1.0, 1.0, 1.0, 1.0, 1.0, 1.0, 1.0, 1.0, 1.0, 1.0, 1.0, 1.0, 1.0, 1.0, 1.0, 1.0, 1.0]"
303d1052,9,21,1,100.0,False,True,"[1, 1, 1]",,20.05605681970448,10.02802840985224,7.4299098119304645,6.170989684851687,7.138327232775514,6.336499194100858,,,0.7433152408095793,-0.8603408365397325,6.708156814505648,,,,,,1422.188114643097,4366.299165248871,True,2944.1148681640625,0.0038030147552490234,0.0,2944.1148681640625,Results/warm_start_cache/experiment_3/random_graphs_8to14vertices_78instances_20260625_143415_AdjacencyList__filehash_a79662a0/hog_idx000014_0210a11e9aa6_seed42_L2_M2_amplified.npz,1422.2332844734192,2026-07-06 11:55:17,x86_64,dacsgpu0002,,64,64,3.11.15,0.29,False,False,adam,True,2,1000,hamqaoa,0.05,standard,2,2,42,scs,1e-06,100000,False,False,False,hog,False,False,False,False,True,False,True,1,HOG_graphs/random_graphs_8to14vertices_78instances_20260625_143415_AdjacencyList.txt,True,Results/warm_start_cache/experiment_3,512,60,0,32,1,1,100,100,5,3,5,1,42,14,"[(2, 3), (2, 6), (3, 5), (7, 8), (0, 8), (1, 7), (5, 7), (3, 4), (2, 8), (4, 5), (3, 7), (2, 5), (4, 8), (1, 3), (0, 7), (6, 8), (2, 4), (0, 3), (0, 6), (1, 5), (6, 7)]","[1.0, 1.0, 1.0, 1.0, 1.0, 1.0, 1.0, 1.0, 1.0, 1.0, 1.0, 1.0, 1.0, 1.0, 1.0, 1.0, 1.0, 1.0, 1.0, 1.0, 1.0]"
3a5d8bd9,8,9,1,25.0,False,True,"[1, 1, 1]",,11.708745401211686,5.854372700605843,3.428934667148583,3.4252922766153886,3.2548005617301587,2.842676550606901,,,1.4309462998330078,0.6066982775864922,3.558149700523405,,,,,,417.53421664237976,1686.4893727302551,True,1268.9629075527191,0.007737398147583008,0.0,1268.9629075527191,Results/warm_start_cache/experiment_3/random_graphs_8to14vertices_78instances_20260625_143415_AdjacencyList__filehash_a79662a0/hog_idx000001_2d50d1faac03_seed42_L2_M2_amplified.npz,417.5679609775543,2026-07-06 12:01:26,x86_64,dacsgpu0002,,64,64,3.11.15,0.23,True,False,adam,True,2,1000,hamqaoa,0.05,standard,2,2,42,scs,1e-06,100000,False,False,False,hog,False,False,False,False,True,False,True,1,HOG_graphs/random_graphs_8to14vertices_78instances_20260625_143415_AdjacencyList.txt,True,Results/warm_start_cache/experiment_3,512,60,0,32,1,1,100,100,5,3,5,1,42,1,"[(2, 7), (1, 3), (3, 5), (0, 3), (4, 5), (3, 7), (1, 4), (0, 2), (3, 6)]","[1.0, 1.0, 1.0, 1.0, 1.0, 1.0, 1.0, 1.0, 1.0]"
49aac760,8,9,1,50.0,False,True,"[1, 1, 1]",,11.708745401211686,5.854372700605843,3.428934667148583,3.4252922766153886,3.2548005617301587,2.842676550606901,,,1.435531607942849,0.6112835856963335,3.5604423545783255,,,,,,426.21539402008057,1695.1673991680145,True,1268.9629075527191,0.010886430740356445,0.0,1268.9629075527191,Results/warm_start_cache/experiment_3/random_graphs_8to14vertices_78instances_20260625_143415_AdjacencyList__filehash_a79662a0/hog_idx000001_2d50d1faac03_seed42_L2_M2_amplified.npz,426.2950828075409,2026-07-06 12:02:36,x86_64,dacsgpu0002,,64,64,3.11.15,0.23,True,False,adam,True,2,1000,hamqaoa,0.05,standard,2,2,42,scs,1e-06,100000,False,False,False,hog,False,False,False,False,True,False,True,1,HOG_graphs/random_graphs_8to14vertices_78instances_20260625_143415_AdjacencyList.txt,True,Results/warm_start_cache/experiment_3,512,60,0,32,1,1,100,100,5,3,5,1,42,1,"[(2, 7), (1, 3), (3, 5), (0, 3), (4, 5), (3, 7), (1, 4), (0, 2), (3, 6)]","[1.0, 1.0, 1.0, 1.0, 1.0, 1.0, 1.0, 1.0, 1.0]"
65c05f06,9,21,3,5.0,False,True,"[1, 1, 1]",,20.05605681970448,10.02802840985224,7.4299098119304645,6.170989684851687,7.138327232775514,6.336499194100858,,,1.2465394318189986,-0.3571166455303132,6.959768910010357,,,,,,2092.782160282135,5036.887513875961,True,2944.1148681640625,0.009500980377197266,0.0,2944.1148681640625,Results/warm_start_cache/experiment_3/random_graphs_8to14vertices_78instances_20260625_143415_AdjacencyList__filehash_a79662a0/hog_idx000014_0210a11e9aa6_seed42_L2_M2_amplified.npz,2092.7904057502747,2026-07-06 12:06:27,x86_64,dacsgpu0002,,64,64,3.11.15,0.43,False,False,adam,True,2,1000,hamqaoa,0.05,standard,2,2,42,scs,1e-06,100000,False,False,False,hog,False,False,False,False,True,False,True,1,HOG_graphs/random_graphs_8to14vertices_78instances_20260625_143415_AdjacencyList.txt,True,Results/warm_start_cache/experiment_3,512,60,0,32,1,1,100,100,5,3,5,1,42,14,"[(2, 3), (2, 6), (3, 5), (7, 8), (0, 8), (1, 7), (5, 7), (3, 4), (2, 8), (4, 5), (3, 7), (2, 5), (4, 8), (1, 3), (0, 7), (6, 8), (2, 4), (0, 3), (0, 6), (1, 5), (6, 7)]","[1.0, 1.0, 1.0, 1.0, 1.0, 1.0, 1.0, 1.0, 1.0, 1.0, 1.0, 1.0, 1.0, 1.0, 1.0, 1.0, 1.0, 1.0, 1.0, 1.0, 1.0]"
c9a4fb66,9,21,3,25.0,False,True,"[1, 1, 1]",,20.05605681970448,10.02802840985224,7.4299098119304645,6.170989684851687,7.138327232775514,6.336499194100858,,,1.9012780429122422,0.2976219655629304,7.287138215556979,,,,,,2101.0109765529633,5045.116939783096,True,2944.1148681640625,0.008889913558959961,0.0,2944.1148681640625,Results/warm_start_cache/experiment_3/random_graphs_8to14vertices_78instances_20260625_143415_AdjacencyList__filehash_a79662a0/hog_idx000014_0210a11e9aa6_seed42_L2_M2_amplified.npz,2101.023609161377,2026-07-06 12:06:36,x86_64,dacsgpu0002,,64,64,3.11.15,0.43,False,False,adam,True,2,1000,hamqaoa,0.05,standard,2,2,42,scs,1e-06,100000,False,False,False,hog,False,False,False,False,True,False,True,1,HOG_graphs/random_graphs_8to14vertices_78instances_20260625_143415_AdjacencyList.txt,True,Results/warm_start_cache/experiment_3,512,60,0,32,1,1,100,100,5,3,5,1,42,14,"[(2, 3), (2, 6), (3, 5), (7, 8), (0, 8), (1, 7), (5, 7), (3, 4), (2, 8), (4, 5), (3, 7), (2, 5), (4, 8), (1, 3), (0, 7), (6, 8), (2, 4), (0, 3), (0, 6), (1, 5), (6, 7)]","[1.0, 1.0, 1.0, 1.0, 1.0, 1.0, 1.0, 1.0, 1.0, 1.0, 1.0, 1.0, 1.0, 1.0, 1.0, 1.0, 1.0, 1.0, 1.0, 1.0, 1.0]"
94bc5e27,9,21,3,10.0,False,True,"[1, 1, 1]",,20.05605681970448,10.02802840985224,7.4299098119304645,6.170989684851687,7.138327232775514,6.336499194100858,,,1.8706863561909088,0.267030278841597,7.271842372196312,,,,,,2114.006697177887,5058.111757516861,True,2944.1148681640625,0.009793758392333984,0.0,2944.1148681640625,Results/warm_start_cache/experiment_3/random_graphs_8to14vertices_78instances_20260625_143415_AdjacencyList__filehash_a79662a0/hog_idx000014_0210a11e9aa6_seed42_L2_M2_amplified.npz,2114.0374944210052,2026-07-06 12:06:49,x86_64,dacsgpu0002,,64,64,3.11.15,0.43,False,False,adam,True,2,1000,hamqaoa,0.05,standard,2,2,42,scs,1e-06,100000,False,False,False,hog,False,False,False,False,True,False,True,1,HOG_graphs/random_graphs_8to14vertices_78instances_20260625_143415_AdjacencyList.txt,True,Results/warm_start_cache/experiment_3,512,60,0,32,1,1,100,100,5,3,5,1,42,14,"[(2, 3), (2, 6), (3, 5), (7, 8), (0, 8), (1, 7), (5, 7), (3, 4), (2, 8), (4, 5), (3, 7), (2, 5), (4, 8), (1, 3), (0, 7), (6, 8), (2, 4), (0, 3), (0, 6), (1, 5), (6, 7)]","[1.0, 1.0, 1.0, 1.0, 1.0, 1.0, 1.0, 1.0, 1.0, 1.0, 1.0, 1.0, 1.0, 1.0, 1.0, 1.0, 1.0, 1.0, 1.0, 1.0, 1.0]"
11f3a701,9,21,3,50.0,False,True,"[1, 1, 1]",,20.05605681970448,10.02802840985224,7.4299098119304645,6.170989684851687,7.138327232775514,6.336499194100858,,,1.9377220641100603,0.3340659867607485,7.305360226155888,,,,,,2150.66304063797,5094.768887758255,True,2944.1148681640625,0.009005546569824219,0.0,2944.1148681640625,Results/warm_start_cache/experiment_3/random_graphs_8to14vertices_78instances_20260625_143415_AdjacencyList__filehash_a79662a0/hog_idx000014_0210a11e9aa6_seed42_L2_M2_amplified.npz,2150.68310213089,2026-07-06 12:07:25,x86_64,dacsgpu0002,,64,64,3.11.15,0.42,False,False,adam,True,2,1000,hamqaoa,0.05,standard,2,2,42,scs,1e-06,100000,False,False,False,hog,False,False,False,False,True,False,True,1,HOG_graphs/random_graphs_8to14vertices_78instances_20260625_143415_AdjacencyList.txt,True,Results/warm_start_cache/experiment_3,512,60,0,32,1,1,100,100,5,3,5,1,42,14,"[(2, 3), (2, 6), (3, 5), (7, 8), (0, 8), (1, 7), (5, 7), (3, 4), (2, 8), (4, 5), (3, 7), (2, 5), (4, 8), (1, 3), (0, 7), (6, 8), (2, 4), (0, 3), (0, 6), (1, 5), (6, 7)]","[1.0, 1.0, 1.0, 1.0, 1.0, 1.0, 1.0, 1.0, 1.0, 1.0, 1.0, 1.0, 1.0, 1.0, 1.0, 1.0, 1.0, 1.0, 1.0, 1.0, 1.0]"
30325f8a,9,21,3,100.0,False,True,"[1, 1, 1]",,20.05605681970448,10.02802840985224,7.4299098119304645,6.170989684851687,7.138327232775514,6.336499194100858,,,2.385691506666193,0.7820354293168812,7.529344947433954,,,,,,2190.80962061882,5134.920736312866,True,2944.1148681640625,0.0037374496459960938,0.0,2944.1148681640625,Results/warm_start_cache/experiment_3/random_graphs_8to14vertices_78instances_20260625_143415_AdjacencyList__filehash_a79662a0/hog_idx000014_0210a11e9aa6_seed42_L2_M2_amplified.npz,2190.834716320038,2026-07-06 12:08:06,x86_64,dacsgpu0002,,64,64,3.11.15,0.43,False,False,adam,True,2,1000,hamqaoa,0.05,standard,2,2,42,scs,1e-06,100000,False,False,False,hog,False,False,False,False,True,False,True,1,HOG_graphs/random_graphs_8to14vertices_78instances_20260625_143415_AdjacencyList.txt,True,Results/warm_start_cache/experiment_3,512,60,0,32,1,1,100,100,5,3,5,1,42,14,"[(2, 3), (2, 6), (3, 5), (7, 8), (0, 8), (1, 7), (5, 7), (3, 4), (2, 8), (4, 5), (3, 7), (2, 5), (4, 8), (1, 3), (0, 7), (6, 8), (2, 4), (0, 3), (0, 6), (1, 5), (6, 7)]","[1.0, 1.0, 1.0, 1.0, 1.0, 1.0, 1.0, 1.0, 1.0, 1.0, 1.0, 1.0, 1.0, 1.0, 1.0, 1.0, 1.0, 1.0, 1.0, 1.0, 1.0]"
01da10ce,8,9,5,5.0,False,True,"[1, 1, 1]",,11.708745401211686,5.854372700605843,3.428934667148583,3.4252922766153886,3.2548005617301587,2.842676550606901,,,1.8597057116263107,1.035457689379795,3.7725294064200563,,,,,,1799.8210997581482,3068.7759137153625,True,1268.9629075527191,0.008077144622802734,0.0,1268.9629075527191,Results/warm_start_cache/experiment_3/random_graphs_8to14vertices_78instances_20260625_143415_AdjacencyList__filehash_a79662a0/hog_idx000001_2d50d1faac03_seed42_L2_M2_amplified.npz,1799.8884761333466,2026-07-06 12:08:40,x86_64,dacsgpu0002,,64,64,3.11.15,0.31,True,False,adam,True,2,1000,hamqaoa,0.05,standard,2,2,42,scs,1e-06,100000,False,False,False,hog,False,False,False,False,True,False,True,1,HOG_graphs/random_graphs_8to14vertices_78instances_20260625_143415_AdjacencyList.txt,True,Results/warm_start_cache/experiment_3,512,60,0,32,1,1,100,100,5,3,5,1,42,1,"[(2, 7), (1, 3), (3, 5), (0, 3), (4, 5), (3, 7), (1, 4), (0, 2), (3, 6)]","[1.0, 1.0, 1.0, 1.0, 1.0, 1.0, 1.0, 1.0, 1.0]"
c7cfaf82,8,9,3,10.0,False,True,"[1, 1, 1]",,11.708745401211686,5.854372700605843,3.428934667148583,3.4252922766153886,3.2548005617301587,2.842676550606901,,,2.1117672641782086,1.287519241931693,3.8985601826960052,,,,,,969.3711071014404,2238.310935020447,True,1268.9629075527191,0.022402286529541016,0.0,1268.9629075527191,Results/warm_start_cache/experiment_3/random_graphs_8to14vertices_78instances_20260625_143415_AdjacencyList__filehash_a79662a0/hog_idx000001_2d50d1faac03_seed42_L2_M2_amplified.npz,969.4119646549225,2026-07-06 12:10:19,x86_64,dacsgpu0002,,64,64,3.11.15,0.27,True,False,adam,True,2,1000,hamqaoa,0.05,standard,2,2,42,scs,1e-06,100000,False,False,False,hog,False,False,False,False,True,False,True,1,HOG_graphs/random_graphs_8to14vertices_78instances_20260625_143415_AdjacencyList.txt,True,Results/warm_start_cache/experiment_3,512,60,0,32,1,1,100,100,5,3,5,1,42,1,"[(2, 7), (1, 3), (3, 5), (0, 3), (4, 5), (3, 7), (1, 4), (0, 2), (3, 6)]","[1.0, 1.0, 1.0, 1.0, 1.0, 1.0, 1.0, 1.0, 1.0]"
ceea67d9,8,9,3,25.0,False,True,"[1, 1, 1]",,11.708745401211686,5.854372700605843,3.428934667148583,3.4252922766153886,3.2548005617301587,2.842676550606901,,,2.2814202695523287,1.457172247305813,3.9833866853830653,,,,,,963.7922849655151,2232.7306253910065,True,1268.9629075527191,0.024550914764404297,0.0,1268.9629075527191,Results/warm_start_cache/experiment_3/random_graphs_8to14vertices_78instances_20260625_143415_AdjacencyList__filehash_a79662a0/hog_idx000001_2d50d1faac03_seed42_L2_M2_amplified.npz,963.8618557453156,2026-07-06 12:10:39,x86_64,dacsgpu0002,,64,64,3.11.15,0.27,True,False,adam,True,2,1000,hamqaoa,0.05,standard,2,2,42,scs,1e-06,100000,False,False,False,hog,False,False,False,False,True,False,True,1,HOG_graphs/random_graphs_8to14vertices_78instances_20260625_143415_AdjacencyList.txt,True,Results/warm_start_cache/experiment_3,512,60,0,32,1,1,100,100,5,3,5,1,42,1,"[(2, 7), (1, 3), (3, 5), (0, 3), (4, 5), (3, 7), (1, 4), (0, 2), (3, 6)]","[1.0, 1.0, 1.0, 1.0, 1.0, 1.0, 1.0, 1.0, 1.0]"
994f46d2,8,9,1,100.0,False,True,"[1, 1, 1]",,11.708745401211686,5.854372700605843,3.428934667148583,3.4252922766153886,3.2548005617301587,2.842676550606901,,,1.4356303895895666,0.611382367343051,3.5604917454016842,,,,,,423.9361855983734,1692.8501467704773,True,1268.9629075527191,0.048931121826171875,0.0,1268.9629075527191,Results/warm_start_cache/experiment_3/random_graphs_8to14vertices_78instances_20260625_143415_AdjacencyList__filehash_a79662a0/hog_idx000001_2d50d1faac03_seed42_L2_M2_amplified.npz,424.02709555625916,2026-07-06 12:13:43,x86_64,dacsgpu0002,,64,64,3.11.15,0.23,True,False,adam,True,2,1000,hamqaoa,0.05,standard,2,2,42,scs,1e-06,100000,False,False,False,hog,False,False,False,False,True,False,True,1,HOG_graphs/random_graphs_8to14vertices_78instances_20260625_143415_AdjacencyList.txt,True,Results/warm_start_cache/experiment_3,512,60,0,32,1,1,100,100,5,3,5,1,42,1,"[(2, 7), (1, 3), (3, 5), (0, 3), (4, 5), (3, 7), (1, 4), (0, 2), (3, 6)]","[1.0, 1.0, 1.0, 1.0, 1.0, 1.0, 1.0, 1.0, 1.0]"
8fc04577,8,9,3,50.0,False,True,"[1, 1, 1]",,11.708745401211686,5.854372700605843,3.428934667148583,3.4252922766153886,3.2548005617301587,2.842676550606901,,,2.8518192826331807,2.027571260386665,4.268586191923491,,,,,,992.8410692214966,2261.795838832855,True,1268.9629075527191,0.008121490478515625,0.0,1268.9629075527191,Results/warm_start_cache/experiment_3/random_graphs_8to14vertices_78instances_20260625_143415_AdjacencyList__filehash_a79662a0/hog_idx000001_2d50d1faac03_seed42_L2_M2_amplified.npz,992.8831887245178,2026-07-06 12:18:11,x86_64,dacsgpu0002,,64,64,3.11.15,0.26,True,False,adam,True,2,1000,hamqaoa,0.05,standard,2,2,42,scs,1e-06,100000,False,False,False,hog,False,False,False,False,True,False,True,1,HOG_graphs/random_graphs_8to14vertices_78instances_20260625_143415_AdjacencyList.txt,True,Results/warm_start_cache/experiment_3,512,60,0,32,1,1,100,100,5,3,5,1,42,1,"[(2, 7), (1, 3), (3, 5), (0, 3), (4, 5), (3, 7), (1, 4), (0, 2), (3, 6)]","[1.0, 1.0, 1.0, 1.0, 1.0, 1.0, 1.0, 1.0, 1.0]"
515eadb2,8,9,3,100.0,False,True,"[1, 1, 1]",,11.708745401211686,5.854372700605843,3.428934667148583,3.4252922766153886,3.2548005617301587,2.842676550606901,,,2.865495141738566,2.0412471194920503,4.275424121476184,,,,,,997.6343421936035,2266.589076757431,True,1268.9629075527191,0.008156538009643555,0.0,1268.9629075527191,Results/warm_start_cache/experiment_3/random_graphs_8to14vertices_78instances_20260625_143415_AdjacencyList__filehash_a79662a0/hog_idx000001_2d50d1faac03_seed42_L2_M2_amplified.npz,997.6994292736053,2026-07-06 12:23:24,x86_64,dacsgpu0002,,64,64,3.11.15,0.28,True,False,adam,True,2,1000,hamqaoa,0.05,standard,2,2,42,scs,1e-06,100000,False,False,False,hog,False,False,False,False,True,False,True,1,HOG_graphs/random_graphs_8to14vertices_78instances_20260625_143415_AdjacencyList.txt,True,Results/warm_start_cache/experiment_3,512,60,0,32,1,1,100,100,5,3,5,1,42,1,"[(2, 7), (1, 3), (3, 5), (0, 3), (4, 5), (3, 7), (1, 4), (0, 2), (3, 6)]","[1.0, 1.0, 1.0, 1.0, 1.0, 1.0, 1.0, 1.0, 1.0]"
94a696c4,9,21,5,5.0,False,True,"[1, 1, 1]",,20.05605681970448,10.02802840985224,7.4299098119304645,6.170989684851687,7.138327232775514,6.336499194100858,,,1.5255016884132537,-0.07815438893605808,7.099250038307485,,,,,,3185.1623709201813,6129.2677211761475,True,2944.1148681640625,0.009500741958618164,0.0,2944.1148681640625,Results/warm_start_cache/experiment_3/random_graphs_8to14vertices_78instances_20260625_143415_AdjacencyList__filehash_a79662a0/hog_idx000014_0210a11e9aa6_seed42_L2_M2_amplified.npz,3185.18367934227,2026-07-06 12:24:40,x86_64,dacsgpu0002,,64,64,3.11.15,0.54,False,False,adam,True,2,1000,hamqaoa,0.05,standard,2,2,42,scs,1e-06,100000,False,False,False,hog,False,False,False,False,True,False,True,1,HOG_graphs/random_graphs_8to14vertices_78instances_20260625_143415_AdjacencyList.txt,True,Results/warm_start_cache/experiment_3,512,60,0,32,1,1,100,100,5,3,5,1,42,14,"[(2, 3), (2, 6), (3, 5), (7, 8), (0, 8), (1, 7), (5, 7), (3, 4), (2, 8), (4, 5), (3, 7), (2, 5), (4, 8), (1, 3), (0, 7), (6, 8), (2, 4), (0, 3), (0, 6), (1, 5), (6, 7)]","[1.0, 1.0, 1.0, 1.0, 1.0, 1.0, 1.0, 1.0, 1.0, 1.0, 1.0, 1.0, 1.0, 1.0, 1.0, 1.0, 1.0, 1.0, 1.0, 1.0, 1.0]"
e0c5f652,9,21,5,10.0,False,True,"[1, 1, 1]",,20.05605681970448,10.02802840985224,7.4299098119304645,6.170989684851687,7.138327232775514,6.336499194100858,,,1.7948368629037628,0.19118078555445095,7.233917625552739,,,,,,3190.9876120090485,6135.0927522182465,True,2944.1148681640625,0.00971221923828125,0.0,2944.1148681640625,Results/warm_start_cache/experiment_3/random_graphs_8to14vertices_78instances_20260625_143415_AdjacencyList__filehash_a79662a0/hog_idx000014_0210a11e9aa6_seed42_L2_M2_amplified.npz,3190.996727705002,2026-07-06 12:24:46,x86_64,dacsgpu0002,,64,64,3.11.15,0.54,False,False,adam,True,2,1000,hamqaoa,0.05,standard,2,2,42,scs,1e-06,100000,False,False,False,hog,False,False,False,False,True,False,True,1,HOG_graphs/random_graphs_8to14vertices_78instances_20260625_143415_AdjacencyList.txt,True,Results/warm_start_cache/experiment_3,512,60,0,32,1,1,100,100,5,3,5,1,42,14,"[(2, 3), (2, 6), (3, 5), (7, 8), (0, 8), (1, 7), (5, 7), (3, 4), (2, 8), (4, 5), (3, 7), (2, 5), (4, 8), (1, 3), (0, 7), (6, 8), (2, 4), (0, 3), (0, 6), (1, 5), (6, 7)]","[1.0, 1.0, 1.0, 1.0, 1.0, 1.0, 1.0, 1.0, 1.0, 1.0, 1.0, 1.0, 1.0, 1.0, 1.0, 1.0, 1.0, 1.0, 1.0, 1.0, 1.0]"
deb20fb8,8,9,5,10.0,False,True,"[1, 1, 1]",,11.708745401211686,5.854372700605843,3.428934667148583,3.4252922766153886,3.2548005617301587,2.842676550606901,,,2.695057407476143,1.8708093852296273,4.190205254344972,,,,,,1857.8099012374878,3126.76118183136,True,1268.9629075527191,0.011609315872192383,0.0,1268.9629075527191,Results/warm_start_cache/experiment_3/random_graphs_8to14vertices_78instances_20260625_143415_AdjacencyList__filehash_a79662a0/hog_idx000001_2d50d1faac03_seed42_L2_M2_amplified.npz,1857.8433785438538,2026-07-06 12:25:08,x86_64,dacsgpu0002,,64,64,3.11.15,0.3,True,False,adam,True,2,1000,hamqaoa,0.05,standard,2,2,42,scs,1e-06,100000,False,False,False,hog,False,False,False,False,True,False,True,1,HOG_graphs/random_graphs_8to14vertices_78instances_20260625_143415_AdjacencyList.txt,True,Results/warm_start_cache/experiment_3,512,60,0,32,1,1,100,100,5,3,5,1,42,1,"[(2, 7), (1, 3), (3, 5), (0, 3), (4, 5), (3, 7), (1, 4), (0, 2), (3, 6)]","[1.0, 1.0, 1.0, 1.0, 1.0, 1.0, 1.0, 1.0, 1.0]"
b1295b93,9,21,5,25.0,False,True,"[1, 1, 1]",,20.05605681970448,10.02802840985224,7.4299098119304645,6.170989684851687,7.138327232775514,6.336499194100858,,,1.9215496697622552,0.31789359241294335,7.2972740289819855,,,,,,3224.0747044086456,6168.180443525314,True,2944.1148681640625,0.00911092758178711,0.0,2944.1148681640625,Results/warm_start_cache/experiment_3/random_graphs_8to14vertices_78instances_20260625_143415_AdjacencyList__filehash_a79662a0/hog_idx000014_0210a11e9aa6_seed42_L2_M2_amplified.npz,3224.0820636749268,2026-07-06 12:25:19,x86_64,dacsgpu0002,,64,64,3.11.15,0.55,False,False,adam,True,2,1000,hamqaoa,0.05,standard,2,2,42,scs,1e-06,100000,False,False,False,hog,False,False,False,False,True,False,True,1,HOG_graphs/random_graphs_8to14vertices_78instances_20260625_143415_AdjacencyList.txt,True,Results/warm_start_cache/experiment_3,512,60,0,32,1,1,100,100,5,3,5,1,42,14,"[(2, 3), (2, 6), (3, 5), (7, 8), (0, 8), (1, 7), (5, 7), (3, 4), (2, 8), (4, 5), (3, 7), (2, 5), (4, 8), (1, 3), (0, 7), (6, 8), (2, 4), (0, 3), (0, 6), (1, 5), (6, 7)]","[1.0, 1.0, 1.0, 1.0, 1.0, 1.0, 1.0, 1.0, 1.0, 1.0, 1.0, 1.0, 1.0, 1.0, 1.0, 1.0, 1.0, 1.0, 1.0, 1.0, 1.0]"
dc0ec418,8,9,5,25.0,False,True,"[1, 1, 1]",,11.708745401211686,5.854372700605843,3.428934667148583,3.4252922766153886,3.2548005617301587,2.842676550606901,,,2.7382915010039186,1.914043478757403,4.21182230110886,,,,,,1845.3254511356354,3114.2849218845367,True,1268.9629075527191,0.003415346145629883,0.0,1268.9629075527191,Results/warm_start_cache/experiment_3/random_graphs_8to14vertices_78instances_20260625_143415_AdjacencyList__filehash_a79662a0/hog_idx000001_2d50d1faac03_seed42_L2_M2_amplified.npz,1845.38347697258,2026-07-06 12:25:36,x86_64,dacsgpu0002,,64,64,3.11.15,0.31,True,False,adam,True,2,1000,hamqaoa,0.05,standard,2,2,42,scs,1e-06,100000,False,False,False,hog,False,False,False,False,True,False,True,1,HOG_graphs/random_graphs_8to14vertices_78instances_20260625_143415_AdjacencyList.txt,True,Results/warm_start_cache/experiment_3,512,60,0,32,1,1,100,100,5,3,5,1,42,1,"[(2, 7), (1, 3), (3, 5), (0, 3), (4, 5), (3, 7), (1, 4), (0, 2), (3, 6)]","[1.0, 1.0, 1.0, 1.0, 1.0, 1.0, 1.0, 1.0, 1.0]"
6ddbfa8e,9,21,5,50.0,False,True,"[1, 1, 1]",,20.05605681970448,10.02802840985224,7.4299098119304645,6.170989684851687,7.138327232775514,6.336499194100858,,,2.5400761835781047,0.9364201062287929,7.60653728588991,,,,,,3248.2345685958862,6192.345411300659,True,2944.1148681640625,0.0040090084075927734,0.0,2944.1148681640625,Results/warm_start_cache/experiment_3/random_graphs_8to14vertices_78instances_20260625_143415_AdjacencyList__filehash_a79662a0/hog_idx000014_0210a11e9aa6_seed42_L2_M2_amplified.npz,3248.249785900116,2026-07-06 12:25:43,x86_64,dacsgpu0002,,64,64,3.11.15,0.56,False,False,adam,True,2,1000,hamqaoa,0.05,standard,2,2,42,scs,1e-06,100000,False,False,False,hog,False,False,False,False,True,False,True,1,HOG_graphs/random_graphs_8to14vertices_78instances_20260625_143415_AdjacencyList.txt,True,Results/warm_start_cache/experiment_3,512,60,0,32,1,1,100,100,5,3,5,1,42,14,"[(2, 3), (2, 6), (3, 5), (7, 8), (0, 8), (1, 7), (5, 7), (3, 4), (2, 8), (4, 5), (3, 7), (2, 5), (4, 8), (1, 3), (0, 7), (6, 8), (2, 4), (0, 3), (0, 6), (1, 5), (6, 7)]","[1.0, 1.0, 1.0, 1.0, 1.0, 1.0, 1.0, 1.0, 1.0, 1.0, 1.0, 1.0, 1.0, 1.0, 1.0, 1.0, 1.0, 1.0, 1.0, 1.0, 1.0]"
3445759e,9,21,5,100.0,False,True,"[1, 1, 1]",,20.05605681970448,10.02802840985224,7.4299098119304645,6.170989684851687,7.138327232775514,6.336499194100858,,,3.2509424943979983,1.6472864170486865,7.961970441299857,,,,,,3328.279801130295,6272.391122102737,True,2944.1148681640625,0.003531217575073242,0.0,2944.1148681640625,Results/warm_start_cache/experiment_3/random_graphs_8to14vertices_78instances_20260625_143415_AdjacencyList__filehash_a79662a0/hog_idx000014_0210a11e9aa6_seed42_L2_M2_amplified.npz,3328.2948937416077,2026-07-06 12:27:04,x86_64,dacsgpu0002,,64,64,3.11.15,0.55,False,False,adam,True,2,1000,hamqaoa,0.05,standard,2,2,42,scs,1e-06,100000,False,False,False,hog,False,False,False,False,True,False,True,1,HOG_graphs/random_graphs_8to14vertices_78instances_20260625_143415_AdjacencyList.txt,True,Results/warm_start_cache/experiment_3,512,60,0,32,1,1,100,100,5,3,5,1,42,14,"[(2, 3), (2, 6), (3, 5), (7, 8), (0, 8), (1, 7), (5, 7), (3, 4), (2, 8), (4, 5), (3, 7), (2, 5), (4, 8), (1, 3), (0, 7), (6, 8), (2, 4), (0, 3), (0, 6), (1, 5), (6, 7)]","[1.0, 1.0, 1.0, 1.0, 1.0, 1.0, 1.0, 1.0, 1.0, 1.0, 1.0, 1.0, 1.0, 1.0, 1.0, 1.0, 1.0, 1.0, 1.0, 1.0, 1.0]"
2d7c96e6,8,9,5,50.0,False,True,"[1, 1, 1]",,11.708745401211686,5.854372700605843,3.428934667148583,3.4252922766153886,3.2548005617301587,2.842676550606901,,,3.168170479429903,2.343922457183387,4.426761790321852,,,,,,1883.903235912323,3152.8517038822174,True,1268.9629075527191,0.014422893524169922,0.0,1268.9629075527191,Results/warm_start_cache/experiment_3/random_graphs_8to14vertices_78instances_20260625_143415_AdjacencyList__filehash_a79662a0/hog_idx000001_2d50d1faac03_seed42_L2_M2_amplified.npz,1883.9429886341095,2026-07-06 12:34:14,x86_64,dacsgpu0002,,64,64,3.11.15,0.29,True,False,adam,True,2,1000,hamqaoa,0.05,standard,2,2,42,scs,1e-06,100000,False,False,False,hog,False,False,False,False,True,False,True,1,HOG_graphs/random_graphs_8to14vertices_78instances_20260625_143415_AdjacencyList.txt,True,Results/warm_start_cache/experiment_3,512,60,0,32,1,1,100,100,5,3,5,1,42,1,"[(2, 7), (1, 3), (3, 5), (0, 3), (4, 5), (3, 7), (1, 4), (0, 2), (3, 6)]","[1.0, 1.0, 1.0, 1.0, 1.0, 1.0, 1.0, 1.0, 1.0]"
bd443104,8,9,5,100.0,False,True,"[1, 1, 1]",,11.708745401211686,5.854372700605843,3.428934667148583,3.4252922766153886,3.2548005617301587,2.842676550606901,,,2.8105232511614355,1.98627522891492,4.247938176187619,,,,,,1942.9049100875854,3211.8595383167267,True,1268.9629075527191,0.008261919021606445,0.0,1268.9629075527191,Results/warm_start_cache/experiment_3/random_graphs_8to14vertices_78instances_20260625_143415_AdjacencyList__filehash_a79662a0/hog_idx000001_2d50d1faac03_seed42_L2_M2_amplified.npz,1942.9467701911926,2026-07-06 12:39:20,x86_64,dacsgpu0002,,64,64,3.11.15,0.3,True,False,adam,True,2,1000,hamqaoa,0.05,standard,2,2,42,scs,1e-06,100000,False,False,False,hog,False,False,False,False,True,False,True,1,HOG_graphs/random_graphs_8to14vertices_78instances_20260625_143415_AdjacencyList.txt,True,Results/warm_start_cache/experiment_3,512,60,0,32,1,1,100,100,5,3,5,1,42,1,"[(2, 7), (1, 3), (3, 5), (0, 3), (4, 5), (3, 7), (1, 4), (0, 2), (3, 6)]","[1.0, 1.0, 1.0, 1.0, 1.0, 1.0, 1.0, 1.0, 1.0]"
971fa85c,11,24,1,10.0,False,True,"[1, 1, 1]",,23.86884757117305,11.934423785586525,8.78017660648317,7.239662988447046,8.434860566895686,7.716357082713689,,,1.4284812356312706,-0.008525732732724833,8.430597700529324,,,,,,66435.5002977848,83809.82587051392,True,17374.333897829056,0.008308649063110352,0.0,17374.333897829056,Results/warm_start_cache/experiment_3/random_graphs_8to14vertices_78instances_20260625_143415_AdjacencyList__filehash_a79662a0/hog_idx000039_3fc7c6adb282_seed42_L2_M2_amplified.npz,66435.53047418594,2026-07-07 05:58:52,x86_64,dacsgpu0002,,64,64,3.11.15,1.11,False,False,adam,True,2,1000,hamqaoa,0.05,standard,2,2,42,scs,1e-06,100000,False,False,False,hog,False,False,False,False,True,False,True,1,HOG_graphs/random_graphs_8to14vertices_78instances_20260625_143415_AdjacencyList.txt,True,Results/warm_start_cache/experiment_3,512,60,0,32,1,1,100,100,5,3,5,1,42,39,"[(2, 6), (4, 6), (4, 9), (0, 5), (1, 4), (0, 2), (0, 8), (1, 7), (5, 10), (6, 9), (4, 5), (4, 8), (7, 10), (8, 9), (0, 1), (1, 6), (0, 4), (2, 4), (2, 10), (4, 7), (0, 3), (1, 8), (1, 5), (6, 7)]","[1.0, 1.0, 1.0, 1.0, 1.0, 1.0, 1.0, 1.0, 1.0, 1.0, 1.0, 1.0, 1.0, 1.0, 1.0, 1.0, 1.0, 1.0, 1.0, 1.0, 1.0, 1.0, 1.0, 1.0]"
31ff704e,11,24,1,5.0,False,True,"[1, 1, 1]",,23.86884757117305,11.934423785586525,8.78017660648317,7.239662988447046,8.434860566895686,7.716357082713689,,,1.228070109398299,-0.20893685896569636,8.330392137412838,,,,,,66545.32259345055,83919.61115026474,True,17374.333897829056,0.04532456398010254,0.0,17374.333897829056,Results/warm_start_cache/experiment_3/random_graphs_8to14vertices_78instances_20260625_143415_AdjacencyList__filehash_a79662a0/hog_idx000039_3fc7c6adb282_seed42_L2_M2_amplified.npz,66545.37126970291,2026-07-07 06:00:41,x86_64,dacsgpu0002,,64,64,3.11.15,1.11,False,False,adam,True,2,1000,hamqaoa,0.05,standard,2,2,42,scs,1e-06,100000,False,False,False,hog,False,False,False,False,True,False,True,1,HOG_graphs/random_graphs_8to14vertices_78instances_20260625_143415_AdjacencyList.txt,True,Results/warm_start_cache/experiment_3,512,60,0,32,1,1,100,100,5,3,5,1,42,39,"[(2, 6), (4, 6), (4, 9), (0, 5), (1, 4), (0, 2), (0, 8), (1, 7), (5, 10), (6, 9), (4, 5), (4, 8), (7, 10), (8, 9), (0, 1), (1, 6), (0, 4), (2, 4), (2, 10), (4, 7), (0, 3), (1, 8), (1, 5), (6, 7)]","[1.0, 1.0, 1.0, 1.0, 1.0, 1.0, 1.0, 1.0, 1.0, 1.0, 1.0, 1.0, 1.0, 1.0, 1.0, 1.0, 1.0, 1.0, 1.0, 1.0, 1.0, 1.0, 1.0, 1.0]"
75cfaafd,11,24,1,25.0,False,True,"[1, 1, 1]",,23.86884757117305,11.934423785586525,8.78017660648317,7.239662988447046,8.434860566895686,7.716357082713689,,,1.4154731932631677,-0.021533775100827768,8.424093679345273,,,,,,67124.31807422638,84498.64252257347,True,17374.333897829056,0.009432554244995117,0.0,17374.333897829056,Results/warm_start_cache/experiment_3/random_graphs_8to14vertices_78instances_20260625_143415_AdjacencyList__filehash_a79662a0/hog_idx000039_3fc7c6adb282_seed42_L2_M2_amplified.npz,67124.3717443943,2026-07-07 06:10:21,x86_64,dacsgpu0002,,64,64,3.11.15,1.11,False,False,adam,True,2,1000,hamqaoa,0.05,standard,2,2,42,scs,1e-06,100000,False,False,False,hog,False,False,False,False,True,False,True,1,HOG_graphs/random_graphs_8to14vertices_78instances_20260625_143415_AdjacencyList.txt,True,Results/warm_start_cache/experiment_3,512,60,0,32,1,1,100,100,5,3,5,1,42,39,"[(2, 6), (4, 6), (4, 9), (0, 5), (1, 4), (0, 2), (0, 8), (1, 7), (5, 10), (6, 9), (4, 5), (4, 8), (7, 10), (8, 9), (0, 1), (1, 6), (0, 4), (2, 4), (2, 10), (4, 7), (0, 3), (1, 8), (1, 5), (6, 7)]","[1.0, 1.0, 1.0, 1.0, 1.0, 1.0, 1.0, 1.0, 1.0, 1.0, 1.0, 1.0, 1.0, 1.0, 1.0, 1.0, 1.0, 1.0, 1.0, 1.0, 1.0, 1.0, 1.0, 1.0]"
bf1f6be3,11,24,1,50.0,False,True,"[1, 1, 1]",,23.86884757117305,11.934423785586525,8.78017660648317,7.239662988447046,8.434860566895686,7.716357082713689,,,1.449524262956789,0.012517294592793604,8.441119214192083,,,,,,67624.66608572006,84998.98980355263,True,17374.333897829056,0.01016378402709961,0.0,17374.333897829056,Results/warm_start_cache/experiment_3/random_graphs_8to14vertices_78instances_20260625_143415_AdjacencyList__filehash_a79662a0/hog_idx000039_3fc7c6adb282_seed42_L2_M2_amplified.npz,67624.7156715393,2026-07-07 06:18:42,x86_64,dacsgpu0002,,64,64,3.11.15,1.11,False,False,adam,True,2,1000,hamqaoa,0.05,standard,2,2,42,scs,1e-06,100000,False,False,False,hog,False,False,False,False,True,False,True,1,HOG_graphs/random_graphs_8to14vertices_78instances_20260625_143415_AdjacencyList.txt,True,Results/warm_start_cache/experiment_3,512,60,0,32,1,1,100,100,5,3,5,1,42,39,"[(2, 6), (4, 6), (4, 9), (0, 5), (1, 4), (0, 2), (0, 8), (1, 7), (5, 10), (6, 9), (4, 5), (4, 8), (7, 10), (8, 9), (0, 1), (1, 6), (0, 4), (2, 4), (2, 10), (4, 7), (0, 3), (1, 8), (1, 5), (6, 7)]","[1.0, 1.0, 1.0, 1.0, 1.0, 1.0, 1.0, 1.0, 1.0, 1.0, 1.0, 1.0, 1.0, 1.0, 1.0, 1.0, 1.0, 1.0, 1.0, 1.0, 1.0, 1.0, 1.0, 1.0]"
99888b97,11,24,1,100.0,False,True,"[1, 1, 1]",,23.86884757117305,11.934423785586525,8.78017660648317,7.239662988447046,8.434860566895686,7.716357082713689,,,1.4499783622163243,0.012971393852328816,8.44134626382185,,,,,,69135.85165905952,86510.16796422005,True,17374.333897829056,0.017571449279785156,0.0,17374.333897829056,Results/warm_start_cache/experiment_3/random_graphs_8to14vertices_78instances_20260625_143415_AdjacencyList__filehash_a79662a0/hog_idx000039_3fc7c6adb282_seed42_L2_M2_amplified.npz,69135.90637779236,2026-07-07 06:43:54,x86_64,dacsgpu0002,,64,64,3.11.15,1.11,False,False,adam,True,2,1000,hamqaoa,0.05,standard,2,2,42,scs,1e-06,100000,False,False,False,hog,False,False,False,False,True,False,True,1,HOG_graphs/random_graphs_8to14vertices_78instances_20260625_143415_AdjacencyList.txt,True,Results/warm_start_cache/experiment_3,512,60,0,32,1,1,100,100,5,3,5,1,42,39,"[(2, 6), (4, 6), (4, 9), (0, 5), (1, 4), (0, 2), (0, 8), (1, 7), (5, 10), (6, 9), (4, 5), (4, 8), (7, 10), (8, 9), (0, 1), (1, 6), (0, 4), (2, 4), (2, 10), (4, 7), (0, 3), (1, 8), (1, 5), (6, 7)]","[1.0, 1.0, 1.0, 1.0, 1.0, 1.0, 1.0, 1.0, 1.0, 1.0, 1.0, 1.0, 1.0, 1.0, 1.0, 1.0, 1.0, 1.0, 1.0, 1.0, 1.0, 1.0, 1.0, 1.0]"
c8c0ca3c,11,24,3,10.0,False,True,"[1, 1, 1]",,23.86884757117305,11.934423785586525,8.78017660648317,7.239662988447046,8.434860566895686,7.716357082713689,,,2.6815096652621584,1.244502696898163,9.057111915344768,,,,,,70407.71853971481,87782.04317831993,True,17374.333897829056,0.009243488311767578,0.0,17374.333897829056,Results/warm_start_cache/experiment_3/random_graphs_8to14vertices_78instances_20260625_143415_AdjacencyList__filehash_a79662a0/hog_idx000039_3fc7c6adb282_seed42_L2_M2_amplified.npz,70407.74938416481,2026-07-07 07:05:04,x86_64,dacsgpu0002,,64,64,3.11.15,2.91,False,False,adam,True,2,1000,hamqaoa,0.05,standard,2,2,42,scs,1e-06,100000,False,False,False,hog,False,False,False,False,True,False,True,1,HOG_graphs/random_graphs_8to14vertices_78instances_20260625_143415_AdjacencyList.txt,True,Results/warm_start_cache/experiment_3,512,60,0,32,1,1,100,100,5,3,5,1,42,39,"[(2, 6), (4, 6), (4, 9), (0, 5), (1, 4), (0, 2), (0, 8), (1, 7), (5, 10), (6, 9), (4, 5), (4, 8), (7, 10), (8, 9), (0, 1), (1, 6), (0, 4), (2, 4), (2, 10), (4, 7), (0, 3), (1, 8), (1, 5), (6, 7)]","[1.0, 1.0, 1.0, 1.0, 1.0, 1.0, 1.0, 1.0, 1.0, 1.0, 1.0, 1.0, 1.0, 1.0, 1.0, 1.0, 1.0, 1.0, 1.0, 1.0, 1.0, 1.0, 1.0, 1.0]"
275b8afd,11,24,3,5.0,False,True,"[1, 1, 1]",,23.86884757117305,11.934423785586525,8.78017660648317,7.239662988447046,8.434860566895686,7.716357082713689,,,1.7215225360865603,0.2845155677225648,8.577118350756969,,,,,,70541.51360940933,87915.8378226757,True,17374.333897829056,0.00966644287109375,0.0,17374.333897829056,Results/warm_start_cache/experiment_3/random_graphs_8to14vertices_78instances_20260625_143415_AdjacencyList__filehash_a79662a0/hog_idx000039_3fc7c6adb282_seed42_L2_M2_amplified.npz,70541.53648591042,2026-07-07 07:07:17,x86_64,dacsgpu0002,,64,64,3.11.15,2.91,False,False,adam,True,2,1000,hamqaoa,0.05,standard,2,2,42,scs,1e-06,100000,False,False,False,hog,False,False,False,False,True,False,True,1,HOG_graphs/random_graphs_8to14vertices_78instances_20260625_143415_AdjacencyList.txt,True,Results/warm_start_cache/experiment_3,512,60,0,32,1,1,100,100,5,3,5,1,42,39,"[(2, 6), (4, 6), (4, 9), (0, 5), (1, 4), (0, 2), (0, 8), (1, 7), (5, 10), (6, 9), (4, 5), (4, 8), (7, 10), (8, 9), (0, 1), (1, 6), (0, 4), (2, 4), (2, 10), (4, 7), (0, 3), (1, 8), (1, 5), (6, 7)]","[1.0, 1.0, 1.0, 1.0, 1.0, 1.0, 1.0, 1.0, 1.0, 1.0, 1.0, 1.0, 1.0, 1.0, 1.0, 1.0, 1.0, 1.0, 1.0, 1.0, 1.0, 1.0, 1.0, 1.0]"
5cd07290,11,24,3,25.0,False,True,"[1, 1, 1]",,23.86884757117305,11.934423785586525,8.78017660648317,7.239662988447046,8.434860566895686,7.716357082713689,,,3.460995831429365,2.0239888630653695,9.446854998428371,,,,,,70785.54681563377,88159.85500192642,True,17374.333897829056,0.025693416595458984,0.0,17374.333897829056,Results/warm_start_cache/experiment_3/random_graphs_8to14vertices_78instances_20260625_143415_AdjacencyList__filehash_a79662a0/hog_idx000039_3fc7c6adb282_seed42_L2_M2_amplified.npz,70785.5914490223,2026-07-07 07:11:23,x86_64,dacsgpu0002,,64,64,3.11.15,2.9,False,False,adam,True,2,1000,hamqaoa,0.05,standard,2,2,42,scs,1e-06,100000,False,False,False,hog,False,False,False,False,True,False,True,1,HOG_graphs/random_graphs_8to14vertices_78instances_20260625_143415_AdjacencyList.txt,True,Results/warm_start_cache/experiment_3,512,60,0,32,1,1,100,100,5,3,5,1,42,39,"[(2, 6), (4, 6), (4, 9), (0, 5), (1, 4), (0, 2), (0, 8), (1, 7), (5, 10), (6, 9), (4, 5), (4, 8), (7, 10), (8, 9), (0, 1), (1, 6), (0, 4), (2, 4), (2, 10), (4, 7), (0, 3), (1, 8), (1, 5), (6, 7)]","[1.0, 1.0, 1.0, 1.0, 1.0, 1.0, 1.0, 1.0, 1.0, 1.0, 1.0, 1.0, 1.0, 1.0, 1.0, 1.0, 1.0, 1.0, 1.0, 1.0, 1.0, 1.0, 1.0, 1.0]"
890fcf90,11,24,3,50.0,False,True,"[1, 1, 1]",,23.86884757117305,11.934423785586525,8.78017660648317,7.239662988447046,8.434860566895686,7.716357082713689,,,3.2613296779343486,1.8243227095703531,9.347021921680863,,,,,,71962.0938668251,89336.39859342575,True,17374.333897829056,0.029152393341064453,0.0,17374.333897829056,Results/warm_start_cache/experiment_3/random_graphs_8to14vertices_78instances_20260625_143415_AdjacencyList__filehash_a79662a0/hog_idx000039_3fc7c6adb282_seed42_L2_M2_amplified.npz,71962.13786816597,2026-07-07 07:31:00,x86_64,dacsgpu0002,,64,64,3.11.15,2.91,False,False,adam,True,2,1000,hamqaoa,0.05,standard,2,2,42,scs,1e-06,100000,False,False,False,hog,False,False,False,False,True,False,True,1,HOG_graphs/random_graphs_8to14vertices_78instances_20260625_143415_AdjacencyList.txt,True,Results/warm_start_cache/experiment_3,512,60,0,32,1,1,100,100,5,3,5,1,42,39,"[(2, 6), (4, 6), (4, 9), (0, 5), (1, 4), (0, 2), (0, 8), (1, 7), (5, 10), (6, 9), (4, 5), (4, 8), (7, 10), (8, 9), (0, 1), (1, 6), (0, 4), (2, 4), (2, 10), (4, 7), (0, 3), (1, 8), (1, 5), (6, 7)]","[1.0, 1.0, 1.0, 1.0, 1.0, 1.0, 1.0, 1.0, 1.0, 1.0, 1.0, 1.0, 1.0, 1.0, 1.0, 1.0, 1.0, 1.0, 1.0, 1.0, 1.0, 1.0, 1.0, 1.0]"
9c67277e,11,24,3,100.0,False,True,"[1, 1, 1]",,23.86884757117305,11.934423785586525,8.78017660648317,7.239662988447046,8.434860566895686,7.716357082713689,,,2.838350747651763,1.4013437792877674,9.13553245653957,,,,,,73268.41115283966,90642.73509669304,True,17374.333897829056,0.00992894172668457,0.0,17374.333897829056,Results/warm_start_cache/experiment_3/random_graphs_8to14vertices_78instances_20260625_143415_AdjacencyList__filehash_a79662a0/hog_idx000039_3fc7c6adb282_seed42_L2_M2_amplified.npz,73268.43991017342,2026-07-07 07:52:47,x86_64,dacsgpu0002,,64,64,3.11.15,2.9,False,False,adam,True,2,1000,hamqaoa,0.05,standard,2,2,42,scs,1e-06,100000,False,False,False,hog,False,False,False,False,True,False,True,1,HOG_graphs/random_graphs_8to14vertices_78instances_20260625_143415_AdjacencyList.txt,True,Results/warm_start_cache/experiment_3,512,60,0,32,1,1,100,100,5,3,5,1,42,39,"[(2, 6), (4, 6), (4, 9), (0, 5), (1, 4), (0, 2), (0, 8), (1, 7), (5, 10), (6, 9), (4, 5), (4, 8), (7, 10), (8, 9), (0, 1), (1, 6), (0, 4), (2, 4), (2, 10), (4, 7), (0, 3), (1, 8), (1, 5), (6, 7)]","[1.0, 1.0, 1.0, 1.0, 1.0, 1.0, 1.0, 1.0, 1.0, 1.0, 1.0, 1.0, 1.0, 1.0, 1.0, 1.0, 1.0, 1.0, 1.0, 1.0, 1.0, 1.0, 1.0, 1.0]"
f2646e2a,11,24,5,5.0,False,True,"[1, 1, 1]",,23.86884757117305,11.934423785586525,8.78017660648317,7.239662988447046,8.434860566895686,7.716357082713689,,,2.607935525822384,1.1709285574583888,9.02032484562488,,,,,,73281.00576353073,90655.31785488129,True,17374.333897829056,0.0217893123626709,0.0,17374.333897829056,Results/warm_start_cache/experiment_3/random_graphs_8to14vertices_78instances_20260625_143415_AdjacencyList__filehash_a79662a0/hog_idx000039_3fc7c6adb282_seed42_L2_M2_amplified.npz,73281.04573273659,2026-07-07 07:52:57,x86_64,dacsgpu0002,,64,64,3.11.15,4.69,False,False,adam,True,2,1000,hamqaoa,0.05,standard,2,2,42,scs,1e-06,100000,False,False,False,hog,False,False,False,False,True,False,True,1,HOG_graphs/random_graphs_8to14vertices_78instances_20260625_143415_AdjacencyList.txt,True,Results/warm_start_cache/experiment_3,512,60,0,32,1,1,100,100,5,3,5,1,42,39,"[(2, 6), (4, 6), (4, 9), (0, 5), (1, 4), (0, 2), (0, 8), (1, 7), (5, 10), (6, 9), (4, 5), (4, 8), (7, 10), (8, 9), (0, 1), (1, 6), (0, 4), (2, 4), (2, 10), (4, 7), (0, 3), (1, 8), (1, 5), (6, 7)]","[1.0, 1.0, 1.0, 1.0, 1.0, 1.0, 1.0, 1.0, 1.0, 1.0, 1.0, 1.0, 1.0, 1.0, 1.0, 1.0, 1.0, 1.0, 1.0, 1.0, 1.0, 1.0, 1.0, 1.0]"
e1879d3a,11,24,5,10.0,False,True,"[1, 1, 1]",,23.86884757117305,11.934423785586525,8.78017660648317,7.239662988447046,8.434860566895686,7.716357082713689,,,2.448633613425475,1.0116266450614795,8.940673889426426,,,,,,73500.18175244331,90874.49744749069,True,17374.333897829056,0.01818561553955078,0.0,17374.333897829056,Results/warm_start_cache/experiment_3/random_graphs_8to14vertices_78instances_20260625_143415_AdjacencyList__filehash_a79662a0/hog_idx000039_3fc7c6adb282_seed42_L2_M2_amplified.npz,73500.21952176094,2026-07-07 07:56:37,x86_64,dacsgpu0002,,64,64,3.11.15,4.69,False,False,adam,True,2,1000,hamqaoa,0.05,standard,2,2,42,scs,1e-06,100000,False,False,False,hog,False,False,False,False,True,False,True,1,HOG_graphs/random_graphs_8to14vertices_78instances_20260625_143415_AdjacencyList.txt,True,Results/warm_start_cache/experiment_3,512,60,0,32,1,1,100,100,5,3,5,1,42,39,"[(2, 6), (4, 6), (4, 9), (0, 5), (1, 4), (0, 2), (0, 8), (1, 7), (5, 10), (6, 9), (4, 5), (4, 8), (7, 10), (8, 9), (0, 1), (1, 6), (0, 4), (2, 4), (2, 10), (4, 7), (0, 3), (1, 8), (1, 5), (6, 7)]","[1.0, 1.0, 1.0, 1.0, 1.0, 1.0, 1.0, 1.0, 1.0, 1.0, 1.0, 1.0, 1.0, 1.0, 1.0, 1.0, 1.0, 1.0, 1.0, 1.0, 1.0, 1.0, 1.0, 1.0]"
42d677ca,11,24,5,25.0,False,True,"[1, 1, 1]",,23.86884757117305,11.934423785586525,8.78017660648317,7.239662988447046,8.434860566895686,7.716357082713689,,,2.6336435999312044,1.196636631567209,9.033178882679291,,,,,,73820.59318828583,91194.91835284233,True,17374.333897829056,0.00871586799621582,0.0,17374.333897829056,Results/warm_start_cache/experiment_3/random_graphs_8to14vertices_78instances_20260625_143415_AdjacencyList__filehash_a79662a0/hog_idx000039_3fc7c6adb282_seed42_L2_M2_amplified.npz,73820.63797998428,2026-07-07 08:01:58,x86_64,dacsgpu0002,,64,64,3.11.15,4.69,False,False,adam,True,2,1000,hamqaoa,0.05,standard,2,2,42,scs,1e-06,100000,False,False,False,hog,False,False,False,False,True,False,True,1,HOG_graphs/random_graphs_8to14vertices_78instances_20260625_143415_AdjacencyList.txt,True,Results/warm_start_cache/experiment_3,512,60,0,32,1,1,100,100,5,3,5,1,42,39,"[(2, 6), (4, 6), (4, 9), (0, 5), (1, 4), (0, 2), (0, 8), (1, 7), (5, 10), (6, 9), (4, 5), (4, 8), (7, 10), (8, 9), (0, 1), (1, 6), (0, 4), (2, 4), (2, 10), (4, 7), (0, 3), (1, 8), (1, 5), (6, 7)]","[1.0, 1.0, 1.0, 1.0, 1.0, 1.0, 1.0, 1.0, 1.0, 1.0, 1.0, 1.0, 1.0, 1.0, 1.0, 1.0, 1.0, 1.0, 1.0, 1.0, 1.0, 1.0, 1.0, 1.0]"
49dd82c7,11,24,5,50.0,False,True,"[1, 1, 1]",,23.86884757117305,11.934423785586525,8.78017660648317,7.239662988447046,8.434860566895686,7.716357082713689,,,3.7801250037683083,2.343118035404313,9.606419584597843,,,,,,74593.25135827065,91967.57516288757,True,17374.333897829056,0.010073423385620117,0.0,17374.333897829056,Results/warm_start_cache/experiment_3/random_graphs_8to14vertices_78instances_20260625_143415_AdjacencyList__filehash_a79662a0/hog_idx000039_3fc7c6adb282_seed42_L2_M2_amplified.npz,74593.29226756096,2026-07-07 08:14:52,x86_64,dacsgpu0002,,64,64,3.11.15,4.69,False,False,adam,True,2,1000,hamqaoa,0.05,standard,2,2,42,scs,1e-06,100000,False,False,False,hog,False,False,False,False,True,False,True,1,HOG_graphs/random_graphs_8to14vertices_78instances_20260625_143415_AdjacencyList.txt,True,Results/warm_start_cache/experiment_3,512,60,0,32,1,1,100,100,5,3,5,1,42,39,"[(2, 6), (4, 6), (4, 9), (0, 5), (1, 4), (0, 2), (0, 8), (1, 7), (5, 10), (6, 9), (4, 5), (4, 8), (7, 10), (8, 9), (0, 1), (1, 6), (0, 4), (2, 4), (2, 10), (4, 7), (0, 3), (1, 8), (1, 5), (6, 7)]","[1.0, 1.0, 1.0, 1.0, 1.0, 1.0, 1.0, 1.0, 1.0, 1.0, 1.0, 1.0, 1.0, 1.0, 1.0, 1.0, 1.0, 1.0, 1.0, 1.0, 1.0, 1.0, 1.0, 1.0]"
03c0a2c6,11,24,5,100.0,False,True,"[1, 1, 1]",,23.86884757117305,11.934423785586525,8.78017660648317,7.239662988447046,8.434860566895686,7.716357082713689,,,3.145120937814518,1.7081139694505225,9.288917551620948,,,,,,76401.60465145111,93775.92247653008,True,17374.333897829056,0.016051769256591797,0.0,17374.333897829056,Results/warm_start_cache/experiment_3/random_graphs_8to14vertices_78instances_20260625_143415_AdjacencyList__filehash_a79662a0/hog_idx000039_3fc7c6adb282_seed42_L2_M2_amplified.npz,76401.62669658661,2026-07-07 08:45:01,x86_64,dacsgpu0002,,64,64,3.11.15,4.69,False,False,adam,True,2,1000,hamqaoa,0.05,standard,2,2,42,scs,1e-06,100000,False,False,False,hog,False,False,False,False,True,False,True,1,HOG_graphs/random_graphs_8to14vertices_78instances_20260625_143415_AdjacencyList.txt,True,Results/warm_start_cache/experiment_3,512,60,0,32,1,1,100,100,5,3,5,1,42,39,"[(2, 6), (4, 6), (4, 9), (0, 5), (1, 4), (0, 2), (0, 8), (1, 7), (5, 10), (6, 9), (4, 5), (4, 8), (7, 10), (8, 9), (0, 1), (1, 6), (0, 4), (2, 4), (2, 10), (4, 7), (0, 3), (1, 8), (1, 5), (6, 7)]","[1.0, 1.0, 1.0, 1.0, 1.0, 1.0, 1.0, 1.0, 1.0, 1.0, 1.0, 1.0, 1.0, 1.0, 1.0, 1.0, 1.0, 1.0, 1.0, 1.0, 1.0, 1.0, 1.0, 1.0]"
5492fbd5,10,20,1,5.0,False,True,"[1, 1, 1]",,20.22149392275839,10.110746961379196,7.149055159050906,6.090759150971098,6.901126552374718,6.820789682590647,,,0.0,-0.1606737395681428,6.820789682590647,,,,,,9241.759898424149,16514.743205070496,True,7273.030387878418,0.047065019607543945,0.0,7273.030387878418,Results/warm_start_cache/experiment_3/random_graphs_8to14vertices_78instances_20260625_143415_AdjacencyList__filehash_a79662a0/hog_idx000030_1eaa2b3db787_seed42_L2_M2_amplified.npz,9241.813764572144,2026-07-07 10:49:09,x86_64,dacsgpu0002,,64,64,3.11.15,0.51,False,False,adam,True,2,1000,hamqaoa,0.05,standard,2,2,42,scs,1e-06,100000,False,False,False,hog,False,False,False,False,True,False,True,1,HOG_graphs/random_graphs_8to14vertices_78instances_20260625_143415_AdjacencyList.txt,True,Results/warm_start_cache/experiment_3,512,60,0,32,1,1,100,100,5,3,5,1,42,30,"[(2, 3), (3, 5), (4, 6), (7, 8), (0, 2), (0, 8), (1, 7), (5, 7), (3, 4), (4, 5), (8, 9), (1, 3), (0, 1), (6, 8), (2, 4), (7, 9), (1, 2), (1, 5), (0, 9), (6, 7)]","[1.0, 1.0, 1.0, 1.0, 1.0, 1.0, 1.0, 1.0, 1.0, 1.0, 1.0, 1.0, 1.0, 1.0, 1.0, 1.0, 1.0, 1.0, 1.0, 1.0]"
303acc85,10,20,3,5.0,False,True,"[1, 1, 1]",,20.22149392275839,10.110746961379196,7.149055159050906,6.090759150971098,6.901126552374718,6.820789682590647,,,0.32065398435436876,0.15998024478622597,6.981116674767831,,,,,,10248.966108560562,17521.939534425735,True,7273.030387878418,0.05694270133972168,0.0,7273.030387878418,Results/warm_start_cache/experiment_3/random_graphs_8to14vertices_78instances_20260625_143415_AdjacencyList__filehash_a79662a0/hog_idx000030_1eaa2b3db787_seed42_L2_M2_amplified.npz,10249.051448822021,2026-07-07 11:36:02,x86_64,dacsgpu0002,,64,64,3.11.15,1.03,False,False,adam,True,2,1000,hamqaoa,0.05,standard,2,2,42,scs,1e-06,100000,False,False,False,hog,False,False,False,False,True,False,True,1,HOG_graphs/random_graphs_8to14vertices_78instances_20260625_143415_AdjacencyList.txt,True,Results/warm_start_cache/experiment_3,512,60,0,32,1,1,100,100,5,3,5,1,42,30,"[(2, 3), (3, 5), (4, 6), (7, 8), (0, 2), (0, 8), (1, 7), (5, 7), (3, 4), (4, 5), (8, 9), (1, 3), (0, 1), (6, 8), (2, 4), (7, 9), (1, 2), (1, 5), (0, 9), (6, 7)]","[1.0, 1.0, 1.0, 1.0, 1.0, 1.0, 1.0, 1.0, 1.0, 1.0, 1.0, 1.0, 1.0, 1.0, 1.0, 1.0, 1.0, 1.0, 1.0, 1.0]"
8b0fadbc,10,20,5,5.0,False,True,"[1, 1, 1]",,20.22149392275839,10.110746961379196,7.149055159050906,6.090759150971098,6.901126552374718,6.820789682590647,,,1.3666614833694783,1.2059877438013356,7.504120424275386,,,,,,11302.303856134415,18575.320172071457,True,7273.030387878418,0.014053583145141602,0.0,7273.030387878418,Results/warm_start_cache/experiment_3/random_graphs_8to14vertices_78instances_20260625_143415_AdjacencyList__filehash_a79662a0/hog_idx000030_1eaa2b3db787_seed42_L2_M2_amplified.npz,11302.37060880661,2026-07-07 13:57:42,x86_64,dacsgpu0002,,64,64,3.11.15,1.47,False,False,adam,True,2,1000,hamqaoa,0.05,standard,2,2,42,scs,1e-06,100000,False,False,False,hog,False,False,False,False,True,False,True,1,HOG_graphs/random_graphs_8to14vertices_78instances_20260625_143415_AdjacencyList.txt,True,Results/warm_start_cache/experiment_3,512,60,0,32,1,1,100,100,5,3,5,1,42,30,"[(2, 3), (3, 5), (4, 6), (7, 8), (0, 2), (0, 8), (1, 7), (5, 7), (3, 4), (4, 5), (8, 9), (1, 3), (0, 1), (6, 8), (2, 4), (7, 9), (1, 2), (1, 5), (0, 9), (6, 7)]","[1.0, 1.0, 1.0, 1.0, 1.0, 1.0, 1.0, 1.0, 1.0, 1.0, 1.0, 1.0, 1.0, 1.0, 1.0, 1.0, 1.0, 1.0, 1.0, 1.0]"
f4418ecc,10,20,1,10.0,False,True,"[1, 1, 1]",,20.22149392275839,10.110746961379196,7.149055159050906,6.090759150971098,6.901126552374718,6.820789682590647,,,0.023112139830221423,-0.13756159973792137,6.832345752505757,,,,,,9156.563655853271,16429.573004722595,True,7273.030387878418,0.021021604537963867,0.0,7273.030387878418,Results/warm_start_cache/experiment_3/random_graphs_8to14vertices_78instances_20260625_143415_AdjacencyList__filehash_a79662a0/hog_idx000030_1eaa2b3db787_seed42_L2_M2_amplified.npz,9156.648177862167,2026-07-07 14:08:53,x86_64,dacsgpu0002,,64,64,3.11.15,0.55,False,False,adam,True,2,1000,hamqaoa,0.05,standard,2,2,42,scs,1e-06,100000,False,False,False,hog,False,False,False,False,True,False,True,1,HOG_graphs/random_graphs_8to14vertices_78instances_20260625_143415_AdjacencyList.txt,True,Results/warm_start_cache/experiment_3,512,60,0,32,1,1,100,100,5,3,5,1,42,30,"[(2, 3), (3, 5), (4, 6), (7, 8), (0, 2), (0, 8), (1, 7), (5, 7), (3, 4), (4, 5), (8, 9), (1, 3), (0, 1), (6, 8), (2, 4), (7, 9), (1, 2), (1, 5), (0, 9), (6, 7)]","[1.0, 1.0, 1.0, 1.0, 1.0, 1.0, 1.0, 1.0, 1.0, 1.0, 1.0, 1.0, 1.0, 1.0, 1.0, 1.0, 1.0, 1.0, 1.0, 1.0]"
9eb8ac96,10,20,3,10.0,False,True,"[1, 1, 1]",,20.22149392275839,10.110746961379196,7.149055159050906,6.090759150971098,6.901126552374718,6.820789682590647,,,1.6506603077868949,1.489986568218752,7.646119836484094,,,,,,10408.904177427292,17681.900933742523,True,7273.030387878418,0.03361392021179199,0.0,7273.030387878418,Results/warm_start_cache/experiment_3/random_graphs_8to14vertices_78instances_20260625_143415_AdjacencyList__filehash_a79662a0/hog_idx000030_1eaa2b3db787_seed42_L2_M2_amplified.npz,10408.98410153389,2026-07-07 16:51:23,x86_64,dacsgpu0002,,64,64,3.11.15,1.02,False,False,adam,True,2,1000,hamqaoa,0.05,standard,2,2,42,scs,1e-06,100000,False,False,False,hog,False,False,False,False,True,False,True,1,HOG_graphs/random_graphs_8to14vertices_78instances_20260625_143415_AdjacencyList.txt,True,Results/warm_start_cache/experiment_3,512,60,0,32,1,1,100,100,5,3,5,1,42,30,"[(2, 3), (3, 5), (4, 6), (7, 8), (0, 2), (0, 8), (1, 7), (5, 7), (3, 4), (4, 5), (8, 9), (1, 3), (0, 1), (6, 8), (2, 4), (7, 9), (1, 2), (1, 5), (0, 9), (6, 7)]","[1.0, 1.0, 1.0, 1.0, 1.0, 1.0, 1.0, 1.0, 1.0, 1.0, 1.0, 1.0, 1.0, 1.0, 1.0, 1.0, 1.0, 1.0, 1.0, 1.0]"
38f97bb9,10,20,5,10.0,False,True,"[1, 1, 1]",,20.22149392275839,10.110746961379196,7.149055159050906,6.090759150971098,6.901126552374718,6.820789682590647,,,1.6635452803451543,1.5028715407770115,7.652562322763224,,,,,,11460.70484828949,18733.71573662758,True,7273.030387878418,0.01948237419128418,0.0,7273.030387878418,Results/warm_start_cache/experiment_3/random_graphs_8to14vertices_78instances_20260625_143415_AdjacencyList__filehash_a79662a0/hog_idx000030_1eaa2b3db787_seed42_L2_M2_amplified.npz,11460.751404762268,2026-07-07 17:20:08,x86_64,dacsgpu0002,,64,64,3.11.15,1.47,False,False,adam,True,2,1000,hamqaoa,0.05,standard,2,2,42,scs,1e-06,100000,False,False,False,hog,False,False,False,False,True,False,True,1,HOG_graphs/random_graphs_8to14vertices_78instances_20260625_143415_AdjacencyList.txt,True,Results/warm_start_cache/experiment_3,512,60,0,32,1,1,100,100,5,3,5,1,42,30,"[(2, 3), (3, 5), (4, 6), (7, 8), (0, 2), (0, 8), (1, 7), (5, 7), (3, 4), (4, 5), (8, 9), (1, 3), (0, 1), (6, 8), (2, 4), (7, 9), (1, 2), (1, 5), (0, 9), (6, 7)]","[1.0, 1.0, 1.0, 1.0, 1.0, 1.0, 1.0, 1.0, 1.0, 1.0, 1.0, 1.0, 1.0, 1.0, 1.0, 1.0, 1.0, 1.0, 1.0, 1.0]"
4c92f746,10,20,1,25.0,False,True,"[1, 1, 1]",,20.22149392275839,10.110746961379196,7.149055159050906,6.090759150971098,6.901126552374718,6.820789682590647,,,0.007584386923873865,-0.15308935264426893,6.824581876052584,,,,,,9221.982183218002,16494.985570430756,True,7273.030387878418,0.02698373794555664,0.0,7273.030387878418,Results/warm_start_cache/experiment_3/random_graphs_8to14vertices_78instances_20260625_143415_AdjacencyList__filehash_a79662a0/hog_idx000030_1eaa2b3db787_seed42_L2_M2_amplified.npz,9222.075423002243,2026-07-07 19:25:19,x86_64,dacsgpu0002,,64,64,3.11.15,0.51,False,False,adam,True,2,1000,hamqaoa,0.05,standard,2,2,42,scs,1e-06,100000,False,False,False,hog,False,False,False,False,True,False,True,1,HOG_graphs/random_graphs_8to14vertices_78instances_20260625_143415_AdjacencyList.txt,True,Results/warm_start_cache/experiment_3,512,60,0,32,1,1,100,100,5,3,5,1,42,30,"[(2, 3), (3, 5), (4, 6), (7, 8), (0, 2), (0, 8), (1, 7), (5, 7), (3, 4), (4, 5), (8, 9), (1, 3), (0, 1), (6, 8), (2, 4), (7, 9), (1, 2), (1, 5), (0, 9), (6, 7)]","[1.0, 1.0, 1.0, 1.0, 1.0, 1.0, 1.0, 1.0, 1.0, 1.0, 1.0, 1.0, 1.0, 1.0, 1.0, 1.0, 1.0, 1.0, 1.0, 1.0]"
7e8f2a1c,10,20,3,25.0,False,True,"[1, 1, 1]",,20.22149392275839,10.110746961379196,7.149055159050906,6.090759150971098,6.901126552374718,6.820789682590647,,,1.338311845997934,1.1776381064297912,7.489945605589614,,,,,,10403.42092871666,17676.420169591904,True,7273.030387878418,0.031116962432861328,0.0,7273.030387878418,Results/warm_start_cache/experiment_3/random_graphs_8to14vertices_78instances_20260625_143415_AdjacencyList__filehash_a79662a0/hog_idx000030_1eaa2b3db787_seed42_L2_M2_amplified.npz,10403.468802213669,2026-07-07 20:13:48,x86_64,dacsgpu0002,,64,64,3.11.15,1.03,False,False,adam,True,2,1000,hamqaoa,0.05,standard,2,2,42,scs,1e-06,100000,False,False,False,hog,False,False,False,False,True,False,True,1,HOG_graphs/random_graphs_8to14vertices_78instances_20260625_143415_AdjacencyList.txt,True,Results/warm_start_cache/experiment_3,512,60,0,32,1,1,100,100,5,3,5,1,42,30,"[(2, 3), (3, 5), (4, 6), (7, 8), (0, 2), (0, 8), (1, 7), (5, 7), (3, 4), (4, 5), (8, 9), (1, 3), (0, 1), (6, 8), (2, 4), (7, 9), (1, 2), (1, 5), (0, 9), (6, 7)]","[1.0, 1.0, 1.0, 1.0, 1.0, 1.0, 1.0, 1.0, 1.0, 1.0, 1.0, 1.0, 1.0, 1.0, 1.0, 1.0, 1.0, 1.0, 1.0, 1.0]"
bacd713c,10,20,5,25.0,False,True,"[1, 1, 1]",,20.22149392275839,10.110746961379196,7.149055159050906,6.090759150971098,6.901126552374718,6.820789682590647,,,1.334506594611364,1.173832855043221,7.488042979896329,,,,,,11456.680237293243,18729.671885728836,True,7273.030387878418,0.038721561431884766,0.0,7273.030387878418,Results/warm_start_cache/experiment_3/random_graphs_8to14vertices_78instances_20260625_143415_AdjacencyList__filehash_a79662a0/hog_idx000030_1eaa2b3db787_seed42_L2_M2_amplified.npz,11456.759995937347,2026-07-07 22:36:34,x86_64,dacsgpu0002,,64,64,3.11.15,1.5,False,False,adam,True,2,1000,hamqaoa,0.05,standard,2,2,42,scs,1e-06,100000,False,False,False,hog,False,False,False,False,True,False,True,1,HOG_graphs/random_graphs_8to14vertices_78instances_20260625_143415_AdjacencyList.txt,True,Results/warm_start_cache/experiment_3,512,60,0,32,1,1,100,100,5,3,5,1,42,30,"[(2, 3), (3, 5), (4, 6), (7, 8), (0, 2), (0, 8), (1, 7), (5, 7), (3, 4), (4, 5), (8, 9), (1, 3), (0, 1), (6, 8), (2, 4), (7, 9), (1, 2), (1, 5), (0, 9), (6, 7)]","[1.0, 1.0, 1.0, 1.0, 1.0, 1.0, 1.0, 1.0, 1.0, 1.0, 1.0, 1.0, 1.0, 1.0, 1.0, 1.0, 1.0, 1.0, 1.0, 1.0]"
ba99b508,10,20,1,50.0,False,True,"[1, 1, 1]",,20.22149392275839,10.110746961379196,7.149055159050906,6.090759150971098,6.901126552374718,6.820789682590647,,,0.02758656398269821,-0.13308717558544458,6.834582964581996,,,,,,9427.390924930573,16700.404708385468,True,7273.030387878418,0.0165860652923584,0.0,7273.030387878418,Results/warm_start_cache/experiment_3/random_graphs_8to14vertices_78instances_20260625_143415_AdjacencyList__filehash_a79662a0/hog_idx000030_1eaa2b3db787_seed42_L2_M2_amplified.npz,9427.462216615677,2026-07-07 22:51:10,x86_64,dacsgpu0002,,64,64,3.11.15,0.51,False,False,adam,True,2,1000,hamqaoa,0.05,standard,2,2,42,scs,1e-06,100000,False,False,False,hog,False,False,False,False,True,False,True,1,HOG_graphs/random_graphs_8to14vertices_78instances_20260625_143415_AdjacencyList.txt,True,Results/warm_start_cache/experiment_3,512,60,0,32,1,1,100,100,5,3,5,1,42,30,"[(2, 3), (3, 5), (4, 6), (7, 8), (0, 2), (0, 8), (1, 7), (5, 7), (3, 4), (4, 5), (8, 9), (1, 3), (0, 1), (6, 8), (2, 4), (7, 9), (1, 2), (1, 5), (0, 9), (6, 7)]","[1.0, 1.0, 1.0, 1.0, 1.0, 1.0, 1.0, 1.0, 1.0, 1.0, 1.0, 1.0, 1.0, 1.0, 1.0, 1.0, 1.0, 1.0, 1.0, 1.0]"
9a66c7bc,10,20,3,50.0,False,True,"[1, 1, 1]",,20.22149392275839,10.110746961379196,7.149055159050906,6.090759150971098,6.901126552374718,6.820789682590647,,,2.4003284650874726,2.2396547255193298,8.020953915134383,,,,,,10747.85247707367,18020.84959793091,True,7273.030387878418,0.03325152397155762,0.0,7273.030387878418,Results/warm_start_cache/experiment_3/random_graphs_8to14vertices_78instances_20260625_143415_AdjacencyList__filehash_a79662a0/hog_idx000030_1eaa2b3db787_seed42_L2_M2_amplified.npz,10747.912940502167,2026-07-08 01:36:00,x86_64,dacsgpu0002,,64,64,3.11.15,1.02,False,False,adam,True,2,1000,hamqaoa,0.05,standard,2,2,42,scs,1e-06,100000,False,False,False,hog,False,False,False,False,True,False,True,1,HOG_graphs/random_graphs_8to14vertices_78instances_20260625_143415_AdjacencyList.txt,True,Results/warm_start_cache/experiment_3,512,60,0,32,1,1,100,100,5,3,5,1,42,30,"[(2, 3), (3, 5), (4, 6), (7, 8), (0, 2), (0, 8), (1, 7), (5, 7), (3, 4), (4, 5), (8, 9), (1, 3), (0, 1), (6, 8), (2, 4), (7, 9), (1, 2), (1, 5), (0, 9), (6, 7)]","[1.0, 1.0, 1.0, 1.0, 1.0, 1.0, 1.0, 1.0, 1.0, 1.0, 1.0, 1.0, 1.0, 1.0, 1.0, 1.0, 1.0, 1.0, 1.0, 1.0]"
7b2d38e7,10,20,5,50.0,False,True,"[1, 1, 1]",,20.22149392275839,10.110746961379196,7.149055159050906,6.090759150971098,6.901126552374718,6.820789682590647,,,1.364659694933966,1.2039859553658232,7.50311953005763,,,,,,11910.49997472763,19183.44940018654,True,7273.030387878418,0.08094453811645508,0.0,7273.030387878418,Results/warm_start_cache/experiment_3/random_graphs_8to14vertices_78instances_20260625_143415_AdjacencyList__filehash_a79662a0/hog_idx000030_1eaa2b3db787_seed42_L2_M2_amplified.npz,11910.564133167267,2026-07-08 02:09:53,x86_64,dacsgpu0002,,64,64,3.11.15,1.47,False,False,adam,True,2,1000,hamqaoa,0.05,standard,2,2,42,scs,1e-06,100000,False,False,False,hog,False,False,False,False,True,False,True,1,HOG_graphs/random_graphs_8to14vertices_78instances_20260625_143415_AdjacencyList.txt,True,Results/warm_start_cache/experiment_3,512,60,0,32,1,1,100,100,5,3,5,1,42,30,"[(2, 3), (3, 5), (4, 6), (7, 8), (0, 2), (0, 8), (1, 7), (5, 7), (3, 4), (4, 5), (8, 9), (1, 3), (0, 1), (6, 8), (2, 4), (7, 9), (1, 2), (1, 5), (0, 9), (6, 7)]","[1.0, 1.0, 1.0, 1.0, 1.0, 1.0, 1.0, 1.0, 1.0, 1.0, 1.0, 1.0, 1.0, 1.0, 1.0, 1.0, 1.0, 1.0, 1.0, 1.0]"
d93843ae,10,20,1,100.0,False,True,"[1, 1, 1]",,20.22149392275839,10.110746961379196,7.149055159050906,6.090759150971098,6.901126552374718,6.820789682590647,,,0.027829459294320458,-0.13284428027382233,6.834704412237807,,,,,,9448.990609407425,16722.001584291458,True,7273.030387878418,0.01939535140991211,0.0,7273.030387878418,Results/warm_start_cache/experiment_3/random_graphs_8to14vertices_78instances_20260625_143415_AdjacencyList__filehash_a79662a0/hog_idx000030_1eaa2b3db787_seed42_L2_M2_amplified.npz,9449.047486305237,2026-07-08 04:13:42,x86_64,dacsgpu0002,,64,64,3.11.15,0.55,False,False,adam,True,2,1000,hamqaoa,0.05,standard,2,2,42,scs,1e-06,100000,False,False,False,hog,False,False,False,False,True,False,True,1,HOG_graphs/random_graphs_8to14vertices_78instances_20260625_143415_AdjacencyList.txt,True,Results/warm_start_cache/experiment_3,512,60,0,32,1,1,100,100,5,3,5,1,42,30,"[(2, 3), (3, 5), (4, 6), (7, 8), (0, 2), (0, 8), (1, 7), (5, 7), (3, 4), (4, 5), (8, 9), (1, 3), (0, 1), (6, 8), (2, 4), (7, 9), (1, 2), (1, 5), (0, 9), (6, 7)]","[1.0, 1.0, 1.0, 1.0, 1.0, 1.0, 1.0, 1.0, 1.0, 1.0, 1.0, 1.0, 1.0, 1.0, 1.0, 1.0, 1.0, 1.0, 1.0, 1.0]"
5e92b175,10,20,3,100.0,False,True,"[1, 1, 1]",,20.22149392275839,10.110746961379196,7.149055159050906,6.090759150971098,6.901126552374718,6.820789682590647,,,2.1193853106140814,1.9587115710459386,7.880482337897687,,,,,,10455.28962302208,17728.30758714676,True,7273.030387878418,0.012407541275024414,0.0,7273.030387878418,Results/warm_start_cache/experiment_3/random_graphs_8to14vertices_78instances_20260625_143415_AdjacencyList__filehash_a79662a0/hog_idx000030_1eaa2b3db787_seed42_L2_M2_amplified.npz,10455.36940741539,2026-07-08 05:04:19,x86_64,dacsgpu0002,,64,64,3.11.15,1.03,False,False,adam,True,2,1000,hamqaoa,0.05,standard,2,2,42,scs,1e-06,100000,False,False,False,hog,False,False,False,False,True,False,True,1,HOG_graphs/random_graphs_8to14vertices_78instances_20260625_143415_AdjacencyList.txt,True,Results/warm_start_cache/experiment_3,512,60,0,32,1,1,100,100,5,3,5,1,42,30,"[(2, 3), (3, 5), (4, 6), (7, 8), (0, 2), (0, 8), (1, 7), (5, 7), (3, 4), (4, 5), (8, 9), (1, 3), (0, 1), (6, 8), (2, 4), (7, 9), (1, 2), (1, 5), (0, 9), (6, 7)]","[1.0, 1.0, 1.0, 1.0, 1.0, 1.0, 1.0, 1.0, 1.0, 1.0, 1.0, 1.0, 1.0, 1.0, 1.0, 1.0, 1.0, 1.0, 1.0, 1.0]"
db976a3e,8,15,1,5.0,False,True,"[1, 1, 1]",,15.172563024004521,7.586281512002261,4.958848140362963,4.676639108626789,4.710448510417178,3.657196466181467,,,2.0779609728807253,-0.028543115590697,4.69617695262183,,,,,,468.6633713245392,1670.6331131458282,True,1201.99880194664,0.029042720794677734,0.0,1201.99880194664,Results/warm_start_cache/experiment_3/random_graphs_8to14vertices_78instances_20260625_143415_AdjacencyList__filehash_a79662a0/hog_idx000007_21c2570f08f1_seed42_L2_M2_amplified.npz,468.74854159355164,2026-07-08 05:12:18,x86_64,dacsgpu0002,,64,64,3.11.15,0.23,False,False,adam,True,2,1000,hamqaoa,0.05,standard,2,2,42,scs,1e-06,100000,False,False,False,hog,False,False,False,False,True,False,True,1,HOG_graphs/random_graphs_8to14vertices_78instances_20260625_143415_AdjacencyList.txt,True,Results/warm_start_cache/experiment_3,512,60,0,32,1,1,100,100,5,3,5,1,42,7,"[(0, 1), (0, 4), (4, 7), (2, 6), (0, 3), (4, 6), (0, 6), (3, 4), (4, 5), (3, 7), (2, 5), (0, 5), (0, 2), (2, 4), (1, 7)]","[1.0, 1.0, 1.0, 1.0, 1.0, 1.0, 1.0, 1.0, 1.0, 1.0, 1.0, 1.0, 1.0, 1.0, 1.0]"
4cda1b65,8,15,3,5.0,False,True,"[1, 1, 1]",,15.172563024004521,7.586281512002261,4.958848140362963,4.676639108626789,4.710448510417178,3.657196466181467,,,2.5203731836093324,0.41386909513791004,4.917383057986133,,,,,,1095.5319712162018,2297.518488407135,True,1201.99880194664,0.012269020080566406,0.0,1201.99880194664,Results/warm_start_cache/experiment_3/random_graphs_8to14vertices_78instances_20260625_143415_AdjacencyList__filehash_a79662a0/hog_idx000007_21c2570f08f1_seed42_L2_M2_amplified.npz,1095.6076049804688,2026-07-08 05:30:48,x86_64,dacsgpu0002,,64,64,3.11.15,0.26,False,False,adam,True,2,1000,hamqaoa,0.05,standard,2,2,42,scs,1e-06,100000,False,False,False,hog,False,False,False,False,True,False,True,1,HOG_graphs/random_graphs_8to14vertices_78instances_20260625_143415_AdjacencyList.txt,True,Results/warm_start_cache/experiment_3,512,60,0,32,1,1,100,100,5,3,5,1,42,7,"[(0, 1), (0, 4), (4, 7), (2, 6), (0, 3), (4, 6), (0, 6), (3, 4), (4, 5), (3, 7), (2, 5), (0, 5), (0, 2), (2, 4), (1, 7)]","[1.0, 1.0, 1.0, 1.0, 1.0, 1.0, 1.0, 1.0, 1.0, 1.0, 1.0, 1.0, 1.0, 1.0, 1.0]"
f39fcd9f,8,15,5,5.0,False,True,"[1, 1, 1]",,15.172563024004521,7.586281512002261,4.958848140362963,4.676639108626789,4.710448510417178,3.657196466181467,,,2.732211093410023,0.6257070049386009,5.023302012886479,,,,,,2086.811142683029,3288.798714876175,True,1201.99880194664,0.011212587356567383,0.0,1201.99880194664,Results/warm_start_cache/experiment_3/random_graphs_8to14vertices_78instances_20260625_143415_AdjacencyList__filehash_a79662a0/hog_idx000007_21c2570f08f1_seed42_L2_M2_amplified.npz,2086.8609709739685,2026-07-08 06:05:50,x86_64,dacsgpu0002,,64,64,3.11.15,0.29,False,False,adam,True,2,1000,hamqaoa,0.05,standard,2,2,42,scs,1e-06,100000,False,False,False,hog,False,False,False,False,True,False,True,1,HOG_graphs/random_graphs_8to14vertices_78instances_20260625_143415_AdjacencyList.txt,True,Results/warm_start_cache/experiment_3,512,60,0,32,1,1,100,100,5,3,5,1,42,7,"[(0, 1), (0, 4), (4, 7), (2, 6), (0, 3), (4, 6), (0, 6), (3, 4), (4, 5), (3, 7), (2, 5), (0, 5), (0, 2), (2, 4), (1, 7)]","[1.0, 1.0, 1.0, 1.0, 1.0, 1.0, 1.0, 1.0, 1.0, 1.0, 1.0, 1.0, 1.0, 1.0, 1.0]"
ebcb8758,8,15,1,10.0,False,True,"[1, 1, 1]",,15.172563024004521,7.586281512002261,4.958848140362963,4.676639108626789,4.710448510417178,3.657196466181467,,,2.1239601154454997,0.017456026974077332,4.719176523904217,,,,,,478.0909032821655,1680.0731270313263,True,1201.99880194664,0.01656198501586914,0.0,1201.99880194664,Results/warm_start_cache/experiment_3/random_graphs_8to14vertices_78instances_20260625_143415_AdjacencyList__filehash_a79662a0/hog_idx000007_21c2570f08f1_seed42_L2_M2_amplified.npz,478.16782689094543,2026-07-08 06:14:00,x86_64,dacsgpu0002,,64,64,3.11.15,0.23,False,False,adam,True,2,1000,hamqaoa,0.05,standard,2,2,42,scs,1e-06,100000,False,False,False,hog,False,False,False,False,True,False,True,1,HOG_graphs/random_graphs_8to14vertices_78instances_20260625_143415_AdjacencyList.txt,True,Results/warm_start_cache/experiment_3,512,60,0,32,1,1,100,100,5,3,5,1,42,7,"[(0, 1), (0, 4), (4, 7), (2, 6), (0, 3), (4, 6), (0, 6), (3, 4), (4, 5), (3, 7), (2, 5), (0, 5), (0, 2), (2, 4), (1, 7)]","[1.0, 1.0, 1.0, 1.0, 1.0, 1.0, 1.0, 1.0, 1.0, 1.0, 1.0, 1.0, 1.0, 1.0, 1.0]"
1c1b769f,8,15,3,10.0,False,True,"[1, 1, 1]",,15.172563024004521,7.586281512002261,4.958848140362963,4.676639108626789,4.710448510417178,3.657196466181467,,,2.8351046219019986,0.7286005334305763,5.074748777132466,,,,,,1104.7382533550262,2306.717678785324,True,1201.99880194664,0.019360780715942383,0.0,1201.99880194664,Results/warm_start_cache/experiment_3/random_graphs_8to14vertices_78instances_20260625_143415_AdjacencyList__filehash_a79662a0/hog_idx000007_21c2570f08f1_seed42_L2_M2_amplified.npz,1104.800541639328,2026-07-08 06:32:39,x86_64,dacsgpu0002,,64,64,3.11.15,0.26,False,False,adam,True,2,1000,hamqaoa,0.05,standard,2,2,42,scs,1e-06,100000,False,False,False,hog,False,False,False,False,True,False,True,1,HOG_graphs/random_graphs_8to14vertices_78instances_20260625_143415_AdjacencyList.txt,True,Results/warm_start_cache/experiment_3,512,60,0,32,1,1,100,100,5,3,5,1,42,7,"[(0, 1), (0, 4), (4, 7), (2, 6), (0, 3), (4, 6), (0, 6), (3, 4), (4, 5), (3, 7), (2, 5), (0, 5), (0, 2), (2, 4), (1, 7)]","[1.0, 1.0, 1.0, 1.0, 1.0, 1.0, 1.0, 1.0, 1.0, 1.0, 1.0, 1.0, 1.0, 1.0, 1.0]"
9f81bad6,8,15,5,10.0,False,True,"[1, 1, 1]",,15.172563024004521,7.586281512002261,4.958848140362963,4.676639108626789,4.710448510417178,3.657196466181467,,,3.311874228858099,1.2053701403866768,5.313133580610517,,,,,,2067.153923034668,3269.1328604221344,True,1201.99880194664,0.019849061965942383,0.0,1201.99880194664,Results/warm_start_cache/experiment_3/random_graphs_8to14vertices_78instances_20260625_143415_AdjacencyList__filehash_a79662a0/hog_idx000007_21c2570f08f1_seed42_L2_M2_amplified.npz,2067.236831188202,2026-07-08 07:07:21,x86_64,dacsgpu0002,,64,64,3.11.15,0.29,False,False,adam,True,2,1000,hamqaoa,0.05,standard,2,2,42,scs,1e-06,100000,False,False,False,hog,False,False,False,False,True,False,True,1,HOG_graphs/random_graphs_8to14vertices_78instances_20260625_143415_AdjacencyList.txt,True,Results/warm_start_cache/experiment_3,512,60,0,32,1,1,100,100,5,3,5,1,42,7,"[(0, 1), (0, 4), (4, 7), (2, 6), (0, 3), (4, 6), (0, 6), (3, 4), (4, 5), (3, 7), (2, 5), (0, 5), (0, 2), (2, 4), (1, 7)]","[1.0, 1.0, 1.0, 1.0, 1.0, 1.0, 1.0, 1.0, 1.0, 1.0, 1.0, 1.0, 1.0, 1.0, 1.0]"
cdf72c96,8,15,1,25.0,False,True,"[1, 1, 1]",,15.172563024004521,7.586281512002261,4.958848140362963,4.676639108626789,4.710448510417178,3.657196466181467,,,2.121283524592939,0.014779436121516554,4.7178382284779365,,,,,,469.21220541000366,1671.1744406223297,True,1201.99880194664,0.03655099868774414,0.0,1201.99880194664,Results/warm_start_cache/experiment_3/random_graphs_8to14vertices_78instances_20260625_143415_AdjacencyList__filehash_a79662a0/hog_idx000007_21c2570f08f1_seed42_L2_M2_amplified.npz,469.36627674102783,2026-07-08 07:15:23,x86_64,dacsgpu0002,,64,64,3.11.15,0.23,False,False,adam,True,2,1000,hamqaoa,0.05,standard,2,2,42,scs,1e-06,100000,False,False,False,hog,False,False,False,False,True,False,True,1,HOG_graphs/random_graphs_8to14vertices_78instances_20260625_143415_AdjacencyList.txt,True,Results/warm_start_cache/experiment_3,512,60,0,32,1,1,100,100,5,3,5,1,42,7,"[(0, 1), (0, 4), (4, 7), (2, 6), (0, 3), (4, 6), (0, 6), (3, 4), (4, 5), (3, 7), (2, 5), (0, 5), (0, 2), (2, 4), (1, 7)]","[1.0, 1.0, 1.0, 1.0, 1.0, 1.0, 1.0, 1.0, 1.0, 1.0, 1.0, 1.0, 1.0, 1.0, 1.0]"
ca640982,10,20,5,100.0,False,True,"[1, 1, 1]",,20.22149392275839,10.110746961379196,7.149055159050906,6.090759150971098,6.901126552374718,6.820789682590647,,,2.5255883933929155,2.3649146538247727,8.083583879287104,,,,,,11881.289308547974,19154.304268836975,True,7273.030387878418,0.015408754348754883,0.0,7273.030387878418,Results/warm_start_cache/experiment_3/random_graphs_8to14vertices_78instances_20260625_143415_AdjacencyList__filehash_a79662a0/hog_idx000030_1eaa2b3db787_seed42_L2_M2_amplified.npz,11881.34901547432,2026-07-08 07:31:57,x86_64,dacsgpu0002,,64,64,3.11.15,1.47,False,False,adam,True,2,1000,hamqaoa,0.05,standard,2,2,42,scs,1e-06,100000,False,False,False,hog,False,False,False,False,True,False,True,1,HOG_graphs/random_graphs_8to14vertices_78instances_20260625_143415_AdjacencyList.txt,True,Results/warm_start_cache/experiment_3,512,60,0,32,1,1,100,100,5,3,5,1,42,30,"[(2, 3), (3, 5), (4, 6), (7, 8), (0, 2), (0, 8), (1, 7), (5, 7), (3, 4), (4, 5), (8, 9), (1, 3), (0, 1), (6, 8), (2, 4), (7, 9), (1, 2), (1, 5), (0, 9), (6, 7)]","[1.0, 1.0, 1.0, 1.0, 1.0, 1.0, 1.0, 1.0, 1.0, 1.0, 1.0, 1.0, 1.0, 1.0, 1.0, 1.0, 1.0, 1.0, 1.0, 1.0]"
c3e2a479,8,15,3,25.0,False,True,"[1, 1, 1]",,15.172563024004521,7.586281512002261,4.958848140362963,4.676639108626789,4.710448510417178,3.657196466181467,,,3.445158620828848,1.3386545323574257,5.379775776595891,,,,,,1097.5765590667725,2299.546748161316,True,1201.99880194664,0.028597354888916016,0.0,1201.99880194664,Results/warm_start_cache/experiment_3/random_graphs_8to14vertices_78instances_20260625_143415_AdjacencyList__filehash_a79662a0/hog_idx000007_21c2570f08f1_seed42_L2_M2_amplified.npz,1097.692999124527,2026-07-08 07:33:54,x86_64,dacsgpu0002,,64,64,3.11.15,0.27,False,False,adam,True,2,1000,hamqaoa,0.05,standard,2,2,42,scs,1e-06,100000,False,False,False,hog,False,False,False,False,True,False,True,1,HOG_graphs/random_graphs_8to14vertices_78instances_20260625_143415_AdjacencyList.txt,True,Results/warm_start_cache/experiment_3,512,60,0,32,1,1,100,100,5,3,5,1,42,7,"[(0, 1), (0, 4), (4, 7), (2, 6), (0, 3), (4, 6), (0, 6), (3, 4), (4, 5), (3, 7), (2, 5), (0, 5), (0, 2), (2, 4), (1, 7)]","[1.0, 1.0, 1.0, 1.0, 1.0, 1.0, 1.0, 1.0, 1.0, 1.0, 1.0, 1.0, 1.0, 1.0, 1.0]"
b86df422,8,15,1,50.0,False,True,"[1, 1, 1]",,15.172563024004521,7.586281512002261,4.958848140362963,4.676639108626789,4.710448510417178,3.657196466181467,,,2.1301427020133206,0.023638613541898224,4.722267817188127,,,,,,467.12230587005615,1669.1097869873047,True,1201.99880194664,0.011306524276733398,0.0,1201.99880194664,Results/warm_start_cache/experiment_3/random_graphs_8to14vertices_78instances_20260625_143415_AdjacencyList__filehash_a79662a0/hog_idx000007_21c2570f08f1_seed42_L2_M2_amplified.npz,467.15884494781494,2026-07-08 07:41:56,x86_64,dacsgpu0002,,64,64,3.11.15,0.23,False,False,adam,True,2,1000,hamqaoa,0.05,standard,2,2,42,scs,1e-06,100000,False,False,False,hog,False,False,False,False,True,False,True,1,HOG_graphs/random_graphs_8to14vertices_78instances_20260625_143415_AdjacencyList.txt,True,Results/warm_start_cache/experiment_3,512,60,0,32,1,1,100,100,5,3,5,1,42,7,"[(0, 1), (0, 4), (4, 7), (2, 6), (0, 3), (4, 6), (0, 6), (3, 4), (4, 5), (3, 7), (2, 5), (0, 5), (0, 2), (2, 4), (1, 7)]","[1.0, 1.0, 1.0, 1.0, 1.0, 1.0, 1.0, 1.0, 1.0, 1.0, 1.0, 1.0, 1.0, 1.0, 1.0]"
5d5cde18,8,15,3,50.0,False,True,"[1, 1, 1]",,15.172563024004521,7.586281512002261,4.958848140362963,4.676639108626789,4.710448510417178,3.657196466181467,,,3.3836657256812837,1.2771616372098613,5.349029329022109,,,,,,1106.559809923172,2308.5378165245056,True,1201.99880194664,0.02077937126159668,0.0,1201.99880194664,Results/warm_start_cache/experiment_3/random_graphs_8to14vertices_78instances_20260625_143415_AdjacencyList__filehash_a79662a0/hog_idx000007_21c2570f08f1_seed42_L2_M2_amplified.npz,1106.6098749637604,2026-07-08 08:00:32,x86_64,dacsgpu0002,,64,64,3.11.15,0.26,False,False,adam,True,2,1000,hamqaoa,0.05,standard,2,2,42,scs,1e-06,100000,False,False,False,hog,False,False,False,False,True,False,True,1,HOG_graphs/random_graphs_8to14vertices_78instances_20260625_143415_AdjacencyList.txt,True,Results/warm_start_cache/experiment_3,512,60,0,32,1,1,100,100,5,3,5,1,42,7,"[(0, 1), (0, 4), (4, 7), (2, 6), (0, 3), (4, 6), (0, 6), (3, 4), (4, 5), (3, 7), (2, 5), (0, 5), (0, 2), (2, 4), (1, 7)]","[1.0, 1.0, 1.0, 1.0, 1.0, 1.0, 1.0, 1.0, 1.0, 1.0, 1.0, 1.0, 1.0, 1.0, 1.0]"
2330306f,8,15,5,25.0,False,True,"[1, 1, 1]",,15.172563024004521,7.586281512002261,4.958848140362963,4.676639108626789,4.710448510417178,3.657196466181467,,,3.5343277594015428,1.4278236709301204,5.4243603458822385,,,,,,2093.2557187080383,3295.242629289627,True,1201.99880194664,0.011874198913574219,0.0,1201.99880194664,Results/warm_start_cache/experiment_3/random_graphs_8to14vertices_78instances_20260625_143415_AdjacencyList__filehash_a79662a0/hog_idx000007_21c2570f08f1_seed42_L2_M2_amplified.npz,2093.3367216587067,2026-07-08 08:07:03,x86_64,dacsgpu0002,,64,64,3.11.15,0.3,False,False,adam,True,2,1000,hamqaoa,0.05,standard,2,2,42,scs,1e-06,100000,False,False,False,hog,False,False,False,False,True,False,True,1,HOG_graphs/random_graphs_8to14vertices_78instances_20260625_143415_AdjacencyList.txt,True,Results/warm_start_cache/experiment_3,512,60,0,32,1,1,100,100,5,3,5,1,42,7,"[(0, 1), (0, 4), (4, 7), (2, 6), (0, 3), (4, 6), (0, 6), (3, 4), (4, 5), (3, 7), (2, 5), (0, 5), (0, 2), (2, 4), (1, 7)]","[1.0, 1.0, 1.0, 1.0, 1.0, 1.0, 1.0, 1.0, 1.0, 1.0, 1.0, 1.0, 1.0, 1.0, 1.0]"
841a9921,8,15,1,100.0,False,True,"[1, 1, 1]",,15.172563024004521,7.586281512002261,4.958848140362963,4.676639108626789,4.710448510417178,3.657196466181467,,,2.1303332137965443,0.023829125325121936,4.722363073079739,,,,,,470.6985037326813,1672.673145532608,True,1201.99880194664,0.024143457412719727,0.0,1201.99880194664,Results/warm_start_cache/experiment_3/random_graphs_8to14vertices_78instances_20260625_143415_AdjacencyList__filehash_a79662a0/hog_idx000007_21c2570f08f1_seed42_L2_M2_amplified.npz,470.78316926956177,2026-07-08 08:15:10,x86_64,dacsgpu0002,,64,64,3.11.15,0.23,False,False,adam,True,2,1000,hamqaoa,0.05,standard,2,2,42,scs,1e-06,100000,False,False,False,hog,False,False,False,False,True,False,True,1,HOG_graphs/random_graphs_8to14vertices_78instances_20260625_143415_AdjacencyList.txt,True,Results/warm_start_cache/experiment_3,512,60,0,32,1,1,100,100,5,3,5,1,42,7,"[(0, 1), (0, 4), (4, 7), (2, 6), (0, 3), (4, 6), (0, 6), (3, 4), (4, 5), (3, 7), (2, 5), (0, 5), (0, 2), (2, 4), (1, 7)]","[1.0, 1.0, 1.0, 1.0, 1.0, 1.0, 1.0, 1.0, 1.0, 1.0, 1.0, 1.0, 1.0, 1.0, 1.0]"
6dbc2d84,8,15,3,100.0,False,True,"[1, 1, 1]",,15.172563024004521,7.586281512002261,4.958848140362963,4.676639108626789,4.710448510417178,3.657196466181467,,,3.430731526208807,1.3242274377373846,5.372562229285871,,,,,,1157.0576696395874,2359.046206712723,True,1201.99880194664,0.010248899459838867,0.0,1201.99880194664,Results/warm_start_cache/experiment_3/random_graphs_8to14vertices_78instances_20260625_143415_AdjacencyList__filehash_a79662a0/hog_idx000007_21c2570f08f1_seed42_L2_M2_amplified.npz,1157.1261172294617,2026-07-08 08:34:42,x86_64,dacsgpu0002,,64,64,3.11.15,0.26,False,False,adam,True,2,1000,hamqaoa,0.05,standard,2,2,42,scs,1e-06,100000,False,False,False,hog,False,False,False,False,True,False,True,1,HOG_graphs/random_graphs_8to14vertices_78instances_20260625_143415_AdjacencyList.txt,True,Results/warm_start_cache/experiment_3,512,60,0,32,1,1,100,100,5,3,5,1,42,7,"[(0, 1), (0, 4), (4, 7), (2, 6), (0, 3), (4, 6), (0, 6), (3, 4), (4, 5), (3, 7), (2, 5), (0, 5), (0, 2), (2, 4), (1, 7)]","[1.0, 1.0, 1.0, 1.0, 1.0, 1.0, 1.0, 1.0, 1.0, 1.0, 1.0, 1.0, 1.0, 1.0, 1.0]"
947f0f9a,8,15,5,50.0,False,True,"[1, 1, 1]",,15.172563024004521,7.586281512002261,4.958848140362963,4.676639108626789,4.710448510417178,3.657196466181467,,,3.661553427019327,1.5550493385479047,5.487973179691131,,,,,,2180.2611877918243,3382.246185541153,True,1201.99880194664,0.01378774642944336,0.0,1201.99880194664,Results/warm_start_cache/experiment_3/random_graphs_8to14vertices_78instances_20260625_143415_AdjacencyList__filehash_a79662a0/hog_idx000007_21c2570f08f1_seed42_L2_M2_amplified.npz,2180.3069038391113,2026-07-08 08:37:07,x86_64,dacsgpu0002,,64,64,3.11.15,0.31,False,False,adam,True,2,1000,hamqaoa,0.05,standard,2,2,42,scs,1e-06,100000,False,False,False,hog,False,False,False,False,True,False,True,1,HOG_graphs/random_graphs_8to14vertices_78instances_20260625_143415_AdjacencyList.txt,True,Results/warm_start_cache/experiment_3,512,60,0,32,1,1,100,100,5,3,5,1,42,7,"[(0, 1), (0, 4), (4, 7), (2, 6), (0, 3), (4, 6), (0, 6), (3, 4), (4, 5), (3, 7), (2, 5), (0, 5), (0, 2), (2, 4), (1, 7)]","[1.0, 1.0, 1.0, 1.0, 1.0, 1.0, 1.0, 1.0, 1.0, 1.0, 1.0, 1.0, 1.0, 1.0, 1.0]"
1fb4c8d7,8,15,5,100.0,False,True,"[1, 1, 1]",,15.172563024004521,7.586281512002261,4.958848140362963,4.676639108626789,4.710448510417178,3.657196466181467,,,3.9355396476183655,1.8290355591469432,5.62496628999065,,,,,,2200.5228748321533,3402.5133063793182,True,1201.99880194664,0.008354425430297852,0.0,1201.99880194664,Results/warm_start_cache/experiment_3/random_graphs_8to14vertices_78instances_20260625_143415_AdjacencyList__filehash_a79662a0/hog_idx000007_21c2570f08f1_seed42_L2_M2_amplified.npz,2200.5732679367065,2026-07-08 09:11:36,x86_64,dacsgpu0002,,64,64,3.11.15,0.29,False,False,adam,True,2,1000,hamqaoa,0.05,standard,2,2,42,scs,1e-06,100000,False,False,False,hog,False,False,False,False,True,False,True,1,HOG_graphs/random_graphs_8to14vertices_78instances_20260625_143415_AdjacencyList.txt,True,Results/warm_start_cache/experiment_3,512,60,0,32,1,1,100,100,5,3,5,1,42,7,"[(0, 1), (0, 4), (4, 7), (2, 6), (0, 3), (4, 6), (0, 6), (3, 4), (4, 5), (3, 7), (2, 5), (0, 5), (0, 2), (2, 4), (1, 7)]","[1.0, 1.0, 1.0, 1.0, 1.0, 1.0, 1.0, 1.0, 1.0, 1.0, 1.0, 1.0, 1.0, 1.0, 1.0]"
