run_id,n,m,p,precision/iterations,singlet_injection,warm_start,parameter_vector,optimal_result,sdp_objective_value_step1,sdp_objective_value_king_normalized_step1,algorithm17_actual_energy,algorithm17_lower_bound_energy,algorithm17_analytic_F_value,algorithm17_F_bound_applicable,algorithm17_beta_mode,algorithm17_beta_star,algorithm17_beta_optimisation_time_seconds,initial_ws_energy_prodStates_step2,initial_sdp_statevector_energy,initial_qaoa_input_energy_normalized,adam_initial_point_energy_normalized,adam_energy_history_normalized_json,adam_updates_completed,initial_sdp_statevec_ratio,initial_ws_energy_010101,QAOA_improvement_over_SDP_statevectorEnergy,QAOA_improvement_over_SDP_prodStatesEnergy,result,result_010101,approx_ratio,approx_ratio_010101,diff. approx. ratio,sdp ws greater,duration_seconds,duration_seconds_excluding_warm_start_cache_io,warm_start_cache_used,warm_start_compute_time_seconds,warm_start_load_time_seconds,warm_start_save_time_seconds,warm_start_effective_time_seconds,warm_start_cache_path,full duration_seconds,finished_at,processor,hostname,total_ram_gb,physical_cores,logical_cores,python_version,peak_ram_mb,Instance_is_triangle_free,Instance_is_3_regular,Instance_is_bipartite,Instance_is_regular,Regular_degree,Instance_is_claw_free,Instance_is_twin_free,Instance_is_planar,Instance_is_eulerian,optimiser,optimiser_use_heuristic,heuristic_optimiser_iterations,heuristic_optimiser_sampleSize,circuit_type,learning_rate_adam,compare_with_010101,init_QAOAparams_close_to_zero,graph_generation_type,weighted,easiest_first,debug,save_circuit_svg,rerun_exclude_finished_instances,warm_start_cache_producer_only,qaoa_only_from_existing_warm_start_cache,num_repeats,relative_graph_adjList_path,persistent_warm_start_cache,sdp_max_parallel,qaoa_max_parallel,sdp_threads,qaoa_threads,sdp_memory_limit_total_gb,sdp_memory_limit_single_gb,sdp_max_retries,queue_poll_interval_seconds,max_graph_vertices,qaoa_seed,initialise_standard_warm_start_with_zero_angles,result_name_suffix,benchmark_repeat_idx,sdp_seed,qaoa_seed_used,hog_graph_index,edges,weights
383d847d,6,6,6,75.0,False,False,"[1, 1, 1]",,,,,,,,,,,,,,2.412380026872341,"[2.412380026872341, 3.126834757656738, 3.7794701967444073, 3.6993046426810983, 3.6201335038509384, 3.681293750756059, 3.6969208538388334, 3.7528748660400573, 3.8713426447655777, 3.960816154101379, 3.9675584998840234, 3.9337362229278567, 3.9114951071927613, 3.914439059169301, 3.9334267385128565, 3.956184193108193, 3.9757598273600467, 3.9891443184027437, 3.9933803205747616, 3.988627778707292, 3.9830152831663326, 3.9847262032784587, 3.991812632688543, 3.9964808351155523, 3.9965121051779477, 3.9971289808446984, 4.002056171411223, 4.0080453677168, 4.010344971097581, 4.009860798182417, 4.010736433716337, 4.013665548753533, 4.015827542270357, 4.01601078457148, 4.016207497654212, 4.017642988986646, 4.018796609496094, 4.018792375073832, 4.019529177045929, 4.02230559413461, 4.024999386705836, 4.025010130294718, 4.023110108540985, 4.022019929448017, 4.022609556274691, 4.023870407795446, 4.025253242615914, 4.026676905990094, 4.02734000238789, 4.0266334956277525, 4.025554408937904, 4.025544325227647, 4.026491939343688, 4.027283261670055, 4.027628936480904, 4.027994505028633, 4.028372993565214, 4.028447770091283, 4.028452427170587, 4.028793452492974, 4.029336389260535, 4.029804684170817, 4.030267195121953, 4.030758740012132, 4.031076069196738, 4.031248650440668, 4.031605986346383, 4.032226589917125, 4.032840463925876, 4.033295643896017, 4.033690915482234, 4.034118000965484, 4.034595765839822, 4.035145573613477, 4.035721830715771, 4.036206464670018]",75,,,,,4.036206464670018,,0.9379982488194325,,,,32.08352041244507,32.08352041244507,False,,0.0,0.0,,,32.09960889816284,2026-09-10 15:38:25,x86_64,dacsgpu0003,,64,64,3.11.15,0.24,True,False,True,True,2,True,True,True,True,adam,True,1,25,hamqaoa,0.05,False,False,hog,False,False,False,False,True,False,False,1,HOG_graphs/Exp5/cycle_graphs_3to12vertices_10instances_AdjacencyList.txt,False,0,16,1,1,0,0,0,5,10,42,True,_FINAL_BENCHMARKS_STANDARD_BestPerformer,1,,42,3,"[(0, 1), (2, 3), (1, 2), (3, 4), (4, 5), (0, 5)]","[1.0, 1.0, 1.0, 1.0, 1.0, 1.0]"
ef65cba2,7,7,6,75.0,False,False,"[1, 1, 1]",,,,,,,,,,,,,,1.9974981061044785,"[1.9974981061044785, 2.500905287628152, 2.8056945014587633, 3.234693324486468, 3.7021006951370405, 3.8592199116825547, 3.7980806756831136, 3.802551711337964, 3.8181630268871154, 3.822526575166214, 3.8795905891809177, 3.9597319792100802, 3.9943510100715853, 3.9933604444527147, 4.016653290565281, 4.045029074187637, 4.038342797053135, 4.018288374673023, 4.016087711149523, 4.016353834903325, 4.00723128709619, 4.012699748080149, 4.041451281741214, 4.067169673476394, 4.075509297967889, 4.082154738469498, 4.0927356261820975, 4.094978596485388, 4.092357914529178, 4.097759655291651, 4.105662806099694, 4.108316098428768, 4.112021164551378, 4.117851099498016, 4.118298008838943, 4.116800908066074, 4.119834893092134, 4.122361740663966, 4.122735875083843, 4.126603629775518, 4.131365145814694, 4.132592064393171, 4.134593087680268, 4.138789632934596, 4.14198490574563, 4.146484260201355, 4.154042145647545, 4.162306076718223, 4.1726187366810485, 4.186510748775571, 4.202491337161633, 4.222057870495244, 4.245419488987018, 4.268364163768425, 4.28845960570497, 4.306074894833242, 4.325524415420479, 4.348658783207521, 4.3710979364414, 4.387643248755875, 4.3949426349540595, 4.394597573557229, 4.394702427087902, 4.397195856605598, 4.39789506570765, 4.394833582614842, 4.390465303860469, 4.3890216900997965, 4.388947729727373, 4.386898813527245, 4.384008750734381, 4.383874972786137, 4.387596777954185, 4.392017503582084, 4.395367245374241, 4.399141213213301]",75,,,,,4.399141213213301,,0.9552966803937679,,,,37.136618852615356,37.136618852615356,False,,0.0,0.0,,,37.15032148361206,2026-09-10 15:38:30,x86_64,dacsgpu0003,,64,64,3.11.15,0.24,True,False,False,True,2,True,True,True,True,adam,True,1,25,hamqaoa,0.05,False,False,hog,False,False,False,False,True,False,False,1,HOG_graphs/Exp5/cycle_graphs_3to12vertices_10instances_AdjacencyList.txt,False,0,16,1,1,0,0,0,5,10,42,True,_FINAL_BENCHMARKS_STANDARD_BestPerformer,1,,42,4,"[(0, 1), (2, 3), (1, 2), (5, 6), (3, 4), (0, 6), (4, 5)]","[1.0, 1.0, 1.0, 1.0, 1.0, 1.0, 1.0]"
8e5f9a86,6,6,7,75.0,False,False,"[1, 1, 1]",,,,,,,,,,,,,,2.1318369809188145,"[2.1318369809188145, 2.7062950950170506, 3.0372796449581427, 3.1528437001830714, 3.3015428993253524, 3.468961288083741, 3.5862721794339905, 3.6319205854368564, 3.652929191160776, 3.69192123616549, 3.729137916939743, 3.726952652922994, 3.714982740355439, 3.718407299474731, 3.732041664802454, 3.749377933356958, 3.762876511766095, 3.7650149474146986, 3.7633990095528302, 3.7694521088683053, 3.7808263275083394, 3.7927128394139626, 3.8056705422586, 3.8196565613689084, 3.8346287307406537, 3.8503908788037235, 3.8648767161942077, 3.878040917074077, 3.8921904370084106, 3.9089053544678793, 3.9286328080731208, 3.9500295414768978, 3.9694826040888294, 3.9840896918300572, 3.9936334498953103, 3.999899282961914, 4.004735760411804, 4.010543558245506, 4.018576554285096, 4.0243161254953606, 4.023784906911947, 4.020247233904979, 4.017925405021213, 4.017748386443541, 4.019442300137492, 4.020850309148043, 4.020705592340765, 4.021113822547019, 4.022886437811669, 4.024925936899081, 4.026865980642563, 4.028307292803222, 4.029800278441442, 4.0322425819164724, 4.034673470495074, 4.036256421482747, 4.036804721193592, 4.036814092934702, 4.037178561580426, 4.037949390464546, 4.0388367994699355, 4.039253226321785, 4.039610569408152, 4.040208246258601, 4.041097938656648, 4.042086618903069, 4.042623514209091, 4.042750652041174, 4.042734327153139, 4.042711217978787, 4.042602871800604, 4.0426576974323005, 4.042919690718278, 4.04335534441994, 4.043782213396647, 4.044094581896357]",75,,,,,4.044094581896357,,0.9398314157323628,,,,42.40318417549133,42.40318417549133,False,,0.0,0.0,,,42.41266703605652,2026-09-10 15:38:35,x86_64,dacsgpu0003,,64,64,3.11.15,0.25,True,False,True,True,2,True,True,True,True,adam,True,1,25,hamqaoa,0.05,False,False,hog,False,False,False,False,True,False,False,1,HOG_graphs/Exp5/cycle_graphs_3to12vertices_10instances_AdjacencyList.txt,False,0,16,1,1,0,0,0,5,10,42,True,_FINAL_BENCHMARKS_STANDARD_BestPerformer,1,,42,3,"[(0, 1), (2, 3), (1, 2), (3, 4), (4, 5), (0, 5)]","[1.0, 1.0, 1.0, 1.0, 1.0, 1.0]"
f85ee8b5,8,8,6,75.0,False,False,"[1, 1, 1]",,,,,,,,,,,,,,2.2275833871740995,"[2.2275833871740995, 2.848919161387191, 3.3366478653631306, 3.62088671610025, 3.84598084245888, 4.018118363726549, 4.130978918562638, 4.25389989555374, 4.399065807527247, 4.502220371855968, 4.544184477685494, 4.569555513820722, 4.604331630290598, 4.641472794718205, 4.6903529299744, 4.7711124082672605, 4.877084596637377, 4.984003245375624, 5.072684890648759, 5.12942140107379, 5.157596785557032, 5.1870999463174625, 5.229384716652024, 5.262753625355296, 5.278298608494076, 5.285242730141997, 5.28448374001329, 5.280543020711354, 5.280085825453144, 5.280127019219536, 5.283836306451465, 5.295632958798133, 5.308841035479641, 5.324374301647702, 5.341404734983452, 5.349768490475073, 5.353863031193432, 5.359185337370617, 5.363746964158816, 5.370877756196056, 5.37646865819698, 5.377156707136282, 5.375730842690983, 5.371246276633637, 5.368277357139677, 5.369005044535285, 5.370275651728978, 5.372405855493503, 5.373973613742386, 5.376441894603159, 5.380278388436226, 5.3829163352824745, 5.385068355229777, 5.3857799828543, 5.386347573463415, 5.387997615308931, 5.390098441753575, 5.392203755510102, 5.392587300514815, 5.392397309977533, 5.392242578518014, 5.3923440679851895, 5.392766768471885, 5.3930583507992385, 5.393660506474246, 5.394042719727044, 5.39445837812467, 5.394455811346445, 5.394167669498684, 5.393925570904957, 5.393990434113279, 5.394223514935781, 5.3941850081584075, 5.394130696029706, 5.3941048410864045, 5.394311659879676]",75,,,,,5.394311659879676,,0.9545764749388916,,,,42.11223840713501,42.11223840713501,False,,0.0,0.0,,,42.12426805496216,2026-09-10 15:38:36,x86_64,dacsgpu0003,,64,64,3.11.15,0.25,True,False,True,True,2,True,True,True,True,adam,True,1,25,hamqaoa,0.05,False,False,hog,False,False,False,False,True,False,False,1,HOG_graphs/Exp5/cycle_graphs_3to12vertices_10instances_AdjacencyList.txt,False,0,16,1,1,0,0,0,5,10,42,True,_FINAL_BENCHMARKS_STANDARD_BestPerformer,1,,42,5,"[(0, 1), (2, 3), (0, 7), (1, 2), (5, 6), (3, 4), (4, 5), (6, 7)]","[1.0, 1.0, 1.0, 1.0, 1.0, 1.0, 1.0, 1.0]"
add4b46f,7,7,7,75.0,False,False,"[1, 1, 1]",,,,,,,,,,,,,,2.4341290063724115,"[2.4341290063724115, 2.8202397966719692, 3.1025916434889855, 3.2437911661870746, 3.3719172644417337, 3.5409899547927863, 3.6637610490689516, 3.7100311663600944, 3.6945185110106475, 3.697898940781184, 3.755681956124068, 3.8426633664754726, 3.9188383696904587, 3.9556395252516117, 3.973109423401893, 3.994980476906754, 4.024233737943995, 4.054031256843657, 4.078160263433169, 4.096628230270222, 4.113033622368371, 4.126699050151554, 4.130871043700537, 4.1245909021045, 4.111902321795934, 4.101726709386285, 4.100165058010133, 4.1055522966826015, 4.1121898741973615, 4.118778361861801, 4.125039977527485, 4.131721485631782, 4.1381420540975515, 4.142342757128672, 4.144692364338185, 4.146346137321199, 4.1481429287955836, 4.151095341145855, 4.154827172383393, 4.157262219509797, 4.15753868767018, 4.156593033356996, 4.156322450143475, 4.157958487641247, 4.160608826336628, 4.163317959973158, 4.166081392805095, 4.16957833164896, 4.1744145809724635, 4.180127501865011, 4.18637126159883, 4.193420378946202, 4.202236859294281, 4.213859944950475, 4.228611055238812, 4.246874004349901, 4.268941350949517, 4.294717040756808, 4.32285102155402, 4.350471381054359, 4.374004459178595, 4.390682822340451, 4.4000253240057345, 4.403716350552572, 4.404041627065812, 4.4020141809267725, 4.397527489071783, 4.391242443230466, 4.385377238893182, 4.382770961923011, 4.384912857474967, 4.391146867330102, 4.399598304419046, 4.408607865751546, 4.415307375375311, 4.417429303919134]",75,,,,,4.417429303919134,,0.959268035595903,,,,48.17501163482666,48.17501163482666,False,,0.0,0.0,,,48.186001777648926,2026-09-10 15:38:41,x86_64,dacsgpu0003,,64,64,3.11.15,0.25,True,False,False,True,2,True,True,True,True,adam,True,1,25,hamqaoa,0.05,False,False,hog,False,False,False,False,True,False,False,1,HOG_graphs/Exp5/cycle_graphs_3to12vertices_10instances_AdjacencyList.txt,False,0,16,1,1,0,0,0,5,10,42,True,_FINAL_BENCHMARKS_STANDARD_BestPerformer,1,,42,4,"[(0, 1), (2, 3), (1, 2), (5, 6), (3, 4), (0, 6), (4, 5)]","[1.0, 1.0, 1.0, 1.0, 1.0, 1.0, 1.0]"
e2839c7f,9,9,6,75.0,False,False,"[1, 1, 1]",,,,,,,,,,,,,,2.5300421667089563,"[2.5300421667089563, 3.3623154494009615, 3.4440681622602334, 3.7352926592099767, 3.9892309893088833, 4.07346617278029, 4.211499330680968, 4.475816834713807, 4.710756008649463, 4.824998741361637, 4.851636551931314, 4.827273011864375, 4.76353618482768, 4.7350917110088595, 4.777693945103368, 4.820723812850526, 4.844321183331869, 4.880417331771987, 4.909569890201999, 4.930093945837316, 4.973958999888282, 5.014265921126978, 5.0207218984515345, 5.028051463075043, 5.035812224842346, 5.030018030263201, 5.039730030246885, 5.056842504102426, 5.066048457362495, 5.08678587420277, 5.106435520943769, 5.1122306979453525, 5.119396340717025, 5.121122136868131, 5.120073010542418, 5.126577527960577, 5.130565106543742, 5.1379553683364385, 5.153249344657692, 5.165517541072425, 5.17844769685795, 5.192645000754457, 5.204683959403465, 5.220831048671792, 5.237668130170055, 5.252716373073085, 5.270100236477013, 5.286494794342067, 5.302505596457396, 5.319913630603514, 5.335435217706795, 5.350496141132852, 5.36489554174002, 5.376477356795518, 5.386737018765984, 5.39474061599025, 5.400465111947129, 5.405470085889178, 5.409067075780259, 5.412749164107586, 5.417589334865365, 5.422711664104559, 5.428366920874153, 5.433486888367395, 5.437364024622978, 5.4405347787883205, 5.4425469704583564, 5.443831435307842, 5.444515324431581, 5.444343296179494, 5.443754295939907, 5.442569359203499, 5.441402518479155, 5.440727755688719, 5.4405764072545475, 5.44116113905143]",75,,,,,5.44116113905143,,0.8998116651317067,,,,50.45053291320801,50.45053291320801,False,,0.0,0.0,,,50.45920944213867,2026-09-10 15:38:43,x86_64,dacsgpu0003,,64,64,3.11.15,0.25,True,False,False,True,2,True,True,True,True,adam,True,1,25,hamqaoa,0.05,False,False,hog,False,False,False,False,True,False,False,1,HOG_graphs/Exp5/cycle_graphs_3to12vertices_10instances_AdjacencyList.txt,False,0,16,1,1,0,0,0,5,10,42,True,_FINAL_BENCHMARKS_STANDARD_BestPerformer,1,,42,6,"[(0, 1), (2, 3), (1, 2), (5, 6), (3, 4), (7, 8), (4, 5), (0, 8), (6, 7)]","[1.0, 1.0, 1.0, 1.0, 1.0, 1.0, 1.0, 1.0, 1.0]"
ad2bf1e0,6,6,8,75.0,False,False,"[1, 1, 1]",,,,,,,,,,,,,,1.8085969690752945,"[1.8085969690752945, 2.3245338508365396, 2.5897282314927152, 2.9545171325249986, 3.3129461253471435, 3.560445738782759, 3.7115400845697075, 3.7704034776344764, 3.797254571295629, 3.814302158861456, 3.8549426465576997, 3.9007517174833723, 3.9427721295008205, 3.965138544529367, 3.983406988650232, 3.9926252434272667, 3.9908798171843536, 3.9824116770482614, 3.97922332439607, 3.9751499997881456, 3.9746974879960524, 3.979012714427898, 3.9876187882626417, 3.9970430092089955, 4.005511143770943, 4.010969728768218, 4.01375011038713, 4.0147557858084335, 4.013656007670937, 4.013225298306148, 4.013402835751461, 4.014582836886614, 4.016592329802713, 4.019747666564737, 4.021111040571572, 4.021511144177975, 4.022123408291819, 4.022286832057686, 4.023333382503963, 4.025057713587577, 4.026466373146153, 4.027609173255704, 4.028940017319157, 4.029904424219944, 4.030372892184336, 4.030741868464079, 4.0307895593595795, 4.030919660565031, 4.031684440184756, 4.032954467334034, 4.034069939876589, 4.034655920461814, 4.03483813859489, 4.034808323193364, 4.035089590008433, 4.03582097209955, 4.0366487180445665, 4.037446129701146, 4.0380261374048585, 4.038423358494198, 4.0387147257638585, 4.038922700560236, 4.039181218226851, 4.0395327811936825, 4.0399545099942555, 4.040279706899779, 4.040608430711077, 4.040979655441974, 4.041260778304203, 4.041478292202621, 4.041695312675339, 4.042002868504114, 4.042363958951103, 4.042671636040557, 4.042844581900467, 4.043007977306129]",75,,,,,4.043007977306129,,0.9395788931689818,,,,52.394829511642456,52.394829511642456,False,,0.0,0.0,,,52.40171837806702,2026-09-10 15:38:45,x86_64,dacsgpu0003,,64,64,3.11.15,0.26,True,False,True,True,2,True,True,True,True,adam,True,1,25,hamqaoa,0.05,False,False,hog,False,False,False,False,True,False,False,1,HOG_graphs/Exp5/cycle_graphs_3to12vertices_10instances_AdjacencyList.txt,False,0,16,1,1,0,0,0,5,10,42,True,_FINAL_BENCHMARKS_STANDARD_BestPerformer,1,,42,3,"[(0, 1), (2, 3), (1, 2), (3, 4), (4, 5), (0, 5)]","[1.0, 1.0, 1.0, 1.0, 1.0, 1.0]"
2d53c975,7,7,8,75.0,False,False,"[1, 1, 1]",,,,,,,,,,,,,,2.1524079291775884,"[2.1524079291775884, 2.597263606099127, 2.678245509359565, 3.0525247415503043, 3.302498311338254, 3.362206073071508, 3.451687382186189, 3.5248198253206375, 3.5342072002313847, 3.552402254953354, 3.651979394811908, 3.7524182436105913, 3.7870234804255065, 3.830827874825661, 3.919186222491011, 3.9717124571912312, 4.000273798782116, 4.0714731853386645, 4.1085900078089415, 4.085393147356252, 4.080875787895529, 4.100565615571119, 4.122522714736484, 4.144075977313297, 4.166554680324154, 4.198804152464113, 4.2348161672829665, 4.248655435823327, 4.244927888508825, 4.24294253009975, 4.233377275853458, 4.223173760230038, 4.23042347558191, 4.244779301955557, 4.25788298292901, 4.265924569695657, 4.270234806323283, 4.277497403830474, 4.282303495864025, 4.284155556123899, 4.289219152958309, 4.292683438978949, 4.295215724151665, 4.298106525659245, 4.300498390611913, 4.30244444754005, 4.300156949961028, 4.299480052041472, 4.3026613243731635, 4.304339112368759, 4.307160063302692, 4.310563452121146, 4.312174621815708, 4.312977369060512, 4.3131872968702405, 4.313841505136731, 4.314991950216707, 4.3162995690907096, 4.31787164151096, 4.319280135124525, 4.32023940421768, 4.321503204010231, 4.323005604416213, 4.324846907328442, 4.326846092482019, 4.328633437354647, 4.330545868778724, 4.331645196495246, 4.332743518611617, 4.333945228443831, 4.335030841432461, 4.336554591185153, 4.3377938876756685, 4.3386597093808605, 4.339491508020676, 4.340517496383871]",75,,,,,4.340517496383871,,0.9425662315708732,,,,61.9165415763855,61.9165415763855,False,,0.0,0.0,,,61.9240198135376,2026-09-10 15:38:55,x86_64,dacsgpu0003,,64,64,3.11.15,0.25,True,False,False,True,2,True,True,True,True,adam,True,1,25,hamqaoa,0.05,False,False,hog,False,False,False,False,True,False,False,1,HOG_graphs/Exp5/cycle_graphs_3to12vertices_10instances_AdjacencyList.txt,False,0,16,1,1,0,0,0,5,10,42,True,_FINAL_BENCHMARKS_STANDARD_BestPerformer,1,,42,4,"[(0, 1), (2, 3), (1, 2), (5, 6), (3, 4), (0, 6), (4, 5)]","[1.0, 1.0, 1.0, 1.0, 1.0, 1.0, 1.0]"
7cf17f22,6,6,9,75.0,False,False,"[1, 1, 1]",,,,,,,,,,,,,,1.9305269271264105,"[1.9305269271264105, 2.3277133441427886, 2.8034241768050694, 3.0510928171208587, 3.207384396308095, 3.2618880819603, 3.2939100482066337, 3.3831967854519154, 3.4763742536360707, 3.602556413022121, 3.6820362034703735, 3.7045116655166215, 3.7009884910412016, 3.654872821433667, 3.640207107970522, 3.665089265568701, 3.7226574917755078, 3.7870759081078367, 3.8071774307064747, 3.8004654117963965, 3.791085072860094, 3.785313860455938, 3.7995542577458212, 3.8209107251191425, 3.837556863237149, 3.8408111009002712, 3.831084150554914, 3.832034153889655, 3.8471786932545724, 3.859715613786976, 3.8607922412420557, 3.854420792663239, 3.85325589030742, 3.8600378615090523, 3.8672529381496945, 3.871374838803661, 3.8724812304017626, 3.875936737371511, 3.8808134234023406, 3.8825547430911356, 3.8819675111286003, 3.8827722240188933, 3.8873211312701526, 3.8924342350653487, 3.8957544467873744, 3.8966404001864396, 3.897207207412962, 3.8989224177909585, 3.8999890952218332, 3.9006825186744956, 3.902719689632153, 3.906730113348524, 3.910000367354666, 3.911180820287444, 3.912389775880652, 3.915189523966005, 3.9188232279977657, 3.921471530728168, 3.9239791965123865, 3.9275245304602593, 3.9316729611337697, 3.935877767914395, 3.9403346886561135, 3.9449615125258375, 3.9493213419126176, 3.953587162420959, 3.957344989556172, 3.9605204880640965, 3.9637645042001366, 3.9665784540050053, 3.968838652805207, 3.970921249357128, 3.9730414067271935, 3.975799222438052, 3.9786238811535695, 3.9813473266645527]",75,,,,,3.9813473266645527,,0.9252492044305258,,,,65.73712706565857,65.73712706565857,False,,0.0,0.0,,,65.74763059616089,2026-09-10 15:38:59,x86_64,dacsgpu0003,,64,64,3.11.15,0.26,True,False,True,True,2,True,True,True,True,adam,True,1,25,hamqaoa,0.05,False,False,hog,False,False,False,False,True,False,False,1,HOG_graphs/Exp5/cycle_graphs_3to12vertices_10instances_AdjacencyList.txt,False,0,16,1,1,0,0,0,5,10,42,True,_FINAL_BENCHMARKS_STANDARD_BestPerformer,1,,42,3,"[(0, 1), (2, 3), (1, 2), (3, 4), (4, 5), (0, 5)]","[1.0, 1.0, 1.0, 1.0, 1.0, 1.0]"
7a9e517d,9,9,7,75.0,False,False,"[1, 1, 1]",,,,,,,,,,,,,,2.6331831361190665,"[2.6331831361190665, 3.3232133166839004, 3.788165661040751, 4.113195862235637, 4.436437178979518, 4.540200663859727, 4.533077187445852, 4.53712152286777, 4.553032134855623, 4.58488225278414, 4.670606135719965, 4.808097373594119, 4.899685938547082, 4.91918677144602, 4.919429966752862, 4.933696175452204, 4.96386023039449, 4.991873109949474, 5.016414535565594, 5.043118593527985, 5.064989435171943, 5.086104826895289, 5.110968098204188, 5.142284651848162, 5.177628405752199, 5.206747034049042, 5.227808082002783, 5.2421200082997, 5.248530163819331, 5.252708348365939, 5.257809594987059, 5.265588025266501, 5.278290991885162, 5.290809504435011, 5.298372506994243, 5.30163747329323, 5.30437738198064, 5.312474733298004, 5.326505736648619, 5.341891092253532, 5.353422829188538, 5.361443788495075, 5.371487352463866, 5.3842504495514945, 5.3977536855771735, 5.411342480017836, 5.424724877170083, 5.435381855784747, 5.443026268403792, 5.450621067522983, 5.458908459826924, 5.467337156117563, 5.475697038740385, 5.483838673254586, 5.491048638268983, 5.498229460222479, 5.50568251364912, 5.5129470717751525, 5.5198658413298505, 5.526817943190513, 5.5334539417298245, 5.539830731360899, 5.545934247672518, 5.551372670243309, 5.555722539267223, 5.558653321728853, 5.5600046133990295, 5.560570245955427, 5.561294974410316, 5.562522409007429, 5.5644849096014966, 5.567062553226504, 5.569929175387884, 5.572806289204488, 5.57535029245949, 5.577391114958972]",75,,,,,5.577391114958972,,0.9223401876895935,,,,67.65043592453003,67.65043592453003,False,,0.0,0.0,,,67.65799736976624,2026-09-10 15:39:00,x86_64,dacsgpu0003,,64,64,3.11.15,0.25,True,False,False,True,2,True,True,True,True,adam,True,1,25,hamqaoa,0.05,False,False,hog,False,False,False,False,True,False,False,1,HOG_graphs/Exp5/cycle_graphs_3to12vertices_10instances_AdjacencyList.txt,False,0,16,1,1,0,0,0,5,10,42,True,_FINAL_BENCHMARKS_STANDARD_BestPerformer,1,,42,6,"[(0, 1), (2, 3), (1, 2), (5, 6), (3, 4), (7, 8), (4, 5), (0, 8), (6, 7)]","[1.0, 1.0, 1.0, 1.0, 1.0, 1.0, 1.0, 1.0, 1.0]"
3833abc6,3,3,6,75.0,False,False,"[1, 1, 1]",,,,,,,,,,,,,,1.1902682927981076,"[1.1902682927981076, 1.3579240470779856, 1.3779159202413005, 1.3883239156149956, 1.4293946888115738, 1.470364312019031, 1.470930130148133, 1.4496149322423104, 1.4429063347144575, 1.4609839532650848, 1.480803885934027, 1.4897236636370468, 1.486486435963626, 1.4805366619127625, 1.4801142912538852, 1.4825621712044237, 1.485066543679619, 1.4848813562065586, 1.485387512121848, 1.4905012385796328, 1.4958563321090164, 1.4975675839876414, 1.4948731604733447, 1.4914738504107818, 1.4911995742970798, 1.4929888198742767, 1.4952561889548608, 1.4963291370939107, 1.4965875045889054, 1.497085960988716, 1.497651792304963, 1.4981998247645616, 1.497883949076804, 1.497189649984248, 1.4967602284157322, 1.497280751242739, 1.4985120737212203, 1.499260017435717, 1.4992045573594592, 1.4986909497140917, 1.498687947601546, 1.4990230376547984, 1.4992006837195628, 1.4989861792472008, 1.4988734762340075, 1.4991689212500903, 1.4996047029699229, 1.4997731568669799, 1.4996174511401679, 1.4994538436147713, 1.499457589505316, 1.4995919850047847, 1.499645067687757, 1.4996260999324862, 1.4996604393137933, 1.4998160684892443, 1.4999159933594937, 1.4998663613458947, 1.4997541354524708, 1.4997343616656897, 1.4998054481236287, 1.4998700114280772, 1.499895281389397, 1.499903773216873, 1.4999342245096212, 1.499940493601208, 1.4999088601491313, 1.4998668705769704, 1.4998888844174574, 1.49995028879045, 1.4999822474706006, 1.4999688158346862, 1.4999526747006355, 1.499956131753939, 1.4999513140984657, 1.4999473330104702]",75,,,,,1.4999473330104702,,0.9999648886736469,,,,16.8699152469635,16.8699152469635,False,,0.0,0.0,,,16.884118795394897,2026-09-10 15:39:02,x86_64,dacsgpu0003,,64,64,3.11.15,0.23,False,False,False,True,2,True,False,True,True,adam,True,1,25,hamqaoa,0.05,False,False,hog,False,False,False,False,True,False,False,1,HOG_graphs/Exp5/cycle_graphs_3to12vertices_10instances_AdjacencyList.txt,False,0,16,1,1,0,0,0,5,10,42,True,_FINAL_BENCHMARKS_STANDARD_BestPerformer,1,,42,0,"[(1, 2), (0, 1), (0, 2)]","[1.0, 1.0, 1.0]"
0e3e25d7,3,3,7,75.0,False,False,"[1, 1, 1]",,,,,,,,,,,,,,1.0013122363555773,"[1.0013122363555773, 1.4253744484942377, 1.3898640419153432, 1.360743213070352, 1.3975218673021854, 1.4176910127208187, 1.4373564151214608, 1.4604675206761497, 1.4695091876163304, 1.4649985549807676, 1.4592464303954686, 1.4585440720676366, 1.4663122181790704, 1.4755658717198146, 1.4787040969805896, 1.479234226390291, 1.480003366391041, 1.4820634280088512, 1.488673807092731, 1.493753865848942, 1.4915869865946294, 1.4885863469888079, 1.4879327570566452, 1.4871592136770355, 1.48938286853276, 1.4942611369220276, 1.495738608470369, 1.494969205031206, 1.4960309331166197, 1.4967288356438142, 1.4956252583486984, 1.495764819858946, 1.4965867417501, 1.4964474184970964, 1.4967262760553126, 1.4972760807074141, 1.497393827660974, 1.4978443629725884, 1.4983558762139244, 1.4989685224287028, 1.499374981076158, 1.498691072509645, 1.4982910349998164, 1.4985066597497134, 1.4985429379865904, 1.4990792086406026, 1.4995310404160982, 1.4992768228905313, 1.499214514844673, 1.499381761192373, 1.499583721665949, 1.4997079167473366, 1.4995541683244347, 1.4994852745290692, 1.4994106311764408, 1.4994691198479582, 1.4997803132442709, 1.499826632276254, 1.4998215733056197, 1.4998395662188664, 1.4997741387462151, 1.4997934394816979, 1.4998024345997256, 1.499837129478348, 1.4998314678403408, 1.4998431036788307, 1.4999029798979568, 1.4998956613579313, 1.4999584747780503, 1.4999599747429537, 1.4999141972506382, 1.4998983748802863, 1.4999009251704485, 1.4999385665599874, 1.4999592968366475, 1.4999744256893424]",75,,,,,1.4999744256893424,,0.9999829504595615,,,,21.30056881904602,21.30056881904602,False,,0.0,0.0,,,21.31351399421692,2026-09-10 15:39:07,x86_64,dacsgpu0003,,64,64,3.11.15,0.23,False,False,False,True,2,True,False,True,True,adam,True,1,25,hamqaoa,0.05,False,False,hog,False,False,False,False,True,False,False,1,HOG_graphs/Exp5/cycle_graphs_3to12vertices_10instances_AdjacencyList.txt,False,0,16,1,1,0,0,0,5,10,42,True,_FINAL_BENCHMARKS_STANDARD_BestPerformer,1,,42,0,"[(1, 2), (0, 1), (0, 2)]","[1.0, 1.0, 1.0]"
4c33d5bc,7,7,9,75.0,False,False,"[1, 1, 1]",,,,,,,,,,,,,,2.133686534426936,"[2.133686534426936, 2.5696910323243376, 3.1509707483289415, 3.5621402798372555, 3.70088452226012, 3.8762081566748745, 3.966036511196093, 3.965014556673271, 4.029711873616371, 3.985044927190842, 3.973857510812893, 4.025926767780848, 4.039790025352241, 4.0687533453833, 4.076087494171959, 4.1153475283467635, 4.162511377670512, 4.156160465707451, 4.156192305468459, 4.186432164048713, 4.216970367298145, 4.225484374127357, 4.230906117220555, 4.245042394437444, 4.241325094152822, 4.245897709021534, 4.2752309167118, 4.2865339675179515, 4.279100159826128, 4.2864385000352385, 4.294923382353464, 4.295591835557605, 4.304037518944707, 4.30720517547982, 4.302890681628978, 4.309965763514937, 4.31573951490099, 4.3165520161514825, 4.3230515440892034, 4.329127081917237, 4.332977730451523, 4.33868833970395, 4.340836564731752, 4.344059920526151, 4.350657773090551, 4.352444379337006, 4.353758103846986, 4.357561535555674, 4.360137880117338, 4.363735782187291, 4.366614772493084, 4.367813789414297, 4.3716739631881465, 4.375368730114735, 4.377756704234914, 4.381230284040322, 4.383500533534685, 4.385987968850157, 4.3886504988806765, 4.390595767171276, 4.393391527250312, 4.395251277478053, 4.396642290399094, 4.398718541048588, 4.400192125522956, 4.401800304771181, 4.4031184764718025, 4.404100908204433, 4.4052870633267585, 4.405772324349266, 4.406470223363261, 4.4073599747167345, 4.408141501597655, 4.409229314475722, 4.410317878996576, 4.411495320076915]",75,,,,,4.411495320076915,,0.957979439756116,,,,77.7859046459198,77.7859046459198,False,,0.0,0.0,,,77.79800176620483,2026-09-10 15:39:11,x86_64,dacsgpu0003,,64,64,3.11.15,0.26,True,False,False,True,2,True,True,True,True,adam,True,1,25,hamqaoa,0.05,False,False,hog,False,False,False,False,True,False,False,1,HOG_graphs/Exp5/cycle_graphs_3to12vertices_10instances_AdjacencyList.txt,False,0,16,1,1,0,0,0,5,10,42,True,_FINAL_BENCHMARKS_STANDARD_BestPerformer,1,,42,4,"[(0, 1), (2, 3), (1, 2), (5, 6), (3, 4), (0, 6), (4, 5)]","[1.0, 1.0, 1.0, 1.0, 1.0, 1.0, 1.0]"
17317b8d,6,6,10,75.0,False,False,"[1, 1, 1]",,,,,,,,,,,,,,1.6934288983546473,"[1.6934288983546473, 2.1467082689207797, 2.231772767920109, 2.427577046862149, 2.460236620860257, 2.5055753284348343, 2.610521123209864, 2.712549765619327, 2.7960692783895946, 2.9071979713390506, 3.009722227748707, 3.028715006921898, 3.0388851428656665, 3.0916722828613086, 3.1478451471648214, 3.2158621156916207, 3.2788095384049623, 3.3000013464342492, 3.314757990222744, 3.3336530700152656, 3.3532368969255035, 3.3806136987092894, 3.4008981127955007, 3.4076737723904826, 3.4184363676441527, 3.440346045848582, 3.4855865347055475, 3.5361185282557033, 3.5765291587929653, 3.6128267147962694, 3.6468536141329544, 3.666606563095199, 3.677989698543935, 3.685757747573889, 3.6900434754848703, 3.695608084163097, 3.708749941480983, 3.7294043124414524, 3.74945339545249, 3.762494466284434, 3.7713095473431624, 3.7824293563818987, 3.794842701472161, 3.8069987653888946, 3.819746707185999, 3.8312889376314954, 3.836656111662323, 3.837268082761696, 3.835154507389545, 3.8314278375197937, 3.8305655975769755, 3.8310205347547215, 3.834808208073671, 3.840427979856622, 3.844857846852495, 3.8492855772668553, 3.8527003074831963, 3.85654020884522, 3.86011696643366, 3.863226686672329, 3.8664193334294668, 3.86873421799199, 3.871558703263834, 3.8738008031767586, 3.875964023387977, 3.8774861124584326, 3.8795886124828254, 3.8821533049545427, 3.8845995809858773, 3.886508758156877, 3.8880814232642837, 3.889642623518826, 3.891041535106958, 3.89248111069276, 3.8938843972571036, 3.8954437864362355]",75,,,,,3.8954437864362355,,0.9052855650560622,,,,79.09635066986084,79.09635066986084,False,,0.0,0.0,,,79.10568428039551,2026-09-10 15:39:12,x86_64,dacsgpu0003,,64,64,3.11.15,0.27,True,False,True,True,2,True,True,True,True,adam,True,1,25,hamqaoa,0.05,False,False,hog,False,False,False,False,True,False,False,1,HOG_graphs/Exp5/cycle_graphs_3to12vertices_10instances_AdjacencyList.txt,False,0,16,1,1,0,0,0,5,10,42,True,_FINAL_BENCHMARKS_STANDARD_BestPerformer,1,,42,3,"[(0, 1), (2, 3), (1, 2), (3, 4), (4, 5), (0, 5)]","[1.0, 1.0, 1.0, 1.0, 1.0, 1.0]"
e8c59134,3,3,8,75.0,False,False,"[1, 1, 1]",,,,,,,,,,,,,,0.8721681031589479,"[0.8721681031589479, 1.3818565235294882, 1.3372083997924025, 1.3627721506371122, 1.418530689063541, 1.4045900238863616, 1.3795974842701386, 1.4097111344214917, 1.4598203512041685, 1.484255650676112, 1.4722253098979905, 1.450612819776664, 1.451056186788561, 1.4703712872642078, 1.4871585204848587, 1.489497778776418, 1.4796717701311093, 1.4735686794922243, 1.4795069446252391, 1.487190651690089, 1.4907834536450508, 1.492215847487317, 1.4897223572809037, 1.4884601991501536, 1.493278494485388, 1.4958369556148856, 1.4938545680016546, 1.4928053984251828, 1.4920587440001847, 1.492584164492813, 1.4961270991505606, 1.4981600282982952, 1.4980535649129176, 1.4977824334970598, 1.4958462982249736, 1.4951635237194447, 1.497263741082509, 1.498385345367179, 1.4988475791352767, 1.4990041248577035, 1.498051626517098, 1.49791274369679, 1.498292532951998, 1.4985440541519497, 1.4993762177151087, 1.4994899183567492, 1.4991835718033233, 1.4992001204503786, 1.4990678132801614, 1.4993721857567415, 1.499429350352686, 1.4992959398446444, 1.4995588786942247, 1.4995809538535108, 1.4997555972396077, 1.4997924509601532, 1.4996167981640125, 1.4996235056526612, 1.499592274512336, 1.4997995853287613, 1.4998843149069305, 1.4998622537145696, 1.4998398086330231, 1.4997592421556318, 1.4998454698505965, 1.4998560826299647, 1.4999277343997086, 1.499916975233441, 1.4998770826685797, 1.499893348145781, 1.4999057542662204, 1.4999589933668083, 1.4999408484084191, 1.4999483219233423, 1.4999231633982244, 1.4999527831505384]",75,,,,,1.4999527831505384,,0.9999685221003589,,,,25.824921131134033,25.824921131134033,False,,0.0,0.0,,,25.83292841911316,2026-09-10 15:39:17,x86_64,dacsgpu0003,,64,64,3.11.15,0.24,False,False,False,True,2,True,False,True,True,adam,True,1,25,hamqaoa,0.05,False,False,hog,False,False,False,False,True,False,False,1,HOG_graphs/Exp5/cycle_graphs_3to12vertices_10instances_AdjacencyList.txt,False,0,16,1,1,0,0,0,5,10,42,True,_FINAL_BENCHMARKS_STANDARD_BestPerformer,1,,42,0,"[(1, 2), (0, 1), (0, 2)]","[1.0, 1.0, 1.0]"
77df9382,8,8,7,75.0,False,False,"[1, 1, 1]",,,,,,,,,,,,,,2.518815362970169,"[2.518815362970169, 2.8456853615902795, 3.2690531880668003, 3.523061336228338, 3.6194457963411955, 3.752267837249438, 3.8451115168063867, 3.916937018104507, 4.037174853532845, 4.097672396327859, 4.152244101146909, 4.276553236982276, 4.4077800248326655, 4.487239768430821, 4.529735246937468, 4.571971491210159, 4.5962320130225915, 4.590612757504546, 4.584044106724463, 4.591092177177129, 4.613189423992787, 4.658145504576049, 4.7189327433427035, 4.772138719818588, 4.803364620351388, 4.817394152640706, 4.826196273905124, 4.831304372483022, 4.828581802266563, 4.827834967842387, 4.845623744051566, 4.879366566543508, 4.909152217249861, 4.924654430939653, 4.936013726576936, 4.954996689168459, 4.978422690743068, 4.99752799743224, 5.014891521962564, 5.0396487428271755, 5.070123172818534, 5.095410957081565, 5.1095970269201585, 5.113693155893203, 5.111851348882615, 5.112145970049112, 5.117887516540274, 5.124606397847585, 5.130707268776069, 5.137277312963969, 5.145493867536376, 5.158130779399574, 5.17331321106377, 5.185638847269665, 5.1954521768332205, 5.208289237065074, 5.226589286809314, 5.247323944968709, 5.268947865749654, 5.292482384661744, 5.31529540982477, 5.334008139737291, 5.346649937044221, 5.35301915802343, 5.355623831939567, 5.35512753714198, 5.350945761956089, 5.344866526151641, 5.341670444715655, 5.341606483050629, 5.343092108878402, 5.3465434918884895, 5.3510627358486795, 5.354336705043471, 5.356738540110374, 5.36020524125789]",75,,,,,5.36020524125789,,0.9485410088936277,,,,51.99130201339722,51.99130201339722,False,,0.0,0.0,,,52.006723165512085,2026-09-10 15:39:21,x86_64,dacsgpu0003,,64,64,3.11.15,0.25,True,False,True,True,2,True,True,True,True,adam,True,1,25,hamqaoa,0.05,False,False,hog,False,False,False,False,True,False,False,1,HOG_graphs/Exp5/cycle_graphs_3to12vertices_10instances_AdjacencyList.txt,False,0,16,1,1,0,0,0,5,10,42,True,_FINAL_BENCHMARKS_STANDARD_BestPerformer,1,,42,5,"[(0, 1), (2, 3), (0, 7), (1, 2), (5, 6), (3, 4), (4, 5), (6, 7)]","[1.0, 1.0, 1.0, 1.0, 1.0, 1.0, 1.0, 1.0]"
58236b62,9,9,8,75.0,False,False,"[1, 1, 1]",,,,,,,,,,,,,,2.3958962509465125,"[2.3958962509465125, 2.983299548808289, 3.407562362269119, 3.6742981412950346, 4.006480816689119, 4.3141846485216, 4.633126347106982, 4.902568264606696, 5.035964152483299, 5.032203845720602, 5.032320956821532, 5.055898463091, 5.110483937000831, 5.16483436029221, 5.1992148888453285, 5.219223093377099, 5.239361931008994, 5.276354132696308, 5.307843825226045, 5.333175407207172, 5.342692379747444, 5.356053253186725, 5.365137477934429, 5.3743758973635245, 5.3775243089197, 5.385006543016217, 5.398184670059954, 5.416018861996063, 5.427388922587887, 5.431248481886172, 5.431311932222676, 5.437707293329984, 5.449160985508038, 5.46263563201998, 5.470821113637918, 5.477847700314661, 5.484623319251064, 5.49410775554927, 5.503278636453573, 5.515378898577886, 5.532389980975088, 5.553702160185081, 5.575388191435003, 5.594126397215477, 5.612555989467887, 5.632032484105104, 5.652775923750198, 5.673039332176927, 5.689864782642108, 5.702844463258729, 5.7126466106133815, 5.720165235488508, 5.727194065851, 5.734968955333194, 5.7440179737682415, 5.754493979414284, 5.765867509580459, 5.7771564632769055, 5.787447455673898, 5.796364642201246, 5.804224082518, 5.811683531716144, 5.819154680153237, 5.826741936657643, 5.834318847044306, 5.8416794534867265, 5.848567281097834, 5.854749760177729, 5.86004784080645, 5.864416655226174, 5.867855547166218, 5.87054160865302, 5.872970436689287, 5.875587256191742, 5.878350097655014, 5.880872275636436]",75,,,,,5.880872275636436,,0.9725272491543636,,,,90.29186582565308,90.29186582565308,False,,0.0,0.0,,,90.29852080345154,2026-09-10 15:39:22,x86_64,dacsgpu0003,,64,64,3.11.15,0.25,True,False,False,True,2,True,True,True,True,adam,True,1,25,hamqaoa,0.05,False,False,hog,False,False,False,False,True,False,False,1,HOG_graphs/Exp5/cycle_graphs_3to12vertices_10instances_AdjacencyList.txt,False,0,16,1,1,0,0,0,5,10,42,True,_FINAL_BENCHMARKS_STANDARD_BestPerformer,1,,42,6,"[(0, 1), (2, 3), (1, 2), (5, 6), (3, 4), (7, 8), (4, 5), (0, 8), (6, 7)]","[1.0, 1.0, 1.0, 1.0, 1.0, 1.0, 1.0, 1.0, 1.0]"
80e956a4,7,7,10,75.0,False,False,"[1, 1, 1]",,,,,,,,,,,,,,1.9255678188130507,"[1.9255678188130507, 2.456457357431263, 2.6564742476014147, 3.026640978022672, 3.4138731025767983, 3.379867124110966, 3.5471235869576514, 3.6362450305264864, 3.6430999502334815, 3.710705176269289, 3.7333927661930315, 3.7971176010652217, 3.840584835359181, 3.8315694532567126, 3.8820424566855034, 3.9589578807978505, 4.009777925866375, 4.045384553470734, 4.065517224412873, 4.110926317300352, 4.157705910838392, 4.174356729294111, 4.191837078780926, 4.1991216417929635, 4.204807076845021, 4.2114411894282435, 4.227566200444682, 4.249020554155729, 4.266264696734303, 4.287487704107823, 4.290660035726586, 4.29214370708379, 4.2919744104445074, 4.291774232516702, 4.295211419801127, 4.296829019675876, 4.301728688975655, 4.305872010468946, 4.313470411443617, 4.319044012421281, 4.324501062764334, 4.331597618252896, 4.33365671460489, 4.3382839534368065, 4.343947952135469, 4.348999594713598, 4.352822705179426, 4.355341391057224, 4.357646752681389, 4.3628624352026835, 4.367247906820875, 4.372030844231455, 4.37656192809871, 4.379500892761437, 4.38283671740124, 4.386478458243389, 4.38982616409585, 4.393850391023642, 4.397672438673783, 4.401074712180701, 4.4042484894436935, 4.407358847089122, 4.410226926119215, 4.412792192381199, 4.414833390546014, 4.417395954420586, 4.419657260872073, 4.421373761150037, 4.422834407625235, 4.424302503425824, 4.4257248054859915, 4.426828535231389, 4.427434918288311, 4.428256785233373, 4.429420723360117, 4.430311393057255]",75,,,,,4.430311393057255,,0.9620654490895232,,,,90.80578136444092,90.80578136444092,False,,0.0,0.0,,,90.81438374519348,2026-09-10 15:39:25,x86_64,dacsgpu0003,,64,64,3.11.15,0.26,True,False,False,True,2,True,True,True,True,adam,True,1,25,hamqaoa,0.05,False,False,hog,False,False,False,False,True,False,False,1,HOG_graphs/Exp5/cycle_graphs_3to12vertices_10instances_AdjacencyList.txt,False,0,16,1,1,0,0,0,5,10,42,True,_FINAL_BENCHMARKS_STANDARD_BestPerformer,1,,42,4,"[(0, 1), (2, 3), (1, 2), (5, 6), (3, 4), (0, 6), (4, 5)]","[1.0, 1.0, 1.0, 1.0, 1.0, 1.0, 1.0]"
8392dfc9,8,8,8,75.0,False,False,"[1, 1, 1]",,,,,,,,,,,,,,2.3678593250325877,"[2.3678593250325877, 2.823756856011726, 3.123764640384421, 3.309839810526001, 3.5342844263756543, 3.7820109346171646, 3.975179872608026, 4.1145141782271875, 4.253615683393039, 4.41038464163042, 4.55741294772702, 4.678630751135631, 4.779831846154783, 4.864485848997826, 4.920650155271688, 4.955082203533631, 4.988429616425004, 5.019399870591185, 5.052007135463726, 5.0965975723079575, 5.1560550447747655, 5.215293896066634, 5.254957877484488, 5.273997713764626, 5.287531588536982, 5.306172517181927, 5.326701549953282, 5.340622901118693, 5.343965024868745, 5.336146992981479, 5.324439571221083, 5.32144561069512, 5.330682373298733, 5.343088211560924, 5.34882979180723, 5.347955789366205, 5.346846047121329, 5.350096931017416, 5.357737740761482, 5.364712351163692, 5.365717334565045, 5.3634193949746205, 5.365499564307368, 5.3728509801858575, 5.379714113426708, 5.383279156805011, 5.38500323034194, 5.386119382402221, 5.387277317967662, 5.389410681165536, 5.392877507488767, 5.396696242436495, 5.399076679965518, 5.399401615209192, 5.399036385794319, 5.39884080204905, 5.398253538874224, 5.39765575276105, 5.398285196862215, 5.399928047063323, 5.401395449680526, 5.402010995037455, 5.402148498483927, 5.402827277025694, 5.404115338013271, 5.405353421929352, 5.406285766404624, 5.406519131381339, 5.405532823545795, 5.402961431123804, 5.397869107914868, 5.393609255076581, 5.398085834331267, 5.407611327497563, 5.4065831185056, 5.400514688768291]",75,,,,,5.400514688768291,,0.9556741618772413,,,,62.851258993148804,62.851258993148804,False,,0.0,0.0,,,62.86250042915344,2026-09-10 15:39:37,x86_64,dacsgpu0003,,64,64,3.11.15,0.25,True,False,True,True,2,True,True,True,True,adam,True,1,25,hamqaoa,0.05,False,False,hog,False,False,False,False,True,False,False,1,HOG_graphs/Exp5/cycle_graphs_3to12vertices_10instances_AdjacencyList.txt,False,0,16,1,1,0,0,0,5,10,42,True,_FINAL_BENCHMARKS_STANDARD_BestPerformer,1,,42,5,"[(0, 1), (2, 3), (0, 7), (1, 2), (5, 6), (3, 4), (4, 5), (6, 7)]","[1.0, 1.0, 1.0, 1.0, 1.0, 1.0, 1.0, 1.0]"
1ca1eec4,9,9,9,75.0,False,False,"[1, 1, 1]",,,,,,,,,,,,,,2.5293212139063814,"[2.5293212139063814, 3.255400632501013, 3.6718087693476806, 4.086272967342657, 4.402246716600461, 4.365028530058224, 4.406575723756279, 4.567292817039047, 4.61933577525971, 4.613251287702839, 4.696398432875653, 4.792926366973475, 4.819660522774419, 4.848651925940381, 4.910622494881749, 4.970891719514754, 5.020374441113202, 5.077799780613628, 5.1406031699966555, 5.183842942790188, 5.19763999524321, 5.205843394932752, 5.226195945491223, 5.248891602236918, 5.27804108408586, 5.311160273151139, 5.328773286507572, 5.333348656043356, 5.346241654798351, 5.368720226511683, 5.381088890937146, 5.379562331758707, 5.383577941336126, 5.404281108980702, 5.434300288513091, 5.462149776228078, 5.484436587022562, 5.5016631440078205, 5.513621631235395, 5.523898234882801, 5.534614405476578, 5.54224402942054, 5.546429626994391, 5.552500444272072, 5.555980958855602, 5.55031273075076, 5.544119646764851, 5.544633530131723, 5.548696747490839, 5.55298812723225, 5.557388891961541, 5.561290451674956, 5.562599759923433, 5.562544688757658, 5.5634174679540624, 5.564557891132679, 5.5647852314596795, 5.565435747747833, 5.567312367131971, 5.569745669964968, 5.572157226021051, 5.573628480605569, 5.574547133277681, 5.5760977698632805, 5.577824962129516, 5.57841889159259, 5.579182499598107, 5.58014432224424, 5.580557277410821, 5.581281312128207, 5.582575167992876, 5.584092296792788, 5.585382177083382, 5.5868335918503895, 5.588762230811101, 5.590886207602469]",75,,,,,5.590886207602469,,0.9245718881432891,,,,106.76081395149231,106.76081395149231,False,,0.0,0.0,,,106.76817679405212,2026-09-10 15:39:39,x86_64,dacsgpu0003,,64,64,3.11.15,0.26,True,False,False,True,2,True,True,True,True,adam,True,1,25,hamqaoa,0.05,False,False,hog,False,False,False,False,True,False,False,1,HOG_graphs/Exp5/cycle_graphs_3to12vertices_10instances_AdjacencyList.txt,False,0,16,1,1,0,0,0,5,10,42,True,_FINAL_BENCHMARKS_STANDARD_BestPerformer,1,,42,6,"[(0, 1), (2, 3), (1, 2), (5, 6), (3, 4), (7, 8), (4, 5), (0, 8), (6, 7)]","[1.0, 1.0, 1.0, 1.0, 1.0, 1.0, 1.0, 1.0, 1.0]"
84695fc8,8,8,9,75.0,False,False,"[1, 1, 1]",,,,,,,,,,,,,,2.2232096651196223,"[2.2232096651196223, 2.79408262041621, 3.0156770949921117, 3.3279744014795405, 3.295487201918366, 3.3620304146734403, 3.492013772335513, 3.569047457721449, 3.6848373635958978, 3.8253311310753464, 3.8553072895053573, 3.926278992806816, 3.985145569813735, 4.021687000868747, 4.0982987992204025, 4.145610330629519, 4.1973803006435055, 4.260097137658463, 4.317858916197613, 4.3809341509836655, 4.429174956089173, 4.47998596569755, 4.557246795589528, 4.643078543201669, 4.752075670875136, 4.885466524770753, 5.007381240304727, 5.092258852937726, 5.1289216090293115, 5.145792829863603, 5.1868361835395405, 5.215581398288384, 5.224762658128402, 5.238393727535738, 5.265263045582569, 5.288351874620741, 5.312285574271399, 5.319319860728784, 5.308609341005169, 5.3232225543923875, 5.335451710314235, 5.3414661296082695, 5.346775076408401, 5.346710335508741, 5.351346082227142, 5.347505708664324, 5.343320974281215, 5.348041048764016, 5.356572793570075, 5.364083770616823, 5.366357442111043, 5.3682620946824375, 5.370265349621012, 5.375325372640658, 5.378367288804445, 5.382461615555737, 5.386084557423183, 5.3873326970852515, 5.390428514055371, 5.3898425524697, 5.3904674171559535, 5.390327430227998, 5.3927606383947575, 5.395825254126632, 5.397567044238922, 5.398828322049581, 5.399579365213941, 5.399618450294026, 5.399733647706575, 5.399773611187125, 5.401423242188517, 5.402189388620873, 5.402898050654351, 5.403099615648436, 5.403844713778412, 5.404442205655187]",75,,,,,5.404442205655187,,0.9563691745983343,,,,82.34520626068115,82.34520626068115,False,,0.0,0.0,,,82.35409164428711,2026-09-10 15:40:02,x86_64,dacsgpu0003,,64,64,3.11.15,0.27,True,False,True,True,2,True,True,True,True,adam,True,1,25,hamqaoa,0.05,False,False,hog,False,False,False,False,True,False,False,1,HOG_graphs/Exp5/cycle_graphs_3to12vertices_10instances_AdjacencyList.txt,False,0,16,1,1,0,0,0,5,10,42,True,_FINAL_BENCHMARKS_STANDARD_BestPerformer,1,,42,5,"[(0, 1), (2, 3), (0, 7), (1, 2), (5, 6), (3, 4), (4, 5), (6, 7)]","[1.0, 1.0, 1.0, 1.0, 1.0, 1.0, 1.0, 1.0]"
9b646821,9,9,10,75.0,False,False,"[1, 1, 1]",,,,,,,,,,,,,,2.4141064263755303,"[2.4141064263755303, 2.948221215056127, 3.234289745517204, 3.612734333243822, 3.9678430007684984, 4.084034647259003, 4.107416676614384, 4.263377969664737, 4.39579989906, 4.495561920112523, 4.614198562147063, 4.67999506586447, 4.803692791684999, 4.899825635120755, 4.97376714598025, 5.06886764261295, 5.115504804289634, 5.141955896272213, 5.180839707939001, 5.236579413851421, 5.283247617434509, 5.31966257224038, 5.340730713959425, 5.370116925504233, 5.41953552970926, 5.447603899176137, 5.47022063502072, 5.510489230686864, 5.533305126917953, 5.542919385600109, 5.554684552588922, 5.584847335193794, 5.627086016453306, 5.649548678326369, 5.645329643105308, 5.636836331768551, 5.628870101481327, 5.638972744455719, 5.653910641414155, 5.664559274321651, 5.669271128628446, 5.671839419081146, 5.680226305743387, 5.6909593460073955, 5.695423916747364, 5.697236296052912, 5.701970935694847, 5.709896005312152, 5.71634471052765, 5.718206846669383, 5.716449266686317, 5.714234834473874, 5.714824414462543, 5.716400496630307, 5.720801926081812, 5.72381683680524, 5.725878447026078, 5.726951620694314, 5.728266487076411, 5.731258045289576, 5.733936058614304, 5.736718272858752, 5.738355964034808, 5.7392865081655176, 5.741036957510018, 5.743352555736482, 5.746229619153983, 5.748830235926019, 5.7506423051557185, 5.7529473593273055, 5.755403064340573, 5.758594720164304, 5.7619493551439, 5.765070318423367, 5.76811514200274, 5.77088426154986]",75,,,,,5.77088426154986,,0.9543383928476699,,,,133.16676425933838,133.16676425933838,False,,0.0,0.0,,,133.17963576316833,2026-09-10 15:40:05,x86_64,dacsgpu0003,,64,64,3.11.15,0.26,True,False,False,True,2,True,True,True,True,adam,True,1,25,hamqaoa,0.05,False,False,hog,False,False,False,False,True,False,False,1,HOG_graphs/Exp5/cycle_graphs_3to12vertices_10instances_AdjacencyList.txt,False,0,16,1,1,0,0,0,5,10,42,True,_FINAL_BENCHMARKS_STANDARD_BestPerformer,1,,42,6,"[(0, 1), (2, 3), (1, 2), (5, 6), (3, 4), (7, 8), (4, 5), (0, 8), (6, 7)]","[1.0, 1.0, 1.0, 1.0, 1.0, 1.0, 1.0, 1.0, 1.0]"
1b305289,8,8,10,75.0,False,False,"[1, 1, 1]",,,,,,,,,,,,,,2.2473281763093813,"[2.2473281763093813, 2.6146559582905944, 2.743308839248709, 3.126268347017033, 3.1498730754140896, 3.2923453074245894, 3.519705684680208, 3.6726312554748066, 3.813245808904877, 3.9303176823349073, 4.101814702193508, 4.251378802922684, 4.342721030548222, 4.397309107042539, 4.436317244588204, 4.511855987336246, 4.54636395316672, 4.549778131222042, 4.4955869843507275, 4.483676182700195, 4.510086020272281, 4.581147526276359, 4.6183980836475556, 4.649450151408574, 4.6855946013647785, 4.753001193511825, 4.80669600095326, 4.829461965447208, 4.850124791849015, 4.873864116548431, 4.921575937772567, 4.981058088095782, 5.041999571336638, 5.090159851009355, 5.131815556992615, 5.171947941170251, 5.213565923058159, 5.261752869929251, 5.294027934356215, 5.299830572667034, 5.2963782409318405, 5.30293909264578, 5.309774737299864, 5.3125994958234894, 5.310746689698013, 5.311111504712634, 5.316453770229181, 5.323742918958225, 5.331971467643629, 5.335605769438749, 5.337524178328636, 5.344701725486885, 5.350093596329466, 5.352337383671685, 5.355231149246987, 5.356624545710817, 5.3590085809295465, 5.36177340716886, 5.361950494810334, 5.363051609849922, 5.364967161726683, 5.366092761284109, 5.3673249264455904, 5.367837374084957, 5.369085560465543, 5.371451158401613, 5.372871740500779, 5.3734705865297165, 5.3729748465089635, 5.372487124930477, 5.373138186537399, 5.373411239988953, 5.373516753462344, 5.373867267744645, 5.374544971980313, 5.375560948320463]",75,,,,,5.375560948320463,,0.9512583522067711,,,,103.1010251045227,103.1010251045227,False,,0.0,0.0,,,103.11883735656738,2026-09-10 15:40:23,x86_64,dacsgpu0003,,64,64,3.11.15,0.27,True,False,True,True,2,True,True,True,True,adam,True,1,25,hamqaoa,0.05,False,False,hog,False,False,False,False,True,False,False,1,HOG_graphs/Exp5/cycle_graphs_3to12vertices_10instances_AdjacencyList.txt,False,0,16,1,1,0,0,0,5,10,42,True,_FINAL_BENCHMARKS_STANDARD_BestPerformer,1,,42,5,"[(0, 1), (2, 3), (0, 7), (1, 2), (5, 6), (3, 4), (4, 5), (6, 7)]","[1.0, 1.0, 1.0, 1.0, 1.0, 1.0, 1.0, 1.0]"
4b3c27ad,4,4,6,75.0,False,False,"[1, 1, 1]",,,,,,,,,,,,,,1.2479386714189429,"[1.2479386714189429, 1.8007408855409088, 1.8929473624826125, 2.0922744289636874, 2.131839446591969, 2.1513796266430796, 2.2562612372486055, 2.375081430965693, 2.4233981700742535, 2.4864096975728307, 2.5802809419382178, 2.609427740797799, 2.641303220290072, 2.7242175419198227, 2.7902563499596233, 2.828020522355641, 2.87282259474107, 2.896574839268671, 2.8836453663914225, 2.8881339028442046, 2.9072252360109005, 2.908209400680345, 2.894323054885019, 2.887144700090089, 2.888829675464967, 2.8902003052191767, 2.9004386001917566, 2.909501274754679, 2.9121207025972806, 2.920829006267474, 2.9414314133653066, 2.9547490724763614, 2.9617199684812445, 2.972241429610893, 2.977522872061038, 2.9759321107741146, 2.9765606267833244, 2.976425426630287, 2.9758106078238384, 2.9770818904261365, 2.9781991851872776, 2.9827660306663257, 2.98441209818567, 2.9863167009628486, 2.989159243634824, 2.9874698519478318, 2.990194523603713, 2.9919368509525306, 2.9915071227243013, 2.9939277526740695, 2.994406059906611, 2.9945735365718287, 2.9947988504581855, 2.994640200858271, 2.994916338900362, 2.9955825940002736, 2.9954798477742046, 2.996789372928273, 2.996967913464318, 2.997231005413552, 2.997917246783453, 2.9975782875932837, 2.998139243818376, 2.998137586404692, 2.9983401826828686, 2.998488597002436, 2.998522894742832, 2.998910454756182, 2.9987895143130525, 2.9988275021826714, 2.9989958170095625, 2.9989188849816633, 2.9991840363955387, 2.9991550888709626, 2.999408062419897, 2.999464178529564]",75,,,,,2.999464178529564,,0.999821392843188,,,,22.423640966415405,22.423640966415405,False,,0.0,0.0,,,22.43444538116455,2026-09-10 15:45:38,x86_64,dacsgpu0003,,64,64,3.11.15,0.23,True,False,True,True,2,True,False,True,True,adam,True,1,25,hamqaoa,0.05,False,False,hog,False,False,False,False,True,False,False,1,HOG_graphs/Exp5/cycle_graphs_3to12vertices_10instances_AdjacencyList.txt,False,0,16,1,1,0,0,0,5,10,42,True,_FINAL_BENCHMARKS_STANDARD_BestPerformer,1,,42,1,"[(1, 2), (0, 1), (2, 3), (0, 3)]","[1.0, 1.0, 1.0, 1.0]"
b398fbaa,5,5,6,75.0,False,False,"[1, 1, 1]",,,,,,,,,,,,,,1.650101338007992,"[1.650101338007992, 1.9391494681376018, 2.067557878164942, 2.097689146232099, 2.084387990510473, 2.116780698606909, 2.189440920620166, 2.2533683606986497, 2.2728108639035227, 2.249586886108009, 2.2187560686885486, 2.2154536603185977, 2.2395377296490535, 2.2699464322514964, 2.2929967617524594, 2.3086563454449647, 2.324098277052765, 2.3442686551797096, 2.3638552533479555, 2.3728897599301546, 2.370614571469392, 2.3668338235180175, 2.370735645435251, 2.382652193826017, 2.39478581536073, 2.4004825495072994, 2.4026725533811235, 2.4060417314519604, 2.4101890808537725, 2.4163306171410053, 2.425412166423939, 2.433129674159231, 2.4361197675626367, 2.4369376279680277, 2.439464294697929, 2.443595575129117, 2.446162091251155, 2.446819387375152, 2.4496511132921883, 2.4558696967516016, 2.463131016096791, 2.4680056144684395, 2.468508058844984, 2.467687819231858, 2.4698453922494594, 2.473641308134093, 2.475539529253278, 2.476785863677219, 2.4796508028378876, 2.4823820806065124, 2.483267660062563, 2.4833546105118995, 2.4838835553664182, 2.4847487020929684, 2.4853800399621346, 2.4862727522589214, 2.488078040194579, 2.48999728373218, 2.491751885717154, 2.494112234624534, 2.497094772403935, 2.5005654445620076, 2.5047483603874956, 2.509842712269866, 2.5161312957074604, 2.5234989896007693, 2.5316980663441853, 2.541116638865732, 2.551762066090181, 2.563181614385826, 2.5753990077663227, 2.5878855129045006, 2.599017015606508, 2.607872823438536, 2.6144178420462425, 2.6186545712019234]",75,,,,,2.6186545712019234,,0.839850728416268,,,,26.458683729171753,26.458683729171753,False,,0.0,0.0,,,26.466008186340332,2026-09-10 15:45:42,x86_64,dacsgpu0003,,64,64,3.11.15,0.24,True,False,False,True,2,True,True,True,True,adam,True,1,25,hamqaoa,0.05,False,False,hog,False,False,False,False,True,False,False,1,HOG_graphs/Exp5/cycle_graphs_3to12vertices_10instances_AdjacencyList.txt,False,0,16,1,1,0,0,0,5,10,42,True,_FINAL_BENCHMARKS_STANDARD_BestPerformer,1,,42,2,"[(0, 1), (2, 3), (0, 4), (1, 2), (3, 4)]","[1.0, 1.0, 1.0, 1.0, 1.0]"
71f569b8,4,4,7,75.0,False,False,"[1, 1, 1]",,,,,,,,,,,,,,0.9278743145442729,"[0.9278743145442729, 1.7755118578345297, 2.0589192799082463, 2.3120969355612093, 2.30235094621961, 2.513220073761805, 2.607405175307755, 2.605797724845466, 2.686413648969637, 2.793721098216872, 2.833511292321676, 2.8375837672172763, 2.859547432628023, 2.871299745748056, 2.863314128966557, 2.858425551173103, 2.8649769866744, 2.8727581699567986, 2.8769157123413405, 2.8880944037382017, 2.9036887647969705, 2.9116660052678314, 2.915422715474211, 2.917547039332754, 2.9163885597412316, 2.921680578283376, 2.932363741807375, 2.93323913474512, 2.9290893268657765, 2.9293630781958084, 2.932123796586751, 2.9377588061983024, 2.9433210355421413, 2.9459964149099784, 2.9517547969770064, 2.9565811126416888, 2.9554506185892797, 2.957088277487457, 2.9608278707903537, 2.9635846926924763, 2.9681958574731877, 2.970315838871408, 2.973595660938812, 2.979657684511677, 2.9810132231087643, 2.981804900461662, 2.9845613092672387, 2.987566665689198, 2.989750993809832, 2.991323609380042, 2.9939504444179956, 2.9939796647419694, 2.9950747333214185, 2.9966863005710977, 2.9957901709325627, 2.996991568675294, 2.997170456954371, 2.997198373055255, 2.9978246198408214, 2.997215745740105, 2.9974358578433105, 2.9973206722426577, 2.997145419726523, 2.9972489665407696, 2.99718077741361, 2.9975287316553376, 2.997737219821097, 2.9979591153325433, 2.998252338653968, 2.998395706595977, 2.9987066363473405, 2.9987744604211772, 2.999114854233615, 2.99928493440881, 2.9994878080992744, 2.9995991525350205]",75,,,,,2.9995991525350205,,0.9998663841783402,,,,28.49709987640381,28.49709987640381,False,,0.0,0.0,,,28.505178689956665,2026-09-10 15:45:44,x86_64,dacsgpu0003,,64,64,3.11.15,0.24,True,False,True,True,2,True,False,True,True,adam,True,1,25,hamqaoa,0.05,False,False,hog,False,False,False,False,True,False,False,1,HOG_graphs/Exp5/cycle_graphs_3to12vertices_10instances_AdjacencyList.txt,False,0,16,1,1,0,0,0,5,10,42,True,_FINAL_BENCHMARKS_STANDARD_BestPerformer,1,,42,1,"[(1, 2), (0, 1), (2, 3), (0, 3)]","[1.0, 1.0, 1.0, 1.0]"
fe39f1d0,3,3,9,75.0,False,False,"[1, 1, 1]",,,,,,,,,,,,,,1.0695280973039962,"[1.0695280973039962, 1.4016922766092947, 1.4557717350525645, 1.382701215586338, 1.3828743322018766, 1.459687135099924, 1.4907895490557515, 1.4734922797105385, 1.4528668245997203, 1.4529120043014143, 1.4733975440766889, 1.489332182842933, 1.4921648463044626, 1.4893490600492036, 1.484858137490455, 1.4821453516318557, 1.4847628028754722, 1.4913897756840615, 1.4962161843094177, 1.4959714166284237, 1.492672433139226, 1.4901471483806987, 1.492308780756981, 1.4959589180692041, 1.4968658277651883, 1.4970364426823255, 1.4967491871286427, 1.4956864013220186, 1.4953382333541951, 1.4965505118150237, 1.4983535575589386, 1.498853702869982, 1.498682240847482, 1.4978586397481404, 1.4976347558660654, 1.4981611176678058, 1.4983152974405796, 1.4991325802005229, 1.4996204907313044, 1.4993349228892467, 1.4988131367342494, 1.498921623915912, 1.498979455204342, 1.4992398531456692, 1.4995917693972003, 1.4998057918523724, 1.4996460341344777, 1.4994744648235727, 1.499446791387022, 1.4994573612550908, 1.4995910997848327, 1.4998450696118097, 1.499921286191244, 1.49984461704463, 1.4996910199736964, 1.4997077283884725, 1.4997155523210972, 1.4998573627657787, 1.4999694114132958, 1.499920365271473, 1.4998721495020009, 1.4998621518395787, 1.4998456739456425, 1.4998910804081738, 1.4999513268350275, 1.4999525220159562, 1.4999575801638092, 1.4999416162395887, 1.499917778239877, 1.4999294646607537, 1.4999554007308513, 1.4999787410332903, 1.49997778886315, 1.4999768788280718, 1.4999542051595487, 1.499958852034682]",75,,,,,1.499958852034682,,0.9999725680231214,,,,34.05801010131836,34.05801010131836,False,,0.0,0.0,,,34.067152976989746,2026-09-10 15:45:49,x86_64,dacsgpu0003,,64,64,3.11.15,0.25,False,False,False,True,2,True,False,True,True,adam,True,1,25,hamqaoa,0.05,False,False,hog,False,False,False,False,True,False,False,1,HOG_graphs/Exp5/cycle_graphs_3to12vertices_10instances_AdjacencyList.txt,False,0,16,1,1,0,0,0,5,10,42,True,_FINAL_BENCHMARKS_STANDARD_BestPerformer,1,,42,0,"[(1, 2), (0, 1), (0, 2)]","[1.0, 1.0, 1.0]"
4255ba04,5,5,7,75.0,False,False,"[1, 1, 1]",,,,,,,,,,,,,,1.6789892761457719,"[1.6789892761457719, 2.2540231544751577, 2.298023569119736, 2.3505887523401414, 2.3873258240007176, 2.4748779609467726, 2.5064293010288594, 2.544099397492824, 2.539319945348496, 2.51548418688414, 2.533033104803383, 2.558171908931254, 2.5915633685774004, 2.6147900736318523, 2.609676401658655, 2.6070242831791113, 2.6062757112302717, 2.6088647589096716, 2.6233141603061974, 2.642416370301366, 2.6614222149864126, 2.672304667703381, 2.6685012273194224, 2.6657835933160197, 2.6676420765921214, 2.6686636296292776, 2.6721142586396303, 2.6756985374968507, 2.6807979022965336, 2.686613870710391, 2.689170280418552, 2.691082152107853, 2.6920435393875026, 2.694940752257762, 2.7002385305728556, 2.704908487791996, 2.7100496894362394, 2.7139094727605766, 2.716581090274698, 2.7182128534262087, 2.718747110345335, 2.720534959758515, 2.722837321461021, 2.7257944363468596, 2.728022903678359, 2.7296068838308627, 2.7321655449044004, 2.7340014998004096, 2.735169073112049, 2.736744767804774, 2.738539271392079, 2.740539522489956, 2.7428655796149806, 2.745203644314316, 2.7477016447706557, 2.7507182756531763, 2.7541271144960757, 2.7579866355680904, 2.7623661545953624, 2.767621851400451, 2.7732111909072894, 2.7787921128045956, 2.7839674612085625, 2.788639857089868, 2.792706869122225, 2.795555336182137, 2.797175153415118, 2.797612755712683, 2.797531401307974, 2.797417157187092, 2.797381533334736, 2.797231965572795, 2.797664391786977, 2.799338656941976, 2.801864516756774, 2.804481904049879]",75,,,,,2.804481904049879,,0.8994489749999612,,,,35.16523504257202,35.16523504257202,False,,0.0,0.0,,,35.17320942878723,2026-09-10 15:45:50,x86_64,dacsgpu0003,,64,64,3.11.15,0.24,True,False,False,True,2,True,True,True,True,adam,True,1,25,hamqaoa,0.05,False,False,hog,False,False,False,False,True,False,False,1,HOG_graphs/Exp5/cycle_graphs_3to12vertices_10instances_AdjacencyList.txt,False,0,16,1,1,0,0,0,5,10,42,True,_FINAL_BENCHMARKS_STANDARD_BestPerformer,1,,42,2,"[(0, 1), (2, 3), (0, 4), (1, 2), (3, 4)]","[1.0, 1.0, 1.0, 1.0, 1.0]"
d30f31df,4,4,8,75.0,False,False,"[1, 1, 1]",,,,,,,,,,,,,,1.1375431346733031,"[1.1375431346733031, 1.737626608883828, 1.7155996895823795, 1.9617452831827287, 2.115032296453616, 2.236482026843666, 2.374179438824297, 2.414397685947481, 2.515532736124101, 2.67969405982588, 2.748240027049621, 2.7705506460622455, 2.7888192270074597, 2.7909423530484627, 2.8241966416052353, 2.8581946378159193, 2.8636645684956568, 2.872670620804019, 2.8854191060361947, 2.8908092987449274, 2.917080768357251, 2.9274174037743474, 2.931719317105701, 2.952148470539171, 2.955415321312411, 2.9695508140098767, 2.9691527747005204, 2.973382860647395, 2.9834693800691827, 2.976020772966499, 2.978265149344296, 2.9722070565389656, 2.978188519993758, 2.976392904748137, 2.9763538997261056, 2.9830050184344357, 2.9841893221517757, 2.9888813360505018, 2.9882392059241556, 2.993776930049325, 2.991041163386411, 2.9937880514358195, 2.9937423396770213, 2.9957540996456276, 2.992746992893855, 2.994050806091592, 2.9933694851217694, 2.9945202740270354, 2.9951185223340318, 2.997348123426877, 2.9966664692783866, 2.9974073088057134, 2.997400374177115, 2.997712314313513, 2.996947371600278, 2.9976044801045156, 2.9973674968551904, 2.998011961031995, 2.9986558388174815, 2.9992012786910163, 2.9990235307620985, 2.9990679092437675, 2.999061218194465, 2.9986515290614406, 2.998919438337069, 2.9988231342854146, 2.999075579714529, 2.9991772727764476, 2.999412437697623, 2.999411697923456, 2.999438175323888, 2.9995981916364003, 2.9994236001857826, 2.999592943859658, 2.9995595152477104, 2.999580372231649]",75,,,,,2.999580372231649,,0.9998601240772164,,,,35.273271322250366,35.273271322250366,False,,0.0,0.0,,,35.2824490070343,2026-09-10 15:45:51,x86_64,dacsgpu0003,,64,64,3.11.15,0.25,True,False,True,True,2,True,False,True,True,adam,True,1,25,hamqaoa,0.05,False,False,hog,False,False,False,False,True,False,False,1,HOG_graphs/Exp5/cycle_graphs_3to12vertices_10instances_AdjacencyList.txt,False,0,16,1,1,0,0,0,5,10,42,True,_FINAL_BENCHMARKS_STANDARD_BestPerformer,1,,42,1,"[(1, 2), (0, 1), (2, 3), (0, 3)]","[1.0, 1.0, 1.0, 1.0]"
ef7643a0,3,3,10,75.0,False,False,"[1, 1, 1]",,,,,,,,,,,,,,1.0354234127931095,"[1.0354234127931095, 1.4180115956633796, 1.3892418473513988, 1.3583204738368664, 1.4385499789636744, 1.4774670684896203, 1.4613477153545449, 1.4544257870836321, 1.4575498873716053, 1.458746752336457, 1.4659746223156078, 1.4817687886600357, 1.490816045536489, 1.482907573905015, 1.4739675614262169, 1.4786844171460791, 1.488940512066443, 1.4917525532784444, 1.4879456272081886, 1.48692078378764, 1.4910224701149957, 1.4938722293508722, 1.4917717851428542, 1.4900447899886864, 1.49305291156358, 1.497037900130607, 1.4975189306900951, 1.4956091295846505, 1.4946815413683903, 1.4954535858952553, 1.496402519361428, 1.4966258020800878, 1.4967375327658081, 1.497300788218059, 1.498084052716763, 1.4987875923480793, 1.4990732121287054, 1.4986138198326215, 1.4979468416497541, 1.4980235961064148, 1.498624410808932, 1.4988079178019789, 1.4987819156980735, 1.4991823616711528, 1.4995512668052156, 1.4994534266326043, 1.4993177312186612, 1.4993991534798938, 1.4994421435914111, 1.4993645442023296, 1.4993639111407038, 1.4995078963594575, 1.4996816228739103, 1.4997696132354246, 1.4997530762812445, 1.4997249452952108, 1.4997704551877242, 1.4998167587990858, 1.4997693320192877, 1.499723543301183, 1.4997880017170186, 1.4998647984317555, 1.4998740083950244, 1.4999059971629882, 1.499950655302337, 1.4999110708389343, 1.4998626688803207, 1.4998937840738265, 1.4999233158670333, 1.4999131137066994, 1.4999321469508882, 1.4999676351976352, 1.499969176108649, 1.4999590427525007, 1.4999536388668897, 1.4999516583914576]",75,,,,,1.4999516583914576,,0.9999677722609718,,,,41.457674980163574,41.457674980163574,False,,0.0,0.0,,,41.46634840965271,2026-09-10 15:45:57,x86_64,dacsgpu0003,,64,64,3.11.15,0.25,False,False,False,True,2,True,False,True,True,adam,True,1,25,hamqaoa,0.05,False,False,hog,False,False,False,False,True,False,False,1,HOG_graphs/Exp5/cycle_graphs_3to12vertices_10instances_AdjacencyList.txt,False,0,16,1,1,0,0,0,5,10,42,True,_FINAL_BENCHMARKS_STANDARD_BestPerformer,1,,42,0,"[(1, 2), (0, 1), (0, 2)]","[1.0, 1.0, 1.0]"
81ffdbe7,5,5,8,75.0,False,False,"[1, 1, 1]",,,,,,,,,,,,,,1.6787676596687826,"[1.6787676596687826, 2.0797052358107293, 2.272216852069329, 2.353786169527599, 2.4027224198387938, 2.493407127553565, 2.6167098717104853, 2.651527230256197, 2.6877384078740416, 2.7333795619719927, 2.7482224657668906, 2.750444069320633, 2.7601085064144355, 2.7569429968826205, 2.753003278518769, 2.766707229849286, 2.77724705507601, 2.7759900661409547, 2.781236465852751, 2.788998074724861, 2.791976328073608, 2.797677982397967, 2.8011165153294875, 2.798356284253239, 2.797686747020265, 2.7986430738222543, 2.797287306440838, 2.7953679348401868, 2.796149503937389, 2.7981609493728423, 2.7991888292992915, 2.8013264428144313, 2.802390632118123, 2.8018077225305227, 2.8031128241149394, 2.803831250460563, 2.803973209109345, 2.8052076855081927, 2.8059974873484297, 2.8066815656400403, 2.8076743278250955, 2.808186956607796, 2.808095904395189, 2.8087759773085264, 2.809392227625909, 2.809268306826784, 2.8094203951095875, 2.809283384363308, 2.809564772914931, 2.810026870468787, 2.8100706430932108, 2.8102697198818354, 2.810568546541289, 2.8106713780350012, 2.81092237640076, 2.8111567966599393, 2.81114372676877, 2.811292761714265, 2.8113990292087987, 2.8117123093590934, 2.8120232077891165, 2.812270642344385, 2.81260753424041, 2.812888743280807, 2.8130762479976235, 2.813350712681311, 2.813609669394669, 2.8140198529478107, 2.8144258752608606, 2.8148514185998073, 2.8153252295678257, 2.815848705145788, 2.8164641403286796, 2.817176743377719, 2.8180318157963744, 2.819026265328591]",75,,,,,2.819026265328591,,0.9041136194126335,,,,43.46526837348938,43.46526837348938,False,,0.0,0.0,,,43.4731764793396,2026-09-10 15:45:59,x86_64,dacsgpu0003,,64,64,3.11.15,0.25,True,False,False,True,2,True,True,True,True,adam,True,1,25,hamqaoa,0.05,False,False,hog,False,False,False,False,True,False,False,1,HOG_graphs/Exp5/cycle_graphs_3to12vertices_10instances_AdjacencyList.txt,False,0,16,1,1,0,0,0,5,10,42,True,_FINAL_BENCHMARKS_STANDARD_BestPerformer,1,,42,2,"[(0, 1), (2, 3), (0, 4), (1, 2), (3, 4)]","[1.0, 1.0, 1.0, 1.0, 1.0]"
91753b11,4,4,9,75.0,False,False,"[1, 1, 1]",,,,,,,,,,,,,,1.0198983133489268,"[1.0198983133489268, 1.7031657189139147, 1.7764136887814497, 1.9421705736304855, 2.2874613635021173, 2.474659241625367, 2.4880596833249573, 2.5187861209715168, 2.5732394207027105, 2.6040129029466876, 2.6374098962856327, 2.6896990306445487, 2.7533682226346974, 2.7886269961855725, 2.8036568327747857, 2.8154852803245243, 2.8042854696541233, 2.800078760138865, 2.8172048239214584, 2.836994907101734, 2.860110427099876, 2.8792172729144885, 2.8920907246299086, 2.899787236615353, 2.8991250754489557, 2.90610948799665, 2.917841405775167, 2.9276027764760264, 2.938649189424353, 2.9458628229069816, 2.952149419156525, 2.9547842941873546, 2.953482180804239, 2.953508489806185, 2.9559493710356586, 2.965689069726129, 2.970401006573112, 2.970060229318009, 2.9693362048139442, 2.9688270103240586, 2.971543247261179, 2.97388153529833, 2.979044042864916, 2.9851311477154083, 2.9861471914606175, 2.9843831067206334, 2.9829378460309464, 2.9862446614067806, 2.989480545625806, 2.990421410171312, 2.989245245368866, 2.9896907526283067, 2.9909007420097797, 2.991825466775698, 2.992964867521664, 2.994900946242849, 2.9965787712598346, 2.996408907170668, 2.9959894294017797, 2.9962384518471494, 2.997470188425042, 2.998275310938088, 2.998645418325491, 2.998657826749317, 2.9986195358439187, 2.998542941624403, 2.998613672655738, 2.998775981036271, 2.998916543285825, 2.9988516411955577, 2.9988606577600043, 2.9992646610822895, 2.999538956390287, 2.9995469379789093, 2.999372309693747, 2.999398075539636]",75,,,,,2.999398075539636,,0.999799358513212,,,,44.029616355895996,44.029616355895996,False,,0.0,0.0,,,44.036741733551025,2026-09-10 15:46:02,x86_64,dacsgpu0003,,64,64,3.11.15,0.25,True,False,True,True,2,True,False,True,True,adam,True,1,25,hamqaoa,0.05,False,False,hog,False,False,False,False,True,False,False,1,HOG_graphs/Exp5/cycle_graphs_3to12vertices_10instances_AdjacencyList.txt,False,0,16,1,1,0,0,0,5,10,42,True,_FINAL_BENCHMARKS_STANDARD_BestPerformer,1,,42,1,"[(1, 2), (0, 1), (2, 3), (0, 3)]","[1.0, 1.0, 1.0, 1.0]"
104bbcf9,4,4,10,75.0,False,False,"[1, 1, 1]",,,,,,,,,,,,,,0.9525119344268521,"[0.9525119344268521, 1.9242397546911123, 2.1997271630986597, 2.354329431407217, 2.647054226814183, 2.6122541780121966, 2.59073147802885, 2.665573245533294, 2.7565227299128385, 2.7689529831824884, 2.7707574226897065, 2.800813460527985, 2.8447258978212338, 2.8812229664645077, 2.880778489123488, 2.8704451622935907, 2.8750551968109037, 2.8882905858491146, 2.9010302841917857, 2.908623419691945, 2.9239080868831455, 2.942394056446024, 2.952242350005447, 2.947779523868662, 2.9377018701129125, 2.935746670381077, 2.944610548945378, 2.959346944408199, 2.9692110672753387, 2.9706753864593787, 2.971676777336145, 2.976367646216662, 2.979176861361685, 2.9778528383138188, 2.975722300402815, 2.977519366454812, 2.9797040210391708, 2.9805500879649, 2.9813995377409355, 2.983265469121057, 2.9856548600805013, 2.986920883026445, 2.9873784996039534, 2.9872267786471047, 2.9871793263110895, 2.9877325081661814, 2.9884492260611033, 2.989249950445813, 2.990106363269783, 2.991318153539219, 2.9923444141678806, 2.9931829819761586, 2.9935261156486916, 2.9936067101578723, 2.9938042012184756, 2.9941954904444876, 2.994623774666923, 2.99516129743038, 2.9958690184953425, 2.996464275628244, 2.996840095415763, 2.997001555537725, 2.9970256749004154, 2.9971261351632825, 2.9974497388344896, 2.997699364039721, 2.9978566596765335, 2.9980330829627904, 2.998148408728906, 2.998239486113854, 2.998418902378716, 2.9986064658433693, 2.998731083427258, 2.9987985387756044, 2.998811631819757, 2.998859905394102]",75,,,,,2.998859905394102,,0.9996199684647006,,,,51.881176710128784,51.881176710128784,False,,0.0,0.0,,,51.88843631744385,2026-09-10 15:46:07,x86_64,dacsgpu0003,,64,64,3.11.15,0.26,True,False,True,True,2,True,False,True,True,adam,True,1,25,hamqaoa,0.05,False,False,hog,False,False,False,False,True,False,False,1,HOG_graphs/Exp5/cycle_graphs_3to12vertices_10instances_AdjacencyList.txt,False,0,16,1,1,0,0,0,5,10,42,True,_FINAL_BENCHMARKS_STANDARD_BestPerformer,1,,42,1,"[(1, 2), (0, 1), (2, 3), (0, 3)]","[1.0, 1.0, 1.0, 1.0]"
b3702699,5,5,9,75.0,False,False,"[1, 1, 1]",,,,,,,,,,,,,,1.5283704801203437,"[1.5283704801203437, 1.7857422660401265, 1.9749807433063968, 2.0876065797213013, 2.3204892304076736, 2.416654586414977, 2.4238638199793368, 2.4698263748499216, 2.547646646527351, 2.5989081477480855, 2.627258286245791, 2.659663946885863, 2.6951585786090737, 2.73244959816529, 2.748684020143788, 2.7755807391086678, 2.8132998990871334, 2.813647296371787, 2.8128503367338142, 2.8388157430444156, 2.8596476291321435, 2.869471359712303, 2.885382650738867, 2.8974852107489966, 2.899516104672633, 2.908469714824434, 2.927240119541152, 2.94099014064488, 2.9492524905460744, 2.9515548292691456, 2.9523000454302073, 2.955434097095093, 2.9574824300329565, 2.963161517195572, 2.967515037079377, 2.967101063679315, 2.9648644430648363, 2.9680221197680456, 2.9716736203410923, 2.9722290929014124, 2.975252226624215, 2.9775385151337113, 2.9782499246136975, 2.9798455647465363, 2.982284970729483, 2.9824769946589775, 2.981991949801088, 2.9825441862013604, 2.983153769689046, 2.9832375344688953, 2.9843503119380532, 2.985389772380402, 2.985517014253915, 2.98696755707298, 2.9884162378787704, 2.988826933982203, 2.9891009810297775, 2.989158538096198, 2.989442773003195, 2.990351766830019, 2.991309370663871, 2.991731395767192, 2.9919366796678997, 2.9921654743952, 2.9921869836697796, 2.9924041289037624, 2.992654193409871, 2.9927581395546015, 2.993286555580003, 2.9937414237577586, 2.9940372313577344, 2.994323514276789, 2.994519420535441, 2.9947366941032945, 2.9951566526954707, 2.9954734303066153]",75,,,,,2.9954734303066153,,0.9607034734787092,,,,52.29477596282959,52.29477596282959,False,,0.0,0.0,,,52.30187797546387,2026-09-10 15:46:08,x86_64,dacsgpu0003,,64,64,3.11.15,0.26,True,False,False,True,2,True,True,True,True,adam,True,1,25,hamqaoa,0.05,False,False,hog,False,False,False,False,True,False,False,1,HOG_graphs/Exp5/cycle_graphs_3to12vertices_10instances_AdjacencyList.txt,False,0,16,1,1,0,0,0,5,10,42,True,_FINAL_BENCHMARKS_STANDARD_BestPerformer,1,,42,2,"[(0, 1), (2, 3), (0, 4), (1, 2), (3, 4)]","[1.0, 1.0, 1.0, 1.0, 1.0]"
3dd9c18c,10,10,6,75.0,False,False,"[1, 1, 1]",,,,,,,,,,,,,,2.771840372620648,"[2.771840372620648, 3.398923953724576, 3.5816699781272496, 3.5832795118432323, 3.587538917093115, 3.6230941789488256, 3.647876278962466, 3.652742492488014, 3.6653462571789235, 3.698033046274664, 3.7364025867437243, 3.7661944554102966, 3.791505786697553, 3.8297586364964564, 3.8813352952249196, 3.9127461129709973, 3.915985971021578, 3.930690601974928, 3.9504134627514915, 3.9636957474512893, 3.976926171908271, 3.9948095905765464, 4.02499713740815, 4.058923767940019, 4.086496265073324, 4.1033509476785355, 4.1123849278366045, 4.110276113554472, 4.109036032989766, 4.111444962043966, 4.1134069903876656, 4.118035889224054, 4.12197519808201, 4.1282862166227865, 4.134707170699059, 4.140440259641039, 4.149560560254924, 4.16007059652437, 4.171807292157616, 4.1803985733976985, 4.187460738237438, 4.196800597432482, 4.2108216483384275, 4.226889723395299, 4.240201455207728, 4.251931561630357, 4.262929968921738, 4.274382775607801, 4.284704436571128, 4.295190429011896, 4.303245750024363, 4.308566269909751, 4.3130796104400435, 4.314512340308158, 4.315558605780666, 4.317882832296777, 4.3205198680051335, 4.325591325681368, 4.333113294644441, 4.344451734046231, 4.3662007084088845, 4.403021432944128, 4.459328587476426, 4.536797953851795, 4.629168996235117, 4.729246540239335, 4.827331783988234, 4.915103038685553, 4.986257041510912, 5.036528109042968, 5.0614815068782235, 5.0616878654849895, 5.04105595849785, 5.013673474783218, 5.004671640139693, 5.020331374392458]",75,,,,,5.020331374392458,,0.71565664638524,,,,57.55341458320618,57.55341458320618,False,,0.0,0.0,,,57.56016159057617,2026-09-10 15:46:13,x86_64,dacsgpu0003,,64,64,3.11.15,0.26,True,False,True,True,2,True,True,True,True,adam,True,1,25,hamqaoa,0.05,False,False,hog,False,False,False,False,True,False,False,1,HOG_graphs/Exp5/cycle_graphs_3to12vertices_10instances_AdjacencyList.txt,False,0,16,1,1,0,0,0,5,10,42,True,_FINAL_BENCHMARKS_STANDARD_BestPerformer,1,,42,7,"[(8, 9), (0, 1), (2, 3), (1, 2), (5, 6), (3, 4), (7, 8), (4, 5), (0, 9), (6, 7)]","[1.0, 1.0, 1.0, 1.0, 1.0, 1.0, 1.0, 1.0, 1.0, 1.0]"
d4164789,5,5,10,75.0,False,False,"[1, 1, 1]",,,,,,,,,,,,,,1.602735298359369,"[1.602735298359369, 1.9136689180128987, 2.0030339935667474, 2.251210484299559, 2.343509673295857, 2.4986350964839708, 2.6214879569003595, 2.602130660543127, 2.59114320275439, 2.6163566868995716, 2.6245244833304913, 2.654039112575684, 2.7024439613187727, 2.7209539820038184, 2.717766331646987, 2.7349009487637725, 2.7695358663162, 2.7852411029360917, 2.7920820781076943, 2.809079379874304, 2.8211719259620613, 2.8233596249662933, 2.8261217365519293, 2.8311044362839084, 2.8390064826579136, 2.85333427027729, 2.869969652089085, 2.8816179906849704, 2.8881085948147227, 2.892529570249873, 2.893893581449127, 2.895019886556812, 2.903109750888696, 2.913201023622837, 2.922088978741229, 2.931922241010668, 2.9408715805773378, 2.9478529925672428, 2.957671230581322, 2.970849720688826, 2.983688505336106, 2.995076139404459, 3.003821195927991, 3.009041304171355, 3.0149657199841498, 3.0216588394458674, 3.027259679556999, 3.0312919406424776, 3.032793611802787, 3.033962995988614, 3.035044169521041, 3.0353517277413844, 3.0361642427394226, 3.036340733645667, 3.0362808506717585, 3.0361899485216655, 3.0365090039941918, 3.0382936357953483, 3.0403371264407664, 3.042091979098246, 3.04343552983628, 3.0446011742854298, 3.0457899014352514, 3.0467889525915552, 3.047275734957557, 3.0473654483026102, 3.047422655757814, 3.047444163251154, 3.0475250268678824, 3.047565396095566, 3.0476742509688974, 3.047693080172347, 3.0470849715446895, 3.0447743600084145, 3.0377938798130377, 3.0259122419180855]",75,,,,,3.0259122419180855,,0.9704657607177952,,,,60.115665674209595,60.115665674209595,False,,0.0,0.0,,,60.12223434448242,2026-09-10 15:46:15,x86_64,dacsgpu0003,,64,64,3.11.15,0.26,True,False,False,True,2,True,True,True,True,adam,True,1,25,hamqaoa,0.05,False,False,hog,False,False,False,False,True,False,False,1,HOG_graphs/Exp5/cycle_graphs_3to12vertices_10instances_AdjacencyList.txt,False,0,16,1,1,0,0,0,5,10,42,True,_FINAL_BENCHMARKS_STANDARD_BestPerformer,1,,42,2,"[(0, 1), (2, 3), (0, 4), (1, 2), (3, 4)]","[1.0, 1.0, 1.0, 1.0, 1.0]"
5b086977,10,10,7,75.0,False,False,"[1, 1, 1]",,,,,,,,,,,,,,2.9291259261377998,"[2.9291259261377998, 3.647566218384728, 4.131303215622926, 4.3684649759453835, 4.469368789323162, 4.61626616739619, 4.7718930559552355, 4.882742416650514, 4.977326343875588, 5.09307133774847, 5.210656556973363, 5.291087668905072, 5.3314857062313274, 5.353902975903563, 5.386148454192863, 5.430770507551163, 5.468972874012625, 5.490917674204797, 5.509649451708848, 5.539110053012452, 5.5707640066506805, 5.591316786905674, 5.601252532681814, 5.613050555066724, 5.62923468712707, 5.645321338325496, 5.659615931110427, 5.677461489448784, 5.702523406017343, 5.728983001447723, 5.7500517394917425, 5.762512177189108, 5.76648621744047, 5.76674063899485, 5.768935151604764, 5.776287393480602, 5.789007430669703, 5.803620620054113, 5.816149658562504, 5.824385719961023, 5.829780774789114, 5.836084782327843, 5.8447343188260446, 5.854378322849614, 5.864374843960855, 5.875678151529231, 5.887221493989604, 5.896110360768366, 5.902317645051455, 5.909320239724025, 5.918999564379341, 5.930406898757876, 5.942953073865494, 5.956022540948909, 5.968105155276135, 5.979002142395076, 5.989919170155922, 6.000828907241165, 6.011472979521431, 6.022997631872822, 6.035444483802557, 6.0467651678148675, 6.056498171114319, 6.0661880087180196, 6.076204945503278, 6.08593739684412, 6.095318302416974, 6.10291373587639, 6.105535648325467, 6.105065358207202, 6.120067846018168, 6.132786336654099, 6.128474701997678, 6.135578558670476, 6.144658889975036, 6.141104287337989]",75,,,,,6.141104287337989,,0.8754247024002836,,,,77.27937936782837,77.27937936782837,False,,0.0,0.0,,,77.2876296043396,2026-09-10 15:46:33,x86_64,dacsgpu0003,,64,64,3.11.15,0.25,True,False,True,True,2,True,True,True,True,adam,True,1,25,hamqaoa,0.05,False,False,hog,False,False,False,False,True,False,False,1,HOG_graphs/Exp5/cycle_graphs_3to12vertices_10instances_AdjacencyList.txt,False,0,16,1,1,0,0,0,5,10,42,True,_FINAL_BENCHMARKS_STANDARD_BestPerformer,1,,42,7,"[(8, 9), (0, 1), (2, 3), (1, 2), (5, 6), (3, 4), (7, 8), (4, 5), (0, 9), (6, 7)]","[1.0, 1.0, 1.0, 1.0, 1.0, 1.0, 1.0, 1.0, 1.0, 1.0]"
419b1de1,10,10,8,75.0,False,False,"[1, 1, 1]",,,,,,,,,,,,,,3.012883112520655,"[3.012883112520655, 3.4292066653623685, 3.8446408525011284, 4.2379850528793614, 4.480027310097008, 4.627476898252596, 4.810019852907582, 4.85121223187269, 4.953096452535031, 4.931491020287193, 5.0336252384774385, 5.05070719544786, 5.1047483102780316, 5.104259827621929, 5.1633141417346335, 5.236450453310044, 5.2653626211315965, 5.329813963163797, 5.41546719787941, 5.4910230633584325, 5.561328553181081, 5.629093483240404, 5.688367613375819, 5.734802380730335, 5.782337109231785, 5.838799317526977, 5.886557394155199, 5.918367044342173, 5.942568784971883, 5.960395117359373, 5.968282667963578, 5.976834691828131, 5.986581113100765, 5.988477498980173, 5.9898121155612705, 5.995867319363205, 6.003419883174106, 6.0072635979109705, 6.013060359704678, 6.021489730263707, 6.0304127477711456, 6.043479646853759, 6.055451866643471, 6.06181062970316, 6.06285106379885, 6.061864050594164, 6.060751795057368, 6.064909095050853, 6.071331342512941, 6.078365384805849, 6.085851751795908, 6.091014375726144, 6.095970759117827, 6.103045607787743, 6.109838179493454, 6.117828543367782, 6.126174207734075, 6.1328515010715385, 6.138737188443652, 6.144612900329598, 6.1497151651501225, 6.155247247713897, 6.16025841809145, 6.163793897022308, 6.1667712664745125, 6.168837272364469, 6.170377642261765, 6.172101699687595, 6.173839831095828, 6.175706708155819, 6.1778357771792365, 6.180292321751232, 6.183295537887603, 6.186535851339157, 6.18971645553619, 6.192679997389269]",75,,,,,6.192679997389269,,0.8827769062564889,,,,107.30021953582764,107.30021953582764,False,,0.0,0.0,,,107.3096673488617,2026-09-10 15:47:03,x86_64,dacsgpu0003,,64,64,3.11.15,0.26,True,False,True,True,2,True,True,True,True,adam,True,1,25,hamqaoa,0.05,False,False,hog,False,False,False,False,True,False,False,1,HOG_graphs/Exp5/cycle_graphs_3to12vertices_10instances_AdjacencyList.txt,False,0,16,1,1,0,0,0,5,10,42,True,_FINAL_BENCHMARKS_STANDARD_BestPerformer,1,,42,7,"[(8, 9), (0, 1), (2, 3), (1, 2), (5, 6), (3, 4), (7, 8), (4, 5), (0, 9), (6, 7)]","[1.0, 1.0, 1.0, 1.0, 1.0, 1.0, 1.0, 1.0, 1.0, 1.0]"
2307fe62,10,10,9,75.0,False,False,"[1, 1, 1]",,,,,,,,,,,,,,2.905448621586848,"[2.905448621586848, 3.525199156422428, 4.057869597308969, 4.245458070734123, 4.3718977047142475, 4.57449070161661, 4.703452902459321, 4.799045039401444, 4.888289214486594, 4.933836617114704, 4.965756861415211, 5.016046702305711, 5.059609130604496, 5.118256434036132, 5.1769375172039025, 5.197881596593073, 5.211130182810302, 5.258809129872186, 5.325653964459392, 5.382295033549904, 5.437229434542078, 5.500088961771157, 5.553413926953177, 5.592233017142586, 5.615927567093345, 5.636224642141947, 5.663846101810988, 5.680349518844223, 5.68864306081374, 5.703093311589812, 5.741002762451815, 5.78663827951199, 5.815690877369142, 5.83316698825121, 5.84477867675113, 5.854631164495501, 5.873045177339124, 5.894222716221312, 5.909418598519055, 5.919011294914163, 5.922838686075595, 5.927741406815946, 5.9331631292011515, 5.939985072505392, 5.949632539225117, 5.95819494843309, 5.965504318919576, 5.9680331179479476, 5.96822120193686, 5.971723186900059, 5.978741222029599, 5.987283696769801, 5.994290316488291, 6.00040085927573, 6.006533751539126, 6.013371138732672, 6.021217067376375, 6.028703235872601, 6.036009500952845, 6.043071960079328, 6.049662801020234, 6.055462555357934, 6.060389097327574, 6.064045564879058, 6.0661361721625, 6.0678813451042295, 6.069294287366655, 6.070620326556613, 6.072455899491968, 6.07430300408749, 6.07552799454683, 6.075840738480069, 6.076137773015181, 6.0769862180521965, 6.078383597544931, 6.080110285996575]",75,,,,,6.080110285996575,,0.8667299053451997,,,,141.85918283462524,141.85918283462524,False,,0.0,0.0,,,141.867449760437,2026-09-10 15:47:37,x86_64,dacsgpu0003,,64,64,3.11.15,0.25,True,False,True,True,2,True,True,True,True,adam,True,1,25,hamqaoa,0.05,False,False,hog,False,False,False,False,True,False,False,1,HOG_graphs/Exp5/cycle_graphs_3to12vertices_10instances_AdjacencyList.txt,False,0,16,1,1,0,0,0,5,10,42,True,_FINAL_BENCHMARKS_STANDARD_BestPerformer,1,,42,7,"[(8, 9), (0, 1), (2, 3), (1, 2), (5, 6), (3, 4), (7, 8), (4, 5), (0, 9), (6, 7)]","[1.0, 1.0, 1.0, 1.0, 1.0, 1.0, 1.0, 1.0, 1.0, 1.0]"
5537e4c7,10,10,10,75.0,False,False,"[1, 1, 1]",,,,,,,,,,,,,,2.585678482165014,"[2.585678482165014, 3.1838586270508227, 3.170295373149083, 3.472463093918747, 3.9456038310330017, 4.29779902300997, 4.37637919631405, 4.582853428477326, 4.777666594684415, 4.740867768365242, 4.789303124884706, 4.864261676488564, 4.938500315005207, 5.01701330622459, 5.049258964949396, 5.098665462632646, 5.182543799669231, 5.239476049782606, 5.2543347362948465, 5.291232821694698, 5.351708594998276, 5.403011131587643, 5.455054237824718, 5.507784426053105, 5.56697836780015, 5.639778549486825, 5.71257208506725, 5.77053772036602, 5.807906382591612, 5.834918422034058, 5.857470288942233, 5.868926192183349, 5.8783141438409325, 5.884397335963641, 5.885534416723623, 5.900451853916466, 5.935246715871419, 5.974847082828219, 6.007271089459624, 6.0253967217154525, 6.030624800645728, 6.037930212361727, 6.044423112470279, 6.043031322423956, 6.045432839366782, 6.055069241035996, 6.06711544951197, 6.077377540478914, 6.083304290544966, 6.087931623241396, 6.093653040095924, 6.103641181923647, 6.114173206656437, 6.119305801856288, 6.120949719956526, 6.119667945683603, 6.119724701325071, 6.123629646121947, 6.12784076450512, 6.128605490476152, 6.129261106122512, 6.134292612687765, 6.140926133115545, 6.145211168333511, 6.1480577828288965, 6.1499325733408545, 6.1514850904377045, 6.153571941597509, 6.156282688210812, 6.158940310904931, 6.1610250048538, 6.162221393004766, 6.163037307084557, 6.164727712313597, 6.167300850854143, 6.169367715860712]",75,,,,,6.169367715860712,,0.8794537014769369,,,,197.04016757011414,197.04016757011414,False,,0.0,0.0,,,197.05132675170898,2026-09-10 15:48:59,x86_64,dacsgpu0003,,64,64,3.11.15,0.27,True,False,True,True,2,True,True,True,True,adam,True,1,25,hamqaoa,0.05,False,False,hog,False,False,False,False,True,False,False,1,HOG_graphs/Exp5/cycle_graphs_3to12vertices_10instances_AdjacencyList.txt,False,0,16,1,1,0,0,0,5,10,42,True,_FINAL_BENCHMARKS_STANDARD_BestPerformer,1,,42,7,"[(8, 9), (0, 1), (2, 3), (1, 2), (5, 6), (3, 4), (7, 8), (4, 5), (0, 9), (6, 7)]","[1.0, 1.0, 1.0, 1.0, 1.0, 1.0, 1.0, 1.0, 1.0, 1.0]"
