run_id,n,m,p,precision/iterations,singlet_injection,warm_start,parameter_vector,optimal_result,sdp_objective_value_step1,sdp_objective_value_king_normalized_step1,algorithm17_actual_energy,algorithm17_lower_bound_energy,initial_ws_energy_prodStates_step2,initial_sdp_statevector_energy,initial_qaoa_input_energy_normalized,adam_energy_history_normalized_json,adam_updates_completed,initial_sdp_statevec_ratio,initial_ws_energy_010101,QAOA_improvement_over_SDP_statevectorEnergy,QAOA_improvement_over_SDP_prodStatesEnergy,result,result_010101,approx_ratio,approx_ratio_010101,diff. approx. ratio,sdp ws greater,duration_seconds,duration_seconds_excluding_warm_start_cache_io,warm_start_cache_used,warm_start_compute_time_seconds,warm_start_load_time_seconds,warm_start_save_time_seconds,warm_start_effective_time_seconds,warm_start_cache_path,full duration_seconds,finished_at,processor,hostname,total_ram_gb,physical_cores,logical_cores,python_version,peak_ram_mb,Instance_is_triangle_free,Instance_is_3_regular,Instance_is_bipartite,Instance_is_regular,Regular_degree,Instance_is_claw_free,Instance_is_twin_free,Instance_is_planar,Instance_is_eulerian,optimiser,optimiser_use_heuristic,circuit_type,learning_rate_adam,warm_start_mode,lasserre_level,initial_solver_level_M,sdp_solver_mode,sdp_scs_eps,sdp_scs_max_iters,compare_with_010101,init_QAOAparams_close_to_zero,use_correlations_as_initial_params,graph_generation_type,weighted,easiest_first,debug,save_circuit_svg,rerun_exclude_finished_instances,warm_start_cache_producer_only,qaoa_only_from_existing_warm_start_cache,num_repeats,relative_graph_adjList_path,persistent_warm_start_cache,warm_start_cache_dir,warm_start_cache_max_file_mb,warm_start_cache_max_total_gb,sdp_max_parallel,qaoa_max_parallel,sdp_threads,qaoa_threads,sdp_memory_limit_total_gb,sdp_memory_limit_single_gb,sdp_memory_poll_seconds,sdp_max_retries,queue_poll_interval_seconds,initialise_standard_warm_start_with_zero_angles,result_name_suffix,benchmark_repeat_idx,sdp_seed,hog_graph_index,edges,weights
63fc541e,2,1,1,50.0,False,True,"[1, 1, 1]",,1.999999999999671,0.9999999999998355,0.6227250465231764,0.6241408556114973,0.4999999999997304,0.6227250465231765,0.6227250465231765,"[0.6227250465231765, 0.6253832058371803, 0.6279782483506979, 0.6305089507540155, 0.632973618628908, 0.6353705073999623, 0.6376978690197469, 0.6399539689381047, 0.6421370876935486, 0.6442455434552312, 0.6462776933099728, 0.6482319453338281, 0.6501067853609843, 0.6519008124763014, 0.6536128114358459, 0.6552418618276159, 0.6567875139452393, 0.658250015190798, 0.6596305039497323, 0.6609309840265085, 0.6621539140809881, 0.6633015948455745, 0.6643757681120485, 0.665377605238756, 0.6663079568224849, 0.6671677129496615, 0.6679581591238091, 0.6686813073037496, 0.669340103741788, 0.6699383397821793, 0.6704801761702603, 0.6709695265531765, 0.6714096847749292, 0.6718033593460508, 0.6721529517864748, 0.6724609144558618, 0.6727300737869953, 0.6729638058291519, 0.6731659521898248, 0.673340426800094, 0.6734907273902213, 0.6736196642295129, 0.6737294582197614, 0.6738220855499482, 0.6738996303828908, 0.6739644516445504, 0.6740190715879839, 0.6740658293627624, 0.6741065758068899, 0.6741426036116789, 0.6741748241181654]",50,0.6227250465231765,,0.10289955518997784,0.3483496482368701,0.6741748241181654,,0.6741748241181654,,,,1.1337649822235107,1.163437843322754,True,0.031023740768432617,0.001338958740234375,0.0,0.031023740768432617,Results/warm_start_cache/path_graphs_2to12vertices_11instances_AdjacencyList__filehash_01292d61/hog_idx000000_cd0336d2cdf0_noseed_L2_M1_standard.npz,1.1451025009155273,2026-08-03 11:31:07,x86_64,dacsgpu0003,,64,64,3.11.15,0.22,True,False,True,True,1,True,False,True,False,adam,False,hamqaoa,0.005,standard,2,1,scs,1e-06,100000,False,False,False,hog,False,False,False,False,True,False,True,1,HOG_graphs/Exp5/path_graphs_2to12vertices_11instances_AdjacencyList.txt,True,Results/warm_start_cache,512,60,0,32,1,1,0,0,5,0,5,True,_Exp5_subexp1_zeroAngles,1,,0,"[(0, 1)]",[1.0]
5eac82dd,4,3,1,50.0,False,True,"[1, 1, 1]",,5.999999977047764,2.999999988523882,1.897560333542054,1.8724225542106745,1.4999999948554716,1.897560333542055,1.8975603335420541,"[1.8975603335420541, 1.8981977028968762, 1.8984986924681342, 1.8985253328700873, 1.8984270522024325, 1.8983514764622287, 1.8983590454935004, 1.8984357134681193, 1.8985374456252084, 1.8986256709505338, 1.8986819054709818, 1.8987073807187793, 1.8987141128239917, 1.8987161260283973, 1.8987256299480404, 1.898750144584675, 1.8987896493747993, 1.8988379493291485, 1.898887006046941, 1.8989303363141323, 1.8989644305249997, 1.898989352362367, 1.8990089010782163, 1.899029162455318, 1.8990554636133368, 1.8990899213922503, 1.8991311168442726, 1.8991753295504175, 1.8992183385929124, 1.8992572511378192, 1.8992917502811213, 1.8993241228641073, 1.8993578791053565, 1.8993957811556832, 1.8994384892174772, 1.899484513972908, 1.899531342204722, 1.899576920301594, 1.8996207028107521, 1.8996638179532943, 1.8997082953418825, 1.899755904979631, 1.8998073493574381, 1.8998621906040851, 1.8999193199276614, 1.8999777017265027, 1.9000369343831056, 1.9000973673792563, 1.900159826333716, 1.900225112971984, 1.900293661717539]",50,0.8020119752925,,0.005466656350967991,0.8005873337241347,1.900293661717539,,0.8031672281139218,,,,1.17820405960083,1.281217336654663,True,0.10436320304870605,0.0013301372528076172,0.0,0.10436320304870605,Results/warm_start_cache/path_graphs_2to12vertices_11instances_AdjacencyList__filehash_01292d61/hog_idx000002_f26a0b535d4f_noseed_L2_M1_standard.npz,1.1847782135009766,2026-08-03 11:31:07,x86_64,dacsgpu0003,,64,64,3.11.15,0.21,True,False,True,False,,True,True,True,False,adam,False,hamqaoa,0.005,standard,2,1,scs,1e-06,100000,False,False,False,hog,False,False,False,False,True,False,True,1,HOG_graphs/Exp5/path_graphs_2to12vertices_11instances_AdjacencyList.txt,True,Results/warm_start_cache,512,60,0,32,1,1,0,0,5,0,5,True,_Exp5_subexp1_zeroAngles,1,,2,"[(1, 2), (0, 1), (2, 3)]","[1.0, 1.0, 1.0]"
9842515c,6,5,1,50.0,False,True,"[1, 1, 1]",,9.999999929456784,4.999999964728392,2.854182539724741,3.1207042392584947,2.4999999972380893,2.8541825397247425,2.8541825397247425,"[2.8541825397247425, 2.855327074207454, 2.8559369592618142, 2.856243763140137, 2.8564404845118267, 2.8565023423182487, 2.85641513797748, 2.856255632755528, 2.8561359947286826, 2.856117083621464, 2.8561855732512114, 2.856293376894467, 2.8564004795498805, 2.8564923938584905, 2.8565697674666533, 2.856629761209444, 2.856662646399074, 2.8566625275930866, 2.8566379596546314, 2.856610818901187, 2.856602594755978, 2.856620960626612, 2.856658972227314, 2.856704316822664, 2.856748602273805, 2.8567898276042913, 2.8568279035453688, 2.85686025135168, 2.856883095864264, 2.8568960562893846, 2.856904518472218, 2.8569168715165705, 2.8569390509767802, 2.8569714736280143, 2.8570105548565516, 2.857052348726991, 2.857094706283352, 2.8571368192419206, 2.8571779065438254, 2.8572171925045415, 2.857255293773186, 2.857294771782279, 2.857338774966228, 2.8573889660593954, 2.857444748108305, 2.8575044718932077, 2.857567123978737, 2.8576329162262977, 2.8577025440264228, 2.8577765205724646, 2.857855370381811]",50,0.7623350800546854,,0.00734566131413672,0.715710746287443,2.857855370381811,,0.7633160711489879,,,,1.7642970085144043,1.881812572479248,True,0.11887359619140625,0.0013434886932373047,0.0,0.11887359619140625,Results/warm_start_cache/path_graphs_2to12vertices_11instances_AdjacencyList__filehash_01292d61/hog_idx000004_2a8a9b462e5e_noseed_L2_M1_standard.npz,1.7746305465698242,2026-08-03 11:31:08,x86_64,dacsgpu0003,,64,64,3.11.15,0.22,True,False,True,False,,True,True,True,False,adam,False,hamqaoa,0.005,standard,2,1,scs,1e-06,100000,False,False,False,hog,False,False,False,False,True,False,True,1,HOG_graphs/Exp5/path_graphs_2to12vertices_11instances_AdjacencyList.txt,True,Results/warm_start_cache,512,60,0,32,1,1,0,0,5,0,5,True,_Exp5_subexp1_zeroAngles,1,,4,"[(0, 1), (2, 3), (1, 2), (3, 4), (4, 5)]","[1.0, 1.0, 1.0, 1.0, 1.0]"
511d1e16,2,1,2,50.0,False,True,"[1, 1, 1]",,1.999999999999671,0.9999999999998355,0.6227250465231764,0.6241408556114973,0.4999999999997304,0.6227250465231765,0.6227250465231765,"[0.6227250465231765, 0.6279780363282466, 0.6329694830187031, 0.637690218119812, 0.6421303671052815, 0.6462806671716563, 0.6501327539646116, 0.6536794108064474, 0.656914860701529, 0.6598352903187017, 0.6624401097656731, 0.6647348934528362, 0.6667348867673863, 0.6684627543146278, 0.6699421905775238, 0.6711965522529436, 0.6722500190248073, 0.6731281023177613, 0.6738576773011042, 0.6744667244863596, 0.6749837980219123, 0.6754372897082127, 0.675854633720868, 0.6762615629098374, 0.6766814653537654, 0.6771348712796529, 0.6776391076077334, 0.6782081298596261, 0.678852509494118, 0.679579591121, 0.6803937896832744, 0.6812970068098249, 0.6822891684404145, 0.683368829530624, 0.6845338123502993, 0.6857818453479758, 0.6871111473040443, 0.6885209216015483, 0.690011731818048, 0.6915857417172521, 0.6932468052143985, 0.6950004522910869, 0.6968537459440172, 0.6988150759057714, 0.7008938478533411, 0.7031001687125776, 0.7054444899629065, 0.707937271115465, 0.7105886398461293, 0.7134080707781347, 0.7164040678295321]",50,0.6227250465231765,,0.18735804261271127,0.4328081356596035,0.7164040678295321,,0.7164040678295321,,,,1.9277806282043457,1.9577038288116455,True,0.031023740768432617,0.0010898113250732422,0.0,0.031023740768432617,Results/warm_start_cache/path_graphs_2to12vertices_11instances_AdjacencyList__filehash_01292d61/hog_idx000000_cd0336d2cdf0_noseed_L2_M1_standard.npz,1.9379847049713135,2026-08-03 11:31:08,x86_64,dacsgpu0003,,64,64,3.11.15,0.22,True,False,True,True,1,True,False,True,False,adam,False,hamqaoa,0.005,standard,2,1,scs,1e-06,100000,False,False,False,hog,False,False,False,False,True,False,True,1,HOG_graphs/Exp5/path_graphs_2to12vertices_11instances_AdjacencyList.txt,True,Results/warm_start_cache,512,60,0,32,1,1,0,0,5,0,5,True,_Exp5_subexp1_zeroAngles,1,,0,"[(0, 1)]",[1.0]
d602d3b7,7,6,1,50.0,False,True,"[1, 1, 1]",,11.999999980180059,5.999999990090029,3.5312892900648745,3.744845122768289,2.9999999981276133,3.531289290064873,3.531289290064873,"[3.531289290064873, 3.5319794428660387, 3.532268843493444, 3.53240068724741, 3.5323073102107903, 3.5321639320651035, 3.532124671193589, 3.5321522812777273, 3.5321988402634115, 3.5322731968553156, 3.5323564511853904, 3.5324032870323347, 3.5323970275139653, 3.5323649633053726, 3.5323368582865053, 3.5323179811850105, 3.5323084549513695, 3.532316604398401, 3.5323451632570593, 3.5323789934028564, 3.5323993537084033, 3.532403054500691, 3.532398422065525, 3.532389877509078, 3.532377840841891, 3.532368213235919, 3.532369512726635, 3.5323808791885356, 3.5323933634630644, 3.5324014142903244, 3.53240577428846, 3.532406466777635, 3.532401927783161, 3.532394976117252, 3.5323916574582706, 3.5323936142535097, 3.5323976812280033, 3.5324018866070523, 3.532406047394523, 3.5324083235890704, 3.5324069509173484, 3.5324038112746416, 3.532401967768786, 3.5324018057230147, 3.532402626065252, 3.5324046644112688, 3.532407205405466, 3.532408332522342, 3.5324076983372263, 3.532406653407578, 3.532405833318259]",50,0.8144117366385777,,0.0022330865067718975,1.0648116703812915,3.532405833318259,,0.8146692420014434,,,,2.1761157512664795,2.314157247543335,True,0.14009380340576172,0.002039194107055664,0.0,0.14009380340576172,Results/warm_start_cache/path_graphs_2to12vertices_11instances_AdjacencyList__filehash_01292d61/hog_idx000005_800a0f5af338_noseed_L2_M1_standard.npz,2.1933512687683105,2026-08-03 11:31:08,x86_64,dacsgpu0003,,64,64,3.11.15,0.23,True,False,True,False,,True,True,True,False,adam,False,hamqaoa,0.005,standard,2,1,scs,1e-06,100000,False,False,False,hog,False,False,False,False,True,False,True,1,HOG_graphs/Exp5/path_graphs_2to12vertices_11instances_AdjacencyList.txt,True,Results/warm_start_cache,512,60,0,32,1,1,0,0,5,0,5,True,_Exp5_subexp1_zeroAngles,1,,5,"[(0, 1), (2, 3), (1, 2), (5, 6), (3, 4), (4, 5)]","[1.0, 1.0, 1.0, 1.0, 1.0, 1.0]"
13ac9a34,3,2,1,50.0,False,True,"[1, 1, 1]",,3.9999999095916348,1.9999999547958174,1.3326019525146913,1.2482816615007286,0.9999999975045607,1.3326019525146913,1.3326019525146913,"[1.3326019525146913, 1.332894478490082, 1.333141885641841, 1.333323250890761, 1.3334624597402334, 1.3335837797385102, 1.3336987037682042, 1.3338028234656085, 1.333884647998145, 1.3339368302066292, 1.3339616126644782, 1.3339690725658693, 1.3339713160449764, 1.333975991006285, 1.3339835937351787, 1.3339898020410075, 1.3339903832907076, 1.3339851668515617, 1.3339784442130396, 1.3339755877080515, 1.3339790380521148, 1.3339870212480631, 1.3339955307343179, 1.3340014310476642, 1.334004343114999, 1.3340062441968936, 1.3340093514376552, 1.3340141470271356, 1.3340191455849475, 1.3340223743229764, 1.3340231165182432, 1.3340224194972572, 1.3340220669477594, 1.33402301179787, 1.3340247596212145, 1.3340261087732856, 1.3340263931422665, 1.3340260732523774, 1.33402619142903, 1.334027329500078, 1.3340291370451123, 1.3340307866554184, 1.334031823778948, 1.334032519321743, 1.3340334429869238, 1.3340347957077583, 1.3340362113749962, 1.3340371638027027, 1.334037492386421, 1.334037488687234, 1.334037520174286]",50,0.8884013016764608,,0.0028711353191894773,0.6680750453394506,1.334037520174286,,0.8893583467828573,,,,1.5073063373565674,1.5425739288330078,True,0.04266190528869629,0.007380485534667969,0.0,0.04266190528869629,Results/warm_start_cache/path_graphs_2to12vertices_11instances_AdjacencyList__filehash_01292d61/hog_idx000001_9f99b1afad88_noseed_L2_M1_standard.npz,1.5300121307373047,2026-08-03 11:31:09,x86_64,dacsgpu0003,,64,64,3.11.15,0.21,True,False,True,False,,True,False,True,False,adam,False,hamqaoa,0.005,standard,2,1,scs,1e-06,100000,False,False,False,hog,False,False,False,False,True,False,True,1,HOG_graphs/Exp5/path_graphs_2to12vertices_11instances_AdjacencyList.txt,True,Results/warm_start_cache,512,60,0,32,1,1,0,0,5,0,5,True,_Exp5_subexp1_zeroAngles,1,,1,"[(1, 2), (0, 1)]","[1.0, 1.0]"
c3f13920,2,1,3,50.0,False,True,"[1, 1, 1]",,1.999999999999671,0.9999999999998355,0.6227250465231764,0.6241408556114973,0.4999999999997304,0.6227250465231765,0.6227250465231765,"[0.6227250465231765, 0.6305084307168405, 0.6376902651133074, 0.6442425066029097, 0.6501384520419666, 0.6553563093862136, 0.6598807435531483, 0.6637052812157311, 0.6668387286936586, 0.6693201011357142, 0.6712177670756727, 0.6726086844062742, 0.6735771754956615, 0.6742169940018694, 0.6746282113913331, 0.6749112204289279, 0.6751609159873411, 0.6754617860161775, 0.6758838570308651, 0.6764799244341086, 0.6772843796611858, 0.6783140238092977, 0.6795704572720488, 0.6810434484376737, 0.682714788353029, 0.6845622327960565, 0.6865632420844197, 0.6886982740220933, 0.6909534543799045, 0.6933224523926372, 0.6958074508403188, 0.6984191066808652, 0.7011755248665558, 0.7041003517031622, 0.7072202360925562, 0.7105619974170041, 0.7141498766667849, 0.718003185045777, 0.7221344957603162, 0.726548573715298, 0.7312418674638295, 0.7362025620344892, 0.741411025537058, 0.7468405751688407, 0.7524585142190265, 0.7582273072888099, 0.7641060280536887, 0.7700519635805962, 0.7760224891821182, 0.781977167423151, 0.7878800628233236]",50,0.6227250465231765,,0.3303100326002941,0.5757601256471864,0.7878800628233236,,0.7878800628233236,,,,2.9709064960479736,3.0005974769592285,True,0.031023740768432617,0.0013191699981689453,0.0,0.031023740768432617,Results/warm_start_cache/path_graphs_2to12vertices_11instances_AdjacencyList__filehash_01292d61/hog_idx000000_cd0336d2cdf0_noseed_L2_M1_standard.npz,2.9824838638305664,2026-08-03 11:31:09,x86_64,dacsgpu0003,,64,64,3.11.15,0.22,True,False,True,True,1,True,False,True,False,adam,False,hamqaoa,0.005,standard,2,1,scs,1e-06,100000,False,False,False,hog,False,False,False,False,True,False,True,1,HOG_graphs/Exp5/path_graphs_2to12vertices_11instances_AdjacencyList.txt,True,Results/warm_start_cache,512,60,0,32,1,1,0,0,5,0,5,True,_Exp5_subexp1_zeroAngles,1,,0,"[(0, 1)]",[1.0]
49a074e1,6,5,2,50.0,False,True,"[1, 1, 1]",,9.999999929456784,4.999999964728392,2.854182539724741,3.1207042392584947,2.4999999972380893,2.8541825397247425,2.8541825397247425,"[2.8541825397247425, 2.8558891599639558, 2.856282422008451, 2.85623151526391, 2.8558600606487112, 2.8557316285583925, 2.8559525266697596, 2.8562424991218847, 2.856413418308329, 2.8564985351498566, 2.8565013091225913, 2.856418208165991, 2.856319363370916, 2.8563069180198344, 2.856391809260701, 2.856505293665128, 2.8565946142224408, 2.8566530011151237, 2.8566784916419925, 2.8566676927595154, 2.8566484745698206, 2.8566681139155645, 2.856741483808922, 2.856841764907187, 2.8569419790119124, 2.857036821160202, 2.857127622040291, 2.857218358931956, 2.8573274448578068, 2.857478978252386, 2.8576802661541074, 2.857922274766997, 2.8581992829845624, 2.8585204962508746, 2.8589075943928397, 2.8593893592278468, 2.859998888446114, 2.8607702253043232, 2.8617351631657577, 2.862924426269431, 2.8643723029527877, 2.866119719656411, 2.8682110821598066, 2.870688428543487, 2.873588620622319, 2.8769438127968106, 2.8807795187453618, 2.885117912586422, 2.889981112842771, 2.8953870619362996, 2.9013533972493395]",50,0.7623350800546854,,0.09434171504919409,0.8027068000225004,2.9013533972493395,,0.7749341338806996,,,,3.3715298175811768,3.489013910293579,True,0.11887359619140625,0.0013768672943115234,0.0,0.11887359619140625,Results/warm_start_cache/path_graphs_2to12vertices_11instances_AdjacencyList__filehash_01292d61/hog_idx000004_2a8a9b462e5e_noseed_L2_M1_standard.npz,3.3822059631347656,2026-08-03 11:31:09,x86_64,dacsgpu0003,,64,64,3.11.15,0.22,True,False,True,False,,True,True,True,False,adam,False,hamqaoa,0.005,standard,2,1,scs,1e-06,100000,False,False,False,hog,False,False,False,False,True,False,True,1,HOG_graphs/Exp5/path_graphs_2to12vertices_11instances_AdjacencyList.txt,True,Results/warm_start_cache,512,60,0,32,1,1,0,0,5,0,5,True,_Exp5_subexp1_zeroAngles,1,,4,"[(0, 1), (2, 3), (1, 2), (3, 4), (4, 5)]","[1.0, 1.0, 1.0, 1.0, 1.0]"
48c3fced,3,2,2,50.0,False,True,"[1, 1, 1]",,3.9999999095916348,1.9999999547958174,1.3326019525146913,1.2482816615007286,0.9999999975045607,1.3326019525146913,1.3326019525146913,"[1.3326019525146913, 1.3328150247504948, 1.3330574410998437, 1.333377860822012, 1.333671666759548, 1.3338308095590137, 1.3338868550540406, 1.3339272909875268, 1.333977605790376, 1.3340035376025126, 1.3339769655925733, 1.3339211021490551, 1.3338840907604728, 1.333879883329179, 1.333886229924681, 1.333884394106437, 1.3338812119703087, 1.3338946135552894, 1.3339272655574903, 1.3339631439730444, 1.33398700832387, 1.3340004636040133, 1.3340142509509814, 1.3340313751310513, 1.3340435760076217, 1.3340437371425637, 1.3340359714130536, 1.334030020795885, 1.3340288608444268, 1.334027584138884, 1.3340232274131931, 1.3340199295698953, 1.3340226884142052, 1.3340301457045993, 1.3340371870549153, 1.334042286775401, 1.3340483205571716, 1.334056620514019, 1.3340643768976213, 1.3340689856141117, 1.3340718031324357, 1.3340754467988731, 1.3340796898487088, 1.334082717887217, 1.3340849143235645, 1.334088465914236, 1.3340938856299727, 1.334099706294783, 1.3341054850686944, 1.33411245633616, 1.3341209919244807]",50,0.8884013016764608,,0.00303807881957896,0.6682419888398401,1.3341209919244807,,0.8894139946163205,,,,2.4732954502105713,2.514620065689087,True,0.04266190528869629,0.001323699951171875,0.0,0.04266190528869629,Results/warm_start_cache/path_graphs_2to12vertices_11instances_AdjacencyList__filehash_01292d61/hog_idx000001_9f99b1afad88_noseed_L2_M1_standard.npz,2.489682197570801,2026-08-03 11:31:10,x86_64,dacsgpu0003,,64,64,3.11.15,0.21,True,False,True,False,,True,False,True,False,adam,False,hamqaoa,0.005,standard,2,1,scs,1e-06,100000,False,False,False,hog,False,False,False,False,True,False,True,1,HOG_graphs/Exp5/path_graphs_2to12vertices_11instances_AdjacencyList.txt,True,Results/warm_start_cache,512,60,0,32,1,1,0,0,5,0,5,True,_Exp5_subexp1_zeroAngles,1,,1,"[(1, 2), (0, 1)]","[1.0, 1.0]"
68500024,7,6,2,50.0,False,True,"[1, 1, 1]",,11.999999980180059,5.999999990090029,3.5312892900648745,3.744845122768289,2.9999999981276133,3.531289290064873,3.531289290064873,"[3.531289290064873, 3.532051065232483, 3.532374562662869, 3.531950288444534, 3.532123099999339, 3.5324453420367403, 3.532558021546136, 3.532677007093707, 3.5328004876256194, 3.5328222781983234, 3.5328603923424016, 3.5330725644695837, 3.5333789762797467, 3.5336490291878215, 3.5338913050308207, 3.5341871466652597, 3.5345360224664066, 3.5349017911086253, 3.5353085458094857, 3.5358025436895577, 3.536366395771206, 3.5369494671175623, 3.537548286592684, 3.5381928119021193, 3.5388792345254934, 3.53957899130262, 3.5402911243421293, 3.5410316646504754, 3.5417871505289624, 3.542526772635139, 3.5432427245830724, 3.543940774432235, 3.544609585927132, 3.545233261292659, 3.5458154712236922, 3.546366298259044, 3.5468846992818577, 3.5473703649310213, 3.547836981816148, 3.5483038379861305, 3.548786345908012, 3.5492991660675384, 3.549859916593198, 3.550484440331315, 3.5511810022675956, 3.551951082554677, 3.5527930937172694, 3.5537046896518016, 3.554683099989522, 3.555727125730845, 3.5568405458699117]",50,0.8144117366385777,,0.05110251161007717,1.1136810954845968,3.5568405458699117,,0.8203045539367877,,,,3.954969882965088,4.093371868133545,True,0.14009380340576172,0.0016770362854003906,0.0,0.14009380340576172,Results/warm_start_cache/path_graphs_2to12vertices_11instances_AdjacencyList__filehash_01292d61/hog_idx000005_800a0f5af338_noseed_L2_M1_standard.npz,3.9794554710388184,2026-08-03 11:31:10,x86_64,dacsgpu0003,,64,64,3.11.15,0.24,True,False,True,False,,True,True,True,False,adam,False,hamqaoa,0.005,standard,2,1,scs,1e-06,100000,False,False,False,hog,False,False,False,False,True,False,True,1,HOG_graphs/Exp5/path_graphs_2to12vertices_11instances_AdjacencyList.txt,True,Results/warm_start_cache,512,60,0,32,1,1,0,0,5,0,5,True,_Exp5_subexp1_zeroAngles,1,,5,"[(0, 1), (2, 3), (1, 2), (5, 6), (3, 4), (4, 5)]","[1.0, 1.0, 1.0, 1.0, 1.0, 1.0]"
b5f3b412,5,4,1,50.0,False,True,"[1, 1, 1]",,7.999999995015326,3.999999997507663,2.262108815100751,2.496563419704892,1.9999999998203295,2.2621088151007496,2.2621088151007496,"[2.2621088151007496, 2.2624326886762787, 2.2627986263099893, 2.2628929767525894, 2.2628645773017153, 2.262830929728943, 2.262782264381221, 2.26272738683815, 2.2627149618143854, 2.262763597009237, 2.2628356458972996, 2.2628880384255763, 2.262909774994904, 2.2629164457062023, 2.262917598794518, 2.2629084066008454, 2.262887071438719, 2.2628660507067337, 2.262861881153213, 2.2628769175974632, 2.2628988846078673, 2.2629157097458172, 2.262925568734234, 2.262932097187136, 2.2629350844670473, 2.2629312264743864, 2.2629216239928605, 2.262913612021777, 2.2629133938830472, 2.2629197631021705, 2.2629271491416882, 2.2629326071730134, 2.262937085719723, 2.2629409123884727, 2.262941959700238, 2.2629392204305425, 2.2629354335054797, 2.262934269404065, 2.262936234448662, 2.26293924111256, 2.262942015239289, 2.262944833448443, 2.262947395201741, 2.2629483608281786, 2.26294748382486, 2.262946447038095, 2.262946751858636, 2.26294812085253, 2.2629496728647447, 2.262951398916034, 2.2629534877046242]",50,0.7725781472338625,,0.0016893452077493265,0.5259069757685895,2.2629534877046242,,0.7728666283144209,,,,1.9917261600494385,2.1027727127075195,True,0.11250066757202148,0.0014395713806152344,0.0,0.11250066757202148,Results/warm_start_cache/path_graphs_2to12vertices_11instances_AdjacencyList__filehash_01292d61/hog_idx000003_3fe097836279_noseed_L2_M1_standard.npz,2.0054163932800293,2026-08-03 11:31:11,x86_64,dacsgpu0003,,64,64,3.11.15,0.21,True,False,True,False,,True,True,True,False,adam,False,hamqaoa,0.005,standard,2,1,scs,1e-06,100000,False,False,False,hog,False,False,False,False,True,False,True,1,HOG_graphs/Exp5/path_graphs_2to12vertices_11instances_AdjacencyList.txt,True,Results/warm_start_cache,512,60,0,32,1,1,0,0,5,0,5,True,_Exp5_subexp1_zeroAngles,1,,3,"[(1, 2), (3, 4), (0, 1), (2, 3)]","[1.0, 1.0, 1.0, 1.0]"
e13a81af,8,7,1,50.0,False,True,"[1, 1, 1]",,13.999999995553166,6.999999997776583,4.249242566445898,4.368985986835748,3.4999999998284275,4.249242566445897,4.249242566445897,"[4.249242566445897, 4.249396604577653, 4.249777155322817, 4.250059316912615, 4.250101462925114, 4.2499828496035885, 4.249890401404219, 4.249883201893279, 4.2499199617457215, 4.249971059879429, 4.250033002737211, 4.250103085550282, 4.250164052460216, 4.250192125642835, 4.2501819423169716, 4.250157081399943, 4.250146009169006, 4.2501547813950635, 4.250172797595256, 4.250194490652085, 4.250224105631351, 4.250262840468191, 4.250301638196059, 4.250329749746432, 4.250346753969317, 4.250361750059562, 4.250381043292313, 4.250402713394088, 4.250424640537055, 4.250450645844387, 4.250484574350226, 4.25052336432031, 4.2505612260568135, 4.2505975743353765, 4.250635909447881, 4.250676756683155, 4.250717789741201, 4.250759963356073, 4.250807504276247, 4.2508618019954785, 4.2509211741085995, 4.250985952174295, 4.251058634111207, 4.251139557688177, 4.251227451984324, 4.2513232524162845, 4.2514294470058775, 4.251546721458056, 4.251675253700525, 4.251817345184338, 4.2519757324963905]",50,0.8291205007699312,,0.005466332100986904,1.503951465335926,4.2519757324963905,,0.8296538014627104,,,,3.9472405910491943,4.108324766159058,True,0.1644444465637207,0.0033457279205322266,0.0,0.1644444465637207,Results/warm_start_cache/path_graphs_2to12vertices_11instances_AdjacencyList__filehash_01292d61/hog_idx000006_749a375e0266_noseed_L2_M1_standard.npz,3.964348793029785,2026-08-03 11:31:11,x86_64,dacsgpu0003,,64,64,3.11.15,0.23,True,False,True,False,,True,True,True,False,adam,False,hamqaoa,0.005,standard,2,1,scs,1e-06,100000,False,False,False,hog,False,False,False,False,True,False,True,1,HOG_graphs/Exp5/path_graphs_2to12vertices_11instances_AdjacencyList.txt,True,Results/warm_start_cache,512,60,0,32,1,1,0,0,5,0,5,True,_Exp5_subexp1_zeroAngles,1,,6,"[(0, 1), (2, 3), (1, 2), (5, 6), (3, 4), (4, 5), (6, 7)]","[1.0, 1.0, 1.0, 1.0, 1.0, 1.0, 1.0]"
332add8e,6,5,3,50.0,False,True,"[1, 1, 1]",,9.999999929456784,4.999999964728392,2.854182539724741,3.1207042392584947,2.4999999972380893,2.8541825397247425,2.8541825397247425,"[2.8541825397247425, 2.8558757535238035, 2.856083475364374, 2.855462764973052, 2.8555369665927413, 2.8561105900512382, 2.8564247328890358, 2.856455191889341, 2.8563889111927594, 2.856252380930525, 2.8561984727384147, 2.8563811673309876, 2.8566295186871464, 2.856735999308693, 2.856734543239965, 2.8567242407839757, 2.8567167258222117, 2.856750268730464, 2.8568834737759157, 2.8570633159434697, 2.85718592930074, 2.8572548696073166, 2.8573365398810777, 2.857447788546424, 2.8575943076801114, 2.8578020327572466, 2.858050329516031, 2.8582933297740576, 2.8585463075441977, 2.8588553259218195, 2.8592349622827813, 2.85969743779767, 2.860270126345281, 2.86096292104731, 2.8617833033070874, 2.8627729830775124, 2.8639893180104123, 2.8654800220652605, 2.8672918657533106, 2.8694802020948025, 2.872108939677238, 2.8752574177624552, 2.8790273232230383, 2.883534693563671, 2.888896708089752, 2.8952209472086956, 2.9025995566847786, 2.9111047048769207, 2.920784270274846, 2.9316566386419556, 2.943704437860597]",50,0.7623350800546854,,0.17904379627170908,0.8874088812450154,2.943704437860597,,0.7862458434456723,,,,5.885126113891602,6.002456903457642,True,0.11887359619140625,0.0015294551849365234,0.0,0.11887359619140625,Results/warm_start_cache/path_graphs_2to12vertices_11instances_AdjacencyList__filehash_01292d61/hog_idx000004_2a8a9b462e5e_noseed_L2_M1_standard.npz,5.892153263092041,2026-08-03 11:31:12,x86_64,dacsgpu0003,,64,64,3.11.15,0.23,True,False,True,False,,True,True,True,False,adam,False,hamqaoa,0.005,standard,2,1,scs,1e-06,100000,False,False,False,hog,False,False,False,False,True,False,True,1,HOG_graphs/Exp5/path_graphs_2to12vertices_11instances_AdjacencyList.txt,True,Results/warm_start_cache,512,60,0,32,1,1,0,0,5,0,5,True,_Exp5_subexp1_zeroAngles,1,,4,"[(0, 1), (2, 3), (1, 2), (3, 4), (4, 5)]","[1.0, 1.0, 1.0, 1.0, 1.0]"
4f5b73fb,3,2,3,50.0,False,True,"[1, 1, 1]",,3.9999999095916348,1.9999999547958174,1.3326019525146913,1.2482816615007286,0.9999999975045607,1.3326019525146913,1.3326019525146913,"[1.3326019525146913, 1.3323637510318425, 1.332926329277825, 1.333509882309114, 1.3336637030936296, 1.3337017599970016, 1.3338580702743787, 1.3340053973813915, 1.3339889705480152, 1.3338642113723482, 1.333800299645901, 1.3338208792308914, 1.3338320005285849, 1.3337940676402222, 1.3337664122014135, 1.3338037734779156, 1.3338787074255607, 1.3339302692479778, 1.3339450658973422, 1.333960399912478, 1.3339978785356932, 1.3340327711489983, 1.334034861413753, 1.3340128117720236, 1.3339988863392906, 1.3340014604643562, 1.3340008713037153, 1.333987371520154, 1.3339772969549764, 1.3339857085627207, 1.3340034100568903, 1.3340138995897406, 1.3340183335521256, 1.3340285532368448, 1.334044071814986, 1.3340529396734149, 1.3340521542376242, 1.3340514339941505, 1.3340557457891569, 1.3340589185973164, 1.3340577680453913, 1.334058899717882, 1.3340666683013476, 1.334076263965286, 1.3340837791884077, 1.3340927946953418, 1.3341058523562814, 1.3341191085284514, 1.3341301544272306, 1.334142417123563, 1.3341580571200966]",50,0.8884013016764608,,0.003112209210810679,0.6683161192310718,1.3341580571200966,,0.889438704746731,,,,4.35064959526062,4.391145944595337,True,0.04266190528869629,0.002153158187866211,0.0,0.04266190528869629,Results/warm_start_cache/path_graphs_2to12vertices_11instances_AdjacencyList__filehash_01292d61/hog_idx000001_9f99b1afad88_noseed_L2_M1_standard.npz,4.367898225784302,2026-08-03 11:31:12,x86_64,dacsgpu0003,,64,64,3.11.15,0.22,True,False,True,False,,True,False,True,False,adam,False,hamqaoa,0.005,standard,2,1,scs,1e-06,100000,False,False,False,hog,False,False,False,False,True,False,True,1,HOG_graphs/Exp5/path_graphs_2to12vertices_11instances_AdjacencyList.txt,True,Results/warm_start_cache,512,60,0,32,1,1,0,0,5,0,5,True,_Exp5_subexp1_zeroAngles,1,,1,"[(1, 2), (0, 1)]","[1.0, 1.0]"
62626c51,5,4,2,50.0,False,True,"[1, 1, 1]",,7.999999995015326,3.999999997507663,2.262108815100751,2.496563419704892,1.9999999998203295,2.2621088151007496,2.2621088151007496,"[2.2621088151007496, 2.2622190522152126, 2.262894863046018, 2.262496014003741, 2.2622574166517815, 2.2625220935086934, 2.262812996079225, 2.262854203830964, 2.262752978763697, 2.2627145747096944, 2.262761326353611, 2.2628058980182137, 2.2627982115211314, 2.262784315586083, 2.262822314444383, 2.262890614770333, 2.2629228210136207, 2.262890404489647, 2.262835898207666, 2.2628246680999182, 2.2628707382885196, 2.262928558976831, 2.2629480464279172, 2.2629248931230648, 2.26289739392577, 2.262898496094955, 2.262923542005242, 2.2629457328138054, 2.2629505815102764, 2.2629480800566877, 2.2629533825011454, 2.2629664834214216, 2.2629765718436725, 2.2629800531870634, 2.2629864768261334, 2.2630051732573673, 2.263032312859461, 2.263056790122619, 2.263075831519517, 2.2630992370540306, 2.2631376648856625, 2.263191551095328, 2.2632549253727183, 2.2633272865023235, 2.2634182892182277, 2.2635420383209155, 2.263711072919783, 2.2639377247747445, 2.2642401792343407, 2.264646093055078, 2.2651929737590484]",50,0.7725781472338625,,0.006168317316597616,0.5303859478774378,2.2651929737590484,,0.7736314801089647,,,,3.555384397506714,3.6665446758270264,True,0.11250066757202148,0.0013270378112792969,0.0,0.11250066757202148,Results/warm_start_cache/path_graphs_2to12vertices_11instances_AdjacencyList__filehash_01292d61/hog_idx000003_3fe097836279_noseed_L2_M1_standard.npz,3.5700430870056152,2026-08-03 11:31:12,x86_64,dacsgpu0003,,64,64,3.11.15,0.22,True,False,True,False,,True,True,True,False,adam,False,hamqaoa,0.005,standard,2,1,scs,1e-06,100000,False,False,False,hog,False,False,False,False,True,False,True,1,HOG_graphs/Exp5/path_graphs_2to12vertices_11instances_AdjacencyList.txt,True,Results/warm_start_cache,512,60,0,32,1,1,0,0,5,0,5,True,_Exp5_subexp1_zeroAngles,1,,3,"[(1, 2), (3, 4), (0, 1), (2, 3)]","[1.0, 1.0, 1.0, 1.0]"
42c470e5,4,3,2,50.0,False,True,"[1, 1, 1]",,5.999999977047764,2.999999988523882,1.897560333542054,1.8724225542106745,1.4999999948554716,1.897560333542055,1.8975603335420541,"[1.8975603335420541, 1.8984982407765794, 1.8983485933496822, 1.8981613237184303, 1.8982959358455038, 1.8985252189042956, 1.8986583961248196, 1.8986822411152025, 1.8986609383005737, 1.8986615479958493, 1.8987276455307052, 1.8988465760569941, 1.898976427993315, 1.8990789586915031, 1.8991400785042885, 1.899184549085593, 1.899257888031486, 1.8993853130847702, 1.8995588986366834, 1.8997551732941202, 1.899956872407589, 1.9001650626176336, 1.9003977598373023, 1.9006770969771871, 1.9010163039307288, 1.9014170859684898, 1.901877308053379, 1.902401186811455, 1.9030043316811243, 1.9037105708547717, 1.9045448032594194, 1.9055285841904106, 1.9066802527881652, 1.9080167802915202, 1.90955513112207, 1.9113122910163423, 1.9133043678179176, 1.915545593717559, 1.918047829286673, 1.9208206035999678, 1.9238711802483521, 1.927204076410475, 1.9308197027729215, 1.9347126759994788, 1.938870486748407, 1.9432731404644499, 1.9478934448806464, 1.9526973042167837, 1.957643533644536, 1.9626833847692076, 1.9677605057751382]",50,0.8020119752925,,0.14040034446616634,0.9355210218393331,1.9677605057751382,,0.8316823777578775,,,,3.208853244781494,3.3118896484375,True,0.10436320304870605,0.0013141632080078125,0.0,0.10436320304870605,Results/warm_start_cache/path_graphs_2to12vertices_11instances_AdjacencyList__filehash_01292d61/hog_idx000002_f26a0b535d4f_noseed_L2_M1_standard.npz,3.229846239089966,2026-08-03 11:31:14,x86_64,dacsgpu0003,,64,64,3.11.15,0.22,True,False,True,False,,True,True,True,False,adam,False,hamqaoa,0.005,standard,2,1,scs,1e-06,100000,False,False,False,hog,False,False,False,False,True,False,True,1,HOG_graphs/Exp5/path_graphs_2to12vertices_11instances_AdjacencyList.txt,True,Results/warm_start_cache,512,60,0,32,1,1,0,0,5,0,5,True,_Exp5_subexp1_zeroAngles,1,,2,"[(1, 2), (0, 1), (2, 3)]","[1.0, 1.0, 1.0]"
56a1827c,7,6,3,50.0,False,True,"[1, 1, 1]",,11.999999980180059,5.999999990090029,3.5312892900648745,3.744845122768289,2.9999999981276133,3.531289290064873,3.531289290064873,"[3.531289290064873, 3.5315030451285514, 3.531723451780413, 3.5314589601159936, 3.5324214157010623, 3.5328805921209425, 3.53258574515362, 3.532665342393892, 3.533108978260523, 3.533416556456116, 3.5337347730490443, 3.5343035223706227, 3.5349132248318074, 3.5353536961507546, 3.5358013148884573, 3.5365078955840943, 3.5373925177411607, 3.5382522092548734, 3.5390721663509, 3.5399660160635404, 3.5409143074483387, 3.541794044982832, 3.5425861066570703, 3.5433723427926886, 3.5441483044823805, 3.5448031307044885, 3.545281688636322, 3.54563574384513, 3.545903551885219, 3.546063145206854, 3.546129768426753, 3.5461884451682306, 3.5462996439867567, 3.54645965123672, 3.5466694319232195, 3.5469680616293733, 3.5473773174503984, 3.547872613690107, 3.548428367455538, 3.5490443774963363, 3.5497158894449354, 3.550422452959605, 3.551161793572703, 3.551961688036903, 3.552851646569993, 3.553853246181079, 3.555001352488974, 3.5563513853406046, 3.55796282163423, 3.5598932912255568, 3.5622101551958862]",50,0.8144117366385777,,0.06184173026202622,1.1244203141365459,3.5622101551958862,,0.8215429324713759,,,,7.364456653594971,7.503170967102051,True,0.14009380340576172,0.001367330551147461,0.0,0.14009380340576172,Results/warm_start_cache/path_graphs_2to12vertices_11instances_AdjacencyList__filehash_01292d61/hog_idx000005_800a0f5af338_noseed_L2_M1_standard.npz,7.378558158874512,2026-08-03 11:31:14,x86_64,dacsgpu0003,,64,64,3.11.15,0.24,True,False,True,False,,True,True,True,False,adam,False,hamqaoa,0.005,standard,2,1,scs,1e-06,100000,False,False,False,hog,False,False,False,False,True,False,True,1,HOG_graphs/Exp5/path_graphs_2to12vertices_11instances_AdjacencyList.txt,True,Results/warm_start_cache,512,60,0,32,1,1,0,0,5,0,5,True,_Exp5_subexp1_zeroAngles,1,,5,"[(0, 1), (2, 3), (1, 2), (5, 6), (3, 4), (4, 5)]","[1.0, 1.0, 1.0, 1.0, 1.0, 1.0]"
699f401f,8,7,2,50.0,False,True,"[1, 1, 1]",,13.999999995553166,6.999999997776583,4.249242566445898,4.368985986835748,3.4999999998284275,4.249242566445897,4.249242566445897,"[4.249242566445897, 4.248002071654805, 4.2495845360134865, 4.250122162916787, 4.249655687906881, 4.249625052407961, 4.249996163281591, 4.250136296804053, 4.250033074232825, 4.250101584775233, 4.250425378627487, 4.250754271241428, 4.250882049213042, 4.250885500476613, 4.250984354529358, 4.251233316986783, 4.251514324593607, 4.251751576264141, 4.252013892608327, 4.252392656307581, 4.252866838122686, 4.253348070919067, 4.25381068257841, 4.254326853356834, 4.254968670434716, 4.255730842244126, 4.256573262036687, 4.257493765296923, 4.258531954060684, 4.259719160200877, 4.261051876341182, 4.2625168296595195, 4.264124042977503, 4.26590408587232, 4.2678805572507095, 4.2700567443548545, 4.272427673214786, 4.274996215881129, 4.27777519869683, 4.280777659215514, 4.28401037469435, 4.2874761847943015, 4.291180286806664, 4.295134507323413, 4.299357311244102, 4.303872183995292, 4.308705636413628, 4.313884647655468, 4.31943312319483, 4.325367874653135, 4.331695377651668]",50,0.8291205007699312,,0.16490562241154194,1.663390755646481,4.331695377651668,,0.8452088541759353,,,,7.031035661697388,7.193644285202026,True,0.1644444465637207,0.0018231868743896484,0.0,0.1644444465637207,Results/warm_start_cache/path_graphs_2to12vertices_11instances_AdjacencyList__filehash_01292d61/hog_idx000006_749a375e0266_noseed_L2_M1_standard.npz,7.043182849884033,2026-08-03 11:31:14,x86_64,dacsgpu0003,,64,64,3.11.15,0.25,True,False,True,False,,True,True,True,False,adam,False,hamqaoa,0.005,standard,2,1,scs,1e-06,100000,False,False,False,hog,False,False,False,False,True,False,True,1,HOG_graphs/Exp5/path_graphs_2to12vertices_11instances_AdjacencyList.txt,True,Results/warm_start_cache,512,60,0,32,1,1,0,0,5,0,5,True,_Exp5_subexp1_zeroAngles,1,,6,"[(0, 1), (2, 3), (1, 2), (5, 6), (3, 4), (4, 5), (6, 7)]","[1.0, 1.0, 1.0, 1.0, 1.0, 1.0, 1.0]"
49a00e54,9,8,1,50.0,False,True,"[1, 1, 1]",,15.999999697631566,7.999999848815783,4.783759279248845,4.993126678595398,3.999999983221408,4.783759279248848,4.783759279248848,"[4.783759279248848, 4.784993834471383, 4.786264062330023, 4.787038634412012, 4.7872729141318455, 4.787267482084637, 4.787155340884877, 4.786951137813481, 4.7867347697571185, 4.786631234760202, 4.786691537417454, 4.786855619124766, 4.78703317395433, 4.787179321415036, 4.787298807803466, 4.78739499933255, 4.787447684121147, 4.787439395439746, 4.787384160619818, 4.787323376633198, 4.7872907113215035, 4.787290863335025, 4.787312641545541, 4.787349857673164, 4.787404324128436, 4.7874717313666, 4.787535196485311, 4.7875782455939575, 4.787599746980238, 4.787611284865818, 4.78762214174345, 4.78763334898581, 4.787645224155809, 4.78766405613916, 4.787696411066019, 4.787740348615955, 4.787787457506889, 4.787832237453223, 4.787875203637949, 4.787917144051094, 4.787955925512511, 4.787990744554045, 4.788025722065815, 4.788065957669311, 4.7881124181328065, 4.788163335227864, 4.788218697812833, 4.788279588494522, 4.788344739043577, 4.788411202310617, 4.788477985069665]",50,0.8339887167449177,,0.009437411641634696,1.5769560036965142,4.788477985069665,,0.8348113642032192,,,,9.040849924087524,9.215606212615967,True,0.17698335647583008,0.002213716506958008,0.0,0.17698335647583008,Results/warm_start_cache/path_graphs_2to12vertices_11instances_AdjacencyList__filehash_01292d61/hog_idx000007_7fe36149e5ca_noseed_L2_M1_standard.npz,9.047531604766846,2026-08-03 11:31:15,x86_64,dacsgpu0003,,64,64,3.11.15,0.3,True,False,True,False,,True,True,True,False,adam,False,hamqaoa,0.005,standard,2,1,scs,1e-06,100000,False,False,False,hog,False,False,False,False,True,False,True,1,HOG_graphs/Exp5/path_graphs_2to12vertices_11instances_AdjacencyList.txt,True,Results/warm_start_cache,512,60,0,32,1,1,0,0,5,0,5,True,_Exp5_subexp1_zeroAngles,1,,7,"[(0, 1), (2, 3), (1, 2), (5, 6), (3, 4), (7, 8), (4, 5), (6, 7)]","[1.0, 1.0, 1.0, 1.0, 1.0, 1.0, 1.0, 1.0]"
fbbea57d,4,3,3,50.0,False,True,"[1, 1, 1]",,5.999999977047764,2.999999988523882,1.897560333542054,1.8724225542106745,1.4999999948554716,1.897560333542055,1.8975603335420541,"[1.8975603335420541, 1.8984654715948037, 1.897993519121173, 1.8982051380035092, 1.8985675713156445, 1.898666919551587, 1.8986059502317227, 1.8985839096118395, 1.89871382148865, 1.8989285571386825, 1.899112244457812, 1.8992028149939657, 1.8992552001505127, 1.8993849107232366, 1.8996310910101246, 1.8999533830184079, 1.9003049081906436, 1.9006765391973754, 1.901099120704252, 1.9016173320721903, 1.9022620449982837, 1.903045396883099, 1.9039768722534973, 1.9050804806785675, 1.9063981404979142, 1.907980370374339, 1.9098764191678206, 1.9121300511584824, 1.9147785208628822, 1.917852907774002, 1.9213779834872147, 1.925370544349274, 1.92983593292585, 1.934763025708968, 1.9401194739791432, 1.945848065927338, 1.9518649700202872, 1.9580598640429967, 1.964298615951451, 1.9704296540337158, 1.9762953394708391, 1.9817477127969017, 1.9866618201464676, 1.9909383115936405, 1.9945005168652878, 1.997300674365572, 1.9993341364120454, 2.0006518072565607, 2.0013629618900386, 2.0016266651331254, 2.0016339870509388]",50,0.8020119752925,,0.2081473070177675,1.0032679843909342,2.0016339870509388,,0.8459991492184863,,,,4.402764558792114,4.505834102630615,True,0.10436320304870605,0.0012807846069335938,0.0,0.10436320304870605,Results/warm_start_cache/path_graphs_2to12vertices_11instances_AdjacencyList__filehash_01292d61/hog_idx000002_f26a0b535d4f_noseed_L2_M1_standard.npz,4.426147222518921,2026-08-03 11:31:15,x86_64,dacsgpu0003,,64,64,3.11.15,0.22,True,False,True,False,,True,True,True,False,adam,False,hamqaoa,0.005,standard,2,1,scs,1e-06,100000,False,False,False,hog,False,False,False,False,True,False,True,1,HOG_graphs/Exp5/path_graphs_2to12vertices_11instances_AdjacencyList.txt,True,Results/warm_start_cache,512,60,0,32,1,1,0,0,5,0,5,True,_Exp5_subexp1_zeroAngles,1,,2,"[(1, 2), (0, 1), (2, 3)]","[1.0, 1.0, 1.0]"
2f2544d3,8,7,3,50.0,False,True,"[1, 1, 1]",,13.999999995553166,6.999999997776583,4.249242566445898,4.368985986835748,3.4999999998284275,4.249242566445897,4.249242566445897,"[4.249242566445897, 4.2450610087340115, 4.249384239484919, 4.249568451195555, 4.248181386303775, 4.248857053808946, 4.2501802849364845, 4.250404684387763, 4.2497920074192574, 4.249734205397002, 4.2505115350613005, 4.25134848294277, 4.2516163397521645, 4.251509795803203, 4.251667690782198, 4.252294645671854, 4.253038839745078, 4.2535557376861926, 4.2539305619988275, 4.254500284794394, 4.255371315841362, 4.256320143582794, 4.257117983051736, 4.257812209247038, 4.258632387605575, 4.259676449134318, 4.26081995369015, 4.261911890748971, 4.262952689974925, 4.264048364114618, 4.265240959705436, 4.266454500895958, 4.267607488129732, 4.268724637197833, 4.269904222304511, 4.271202204619355, 4.272599971783043, 4.274083989375624, 4.275709573778229, 4.277563069581823, 4.279689482044702, 4.2820865151850995, 4.284754610116567, 4.287726571658362, 4.291046011072344, 4.294736739184601, 4.298805649856474, 4.303271301491139, 4.308178759544779, 4.3135851132345016, 4.319537112099572]",50,0.8291205007699312,,0.14058909130734953,1.6390742245422887,4.319537112099572,,0.8428365096779652,,,,10.509296655654907,10.671918630599976,True,0.1644444465637207,0.0018079280853271484,0.0,0.1644444465637207,Results/warm_start_cache/path_graphs_2to12vertices_11instances_AdjacencyList__filehash_01292d61/hog_idx000006_749a375e0266_noseed_L2_M1_standard.npz,10.53452205657959,2026-08-03 11:31:18,x86_64,dacsgpu0003,,64,64,3.11.15,0.26,True,False,True,False,,True,True,True,False,adam,False,hamqaoa,0.005,standard,2,1,scs,1e-06,100000,False,False,False,hog,False,False,False,False,True,False,True,1,HOG_graphs/Exp5/path_graphs_2to12vertices_11instances_AdjacencyList.txt,True,Results/warm_start_cache,512,60,0,32,1,1,0,0,5,0,5,True,_Exp5_subexp1_zeroAngles,1,,6,"[(0, 1), (2, 3), (1, 2), (5, 6), (3, 4), (4, 5), (6, 7)]","[1.0, 1.0, 1.0, 1.0, 1.0, 1.0, 1.0]"
34acf34b,9,8,2,50.0,False,True,"[1, 1, 1]",,15.999999697631566,7.999999848815783,4.783759279248845,4.993126678595398,3.999999983221408,4.783759279248848,4.783759279248848,"[4.783759279248848, 4.784701112722858, 4.78699236992699, 4.787174304526863, 4.786050612326217, 4.785540407647887, 4.785936387500996, 4.786620518802179, 4.787074393507183, 4.787181060425904, 4.78711443826948, 4.78701579811737, 4.7869132795760505, 4.7868334251181315, 4.786834413397963, 4.786958997106759, 4.78717267695161, 4.787358748812491, 4.787404130925111, 4.78730162102059, 4.787159870263817, 4.7871003854491585, 4.787152923457131, 4.787256371666974, 4.787337797583265, 4.787372652654484, 4.787376869549553, 4.787366899485039, 4.7873449212461985, 4.787317331802779, 4.787308208824432, 4.787338749681039, 4.787397223185658, 4.787444848464389, 4.78745438486046, 4.78743708118737, 4.787427289139174, 4.787446273002284, 4.787488621827316, 4.78753960734277, 4.787593822907877, 4.787654059410796, 4.787721907477644, 4.787798713170771, 4.787894274419081, 4.788024807825243, 4.788200085068137, 4.7884174201211875, 4.788671183405551, 4.78896563500347, 4.789315214524508]",50,0.8339887167449177,,0.01111187055131957,1.578630462606199,4.789315214524508,,0.8349573247078989,,,,12.547823905944824,12.7223219871521,True,0.17698335647583008,0.002469778060913086,0.0,0.17698335647583008,Results/warm_start_cache/path_graphs_2to12vertices_11instances_AdjacencyList__filehash_01292d61/hog_idx000007_7fe36149e5ca_noseed_L2_M1_standard.npz,12.554830551147461,2026-08-03 11:31:19,x86_64,dacsgpu0003,,64,64,3.11.15,0.36,True,False,True,False,,True,True,True,False,adam,False,hamqaoa,0.005,standard,2,1,scs,1e-06,100000,False,False,False,hog,False,False,False,False,True,False,True,1,HOG_graphs/Exp5/path_graphs_2to12vertices_11instances_AdjacencyList.txt,True,Results/warm_start_cache,512,60,0,32,1,1,0,0,5,0,5,True,_Exp5_subexp1_zeroAngles,1,,7,"[(0, 1), (2, 3), (1, 2), (5, 6), (3, 4), (7, 8), (4, 5), (6, 7)]","[1.0, 1.0, 1.0, 1.0, 1.0, 1.0, 1.0, 1.0]"
387075ee,5,4,3,50.0,False,True,"[1, 1, 1]",,7.999999995015326,3.999999997507663,2.262108815100751,2.496563419704892,1.9999999998203295,2.2621088151007496,2.2621088151007496,"[2.2621088151007496, 2.2614678782408917, 2.262559769057692, 2.2619221863508123, 2.261814412795525, 2.2624909200280494, 2.2629001729176874, 2.2626612505067114, 2.2622876544106214, 2.262322067382091, 2.262664160018813, 2.262917455545896, 2.2628726861932207, 2.262672476406004, 2.26258673006102, 2.26269220340163, 2.2628515053644165, 2.262910598212471, 2.2628560458532325, 2.262793943412901, 2.262805214624328, 2.262867736390639, 2.2629109510193848, 2.2629074348875293, 2.2628933627532137, 2.262906999979264, 2.2629401243251746, 2.262960191539232, 2.262959079159914, 2.2629633404027474, 2.2629954599492237, 2.2630422776007126, 2.2630750875125583, 2.263091141666024, 2.263119142925716, 2.263182816339517, 2.2632741414611357, 2.263372475880085, 2.2634814284764104, 2.26363468946964, 2.2638668064627026, 2.264193200528705, 2.2646276999678947, 2.265213049101685, 2.266027312551823, 2.2671713226880197, 2.2687639589187327, 2.2709505234562166, 2.273910449017999, 2.2778499635864304, 2.282993843027032]",50,0.7725781472338625,,0.04177005585256488,0.565987686413405,2.282993843027032,,0.7797110119627841,,,,4.64357328414917,4.754695892333984,True,0.11250066757202148,0.0013647079467773438,0.0,0.11250066757202148,Results/warm_start_cache/path_graphs_2to12vertices_11instances_AdjacencyList__filehash_01292d61/hog_idx000003_3fe097836279_noseed_L2_M1_standard.npz,4.656343221664429,2026-08-03 11:31:21,x86_64,dacsgpu0003,,64,64,3.11.15,0.22,True,False,True,False,,True,True,True,False,adam,False,hamqaoa,0.005,standard,2,1,scs,1e-06,100000,False,False,False,hog,False,False,False,False,True,False,True,1,HOG_graphs/Exp5/path_graphs_2to12vertices_11instances_AdjacencyList.txt,True,Results/warm_start_cache,512,60,0,32,1,1,0,0,5,0,5,True,_Exp5_subexp1_zeroAngles,1,,3,"[(1, 2), (3, 4), (0, 1), (2, 3)]","[1.0, 1.0, 1.0, 1.0]"
43d9f4c3,9,8,3,50.0,False,True,"[1, 1, 1]",,15.999999697631566,7.999999848815783,4.783759279248845,4.993126678595398,3.999999983221408,4.783759279248848,4.783759279248848,"[4.783759279248848, 4.78287381407066, 4.78645361531491, 4.78641747823978, 4.784541710313747, 4.784409372708213, 4.785803557398967, 4.7871149233954045, 4.787365765120418, 4.78668831281001, 4.786002618324171, 4.785974195867196, 4.786511672033299, 4.787121192591866, 4.7873843256923525, 4.787229626131859, 4.7869109916411965, 4.78674093412202, 4.786846555892657, 4.7871304552880245, 4.787389566625995, 4.787477111245633, 4.787396267118945, 4.787276548179637, 4.78726473026421, 4.787411224995927, 4.78764131199564, 4.787833842924431, 4.7879290521082805, 4.787977732123039, 4.788093318032781, 4.788348870868299, 4.788718880895344, 4.789122634574239, 4.789516705515943, 4.7899471310913775, 4.790512743946449, 4.791282694496411, 4.792260770849035, 4.793425236654426, 4.794790517249773, 4.796429815701914, 4.798446243234242, 4.800933764814059, 4.80397320057463, 4.807661298115964, 4.8121334186282265, 4.817556000727365, 4.8241017031471545, 4.831932386810456, 4.841194582472747]",50,0.8339887167449177,,0.11487060644779845,1.682389198502678,4.841194582472747,,0.8440018449220271,,,,15.53655743598938,15.710798740386963,True,0.17698335647583008,0.0027272701263427734,0.0,0.17698335647583008,Results/warm_start_cache/path_graphs_2to12vertices_11instances_AdjacencyList__filehash_01292d61/hog_idx000007_7fe36149e5ca_noseed_L2_M1_standard.npz,15.54581618309021,2026-08-03 11:31:22,x86_64,dacsgpu0003,,64,64,3.11.15,0.42,True,False,True,False,,True,True,True,False,adam,False,hamqaoa,0.005,standard,2,1,scs,1e-06,100000,False,False,False,hog,False,False,False,False,True,False,True,1,HOG_graphs/Exp5/path_graphs_2to12vertices_11instances_AdjacencyList.txt,True,Results/warm_start_cache,512,60,0,32,1,1,0,0,5,0,5,True,_Exp5_subexp1_zeroAngles,1,,7,"[(0, 1), (2, 3), (1, 2), (5, 6), (3, 4), (7, 8), (4, 5), (6, 7)]","[1.0, 1.0, 1.0, 1.0, 1.0, 1.0, 1.0, 1.0]"
8b267408,10,9,1,50.0,False,True,"[1, 1, 1]",,17.999999999168562,8.999999999584281,4.6293582917482174,5.617267700032851,4.499999999708586,4.6293582917482246,4.6293582917482246,"[4.6293582917482246, 4.631655296586908, 4.633549670690465, 4.635257004468786, 4.636725344573929, 4.637932253871025, 4.638869375937291, 4.639536363388814, 4.6399401855373, 4.640098845922712, 4.640049476676091, 4.639854887069028, 4.639597107375123, 4.6393554509183215, 4.639185328974387, 4.639112778455709, 4.6391407485013465, 4.639257588239296, 4.639443031746226, 4.639672828191066, 4.639921735894853, 4.640166078196744, 4.6403854880589455, 4.640564430061973, 4.640693791879295, 4.640771884830359, 4.640804931471926, 4.64080600887181, 4.640792262292724, 4.640781275296296, 4.640787411525961, 4.640819431363509, 4.640879667525893, 4.6409648599376405, 4.641067715072687, 4.641178723399324, 4.6412880030648145, 4.641386936107818, 4.64146957729594, 4.64153370982051, 4.641581115641112, 4.641617121579275, 4.641649139097233, 4.641684746856078, 4.641729516709446, 4.641785836222917, 4.641852592944009, 4.641925880573085, 4.6420005276954095, 4.6420716886818445, 4.6421361622009165]",50,0.7113334806005263,,0.025555740905383928,0.28427232498466104,4.6421361622009165,,0.7132968903197474,,,,36.9335720539093,37.10377764701843,True,0.1737833023071289,0.0035614967346191406,0.0,0.1737833023071289,Results/warm_start_cache/path_graphs_2to12vertices_11instances_AdjacencyList__filehash_01292d61/hog_idx000008_1b5b4b14c875_noseed_L2_M1_standard.npz,36.94096565246582,2026-08-03 11:31:43,x86_64,dacsgpu0003,,64,64,3.11.15,0.52,True,False,True,False,,True,True,True,False,adam,False,hamqaoa,0.005,standard,2,1,scs,1e-06,100000,False,False,False,hog,False,False,False,False,True,False,True,1,HOG_graphs/Exp5/path_graphs_2to12vertices_11instances_AdjacencyList.txt,True,Results/warm_start_cache,512,60,0,32,1,1,0,0,5,0,5,True,_Exp5_subexp1_zeroAngles,1,,8,"[(8, 9), (0, 1), (2, 3), (1, 2), (5, 6), (3, 4), (7, 8), (4, 5), (6, 7)]","[1.0, 1.0, 1.0, 1.0, 1.0, 1.0, 1.0, 1.0, 1.0]"
aed14da8,10,9,2,50.0,False,True,"[1, 1, 1]",,17.999999999168562,8.999999999584281,4.6293582917482174,5.617267700032851,4.499999999708586,4.6293582917482246,4.6293582917482246,"[4.6293582917482246, 4.632338074295241, 4.635013384490601, 4.637137256112187, 4.638707203033575, 4.639679066637343, 4.63997301790855, 4.639667479577968, 4.639094695824714, 4.63862637344892, 4.63841947938243, 4.638445546944468, 4.638638745880556, 4.638960593529681, 4.639381229518265, 4.639849469937757, 4.640291599118081, 4.640635481718327, 4.640841320963674, 4.6409201413633765, 4.640926777540331, 4.640929016859108, 4.6409769590756875, 4.641093442446195, 4.641283286547299, 4.6415433555455925, 4.641863924417759, 4.6422257679409284, 4.642601106287912, 4.64296279035485, 4.643298071972082, 4.643618524415305, 4.643958690265938, 4.64436369428206, 4.644874330840867, 4.645518461306334, 4.646311987364117, 4.647265216007575, 4.648390773939449, 4.649710993703562, 4.651263228511013, 4.653102567688336, 4.655300825685395, 4.657942356123832, 4.661119756269014, 4.664931546930184, 4.669482637863852, 4.674884872973966, 4.681256033652473, 4.688715963932927, 4.697380621149083]",50,0.7113334806005263,,0.13604465880171723,0.39476124288099435,4.697380621149083,,0.7217855902195887,,,,40.190648317337036,40.361019134521484,True,0.1737833023071289,0.003399372100830078,0.0,0.1737833023071289,Results/warm_start_cache/path_graphs_2to12vertices_11instances_AdjacencyList__filehash_01292d61/hog_idx000008_1b5b4b14c875_noseed_L2_M1_standard.npz,40.19692897796631,2026-08-03 11:31:46,x86_64,dacsgpu0003,,64,64,3.11.15,0.76,True,False,True,False,,True,True,True,False,adam,False,hamqaoa,0.005,standard,2,1,scs,1e-06,100000,False,False,False,hog,False,False,False,False,True,False,True,1,HOG_graphs/Exp5/path_graphs_2to12vertices_11instances_AdjacencyList.txt,True,Results/warm_start_cache,512,60,0,32,1,1,0,0,5,0,5,True,_Exp5_subexp1_zeroAngles,1,,8,"[(8, 9), (0, 1), (2, 3), (1, 2), (5, 6), (3, 4), (7, 8), (4, 5), (6, 7)]","[1.0, 1.0, 1.0, 1.0, 1.0, 1.0, 1.0, 1.0, 1.0]"
a5b30700,10,9,3,50.0,False,True,"[1, 1, 1]",,17.999999999168562,8.999999999584281,4.6293582917482174,5.617267700032851,4.499999999708586,4.6293582917482246,4.6293582917482246,"[4.6293582917482246, 4.631405988236396, 4.63457200030843, 4.637627979670097, 4.639548480164513, 4.639756530320575, 4.638991814724704, 4.638380357097026, 4.638164302201658, 4.638032707470547, 4.6379430742356, 4.638157628626131, 4.638766575475234, 4.639554960600791, 4.640226381890372, 4.640629871546087, 4.640825482930065, 4.640965863520181, 4.64113388528227, 4.64132252970842, 4.641536274155131, 4.64184759502615, 4.642340152669368, 4.643024375500403, 4.643828359496644, 4.644665301736397, 4.645505863779826, 4.646399333567254, 4.647442912939865, 4.648741955650394, 4.650399057123422, 4.652526287089116, 4.655254488471431, 4.658728089904795, 4.663101183622849, 4.668543770182981, 4.675249907479315, 4.68343639951773, 4.693333650056636, 4.705174571451605, 4.7191820387337104, 4.735551109192813, 4.754427986263425, 4.775886614982296, 4.799910472758788, 4.82638089924491, 4.855076090306908, 4.885680319847954, 4.917802288536084, 4.950995654873729, 4.984770163088294]",50,0.7113334806005263,,0.7108237426801391,0.9695403267594163,4.984770163088294,,0.7659450158402419,,,,47.91309595108032,48.083359479904175,True,0.1737833023071289,0.003504037857055664,0.0,0.1737833023071289,Results/warm_start_cache/path_graphs_2to12vertices_11instances_AdjacencyList__filehash_01292d61/hog_idx000008_1b5b4b14c875_noseed_L2_M1_standard.npz,47.920305490493774,2026-08-03 11:31:54,x86_64,dacsgpu0003,,64,64,3.11.15,1.0,True,False,True,False,,True,True,True,False,adam,False,hamqaoa,0.005,standard,2,1,scs,1e-06,100000,False,False,False,hog,False,False,False,False,True,False,True,1,HOG_graphs/Exp5/path_graphs_2to12vertices_11instances_AdjacencyList.txt,True,Results/warm_start_cache,512,60,0,32,1,1,0,0,5,0,5,True,_Exp5_subexp1_zeroAngles,1,,8,"[(8, 9), (0, 1), (2, 3), (1, 2), (5, 6), (3, 4), (7, 8), (4, 5), (6, 7)]","[1.0, 1.0, 1.0, 1.0, 1.0, 1.0, 1.0, 1.0, 1.0]"
89ea5e2a,11,10,1,50.0,False,True,"[1, 1, 1]",,19.999999999894577,9.999999999947288,5.640445642129753,6.241408556058795,4.999999999895269,5.640445642129749,5.640445642129749,"[5.640445642129749, 5.645454454203746, 5.648959935733625, 5.651034729354214, 5.651886014567051, 5.651898392853147, 5.651565793086425, 5.651306357232574, 5.651338909930105, 5.651700334464636, 5.6523200519037005, 5.653083012651047, 5.6538702989722145, 5.654583559768752, 5.65515780509739, 5.655566512774281, 5.65581938174292, 5.655953883385171, 5.6560213358405775, 5.65607196282577, 5.65614258058999, 5.656249943757221, 5.656390687897383, 5.656546346575098, 5.65669138982498, 5.656801433216651, 5.656860354319986, 5.656864352701228, 5.656822614290107, 5.656754395017283, 5.656683433833051, 5.656631547115609, 5.65661307540701, 5.656632279614793, 5.656683726469266, 5.656755138714373, 5.656831769977024, 5.656900733224486, 5.6569541566611825, 5.656990407871503, 5.657013339511366, 5.657029812213158, 5.657046770053964, 5.657068460982612, 5.65709539500735, 5.657124531271745, 5.657151061712188, 5.657170501705036, 5.657180623772213, 5.657182281715434, 5.657178951612106]",50,0.7908645039441601,,0.033466618964713035,1.3143579034336739,5.657178951612106,,0.7932107335406766,,,,252.26315927505493,252.5007026195526,True,0.24628567695617676,0.008730173110961914,0.0,0.24628567695617676,Results/warm_start_cache/path_graphs_2to12vertices_11instances_AdjacencyList__filehash_01292d61/hog_idx000009_79d4a30419fc_noseed_L2_M1_standard.npz,252.27989101409912,2026-08-03 11:35:23,x86_64,dacsgpu0003,,64,64,3.11.15,1.11,True,False,True,False,,True,True,True,False,adam,False,hamqaoa,0.005,standard,2,1,scs,1e-06,100000,False,False,False,hog,False,False,False,False,True,False,True,1,HOG_graphs/Exp5/path_graphs_2to12vertices_11instances_AdjacencyList.txt,True,Results/warm_start_cache,512,60,0,32,1,1,0,0,5,0,5,True,_Exp5_subexp1_zeroAngles,1,,9,"[(8, 9), (0, 1), (9, 10), (2, 3), (1, 2), (5, 6), (3, 4), (7, 8), (4, 5), (6, 7)]","[1.0, 1.0, 1.0, 1.0, 1.0, 1.0, 1.0, 1.0, 1.0, 1.0]"
c7c84570,11,10,2,50.0,False,True,"[1, 1, 1]",,19.999999999894577,9.999999999947288,5.640445642129753,6.241408556058795,4.999999999895269,5.640445642129749,5.640445642129749,"[5.640445642129749, 5.649015331034381, 5.651844966330746, 5.650985298478956, 5.649851400468221, 5.650114433013687, 5.6515348780991665, 5.6533069237074605, 5.654743251633989, 5.655512393688276, 5.655675940124194, 5.6555676907563095, 5.655555208858512, 5.655832605306427, 5.656367918848406, 5.6569822502099925, 5.657471653525411, 5.657708745432863, 5.657694434784705, 5.657544563639501, 5.657418786846114, 5.657433352476039, 5.657611235335329, 5.657890745960181, 5.6581742630325795, 5.6583848514628965, 5.658502441520565, 5.65856510322007, 5.658638520595998, 5.658772834433227, 5.658974975599455, 5.659209694911643, 5.65942538864024, 5.659586359270276, 5.6596923645834485, 5.659774463160579, 5.659872006759209, 5.660007404232154, 5.660174743873977, 5.660348534208551, 5.660503828612055, 5.660632751975333, 5.660747369007153, 5.660868609792147, 5.661010840342844, 5.661172668407389, 5.661340330096159, 5.661499004874081, 5.661642615707869, 5.661776710449482, 5.661912563197637]",50,0.7908645039441601,,0.04293384213577589,1.3238251266047367,5.661912563197637,,0.7938744480086424,,,,264.0929226875305,264.3345437049866,True,0.24628567695617676,0.0046539306640625,0.0,0.24628567695617676,Results/warm_start_cache/path_graphs_2to12vertices_11instances_AdjacencyList__filehash_01292d61/hog_idx000009_79d4a30419fc_noseed_L2_M1_standard.npz,264.09870982170105,2026-08-03 11:35:30,x86_64,dacsgpu0003,,64,64,3.11.15,2.01,True,False,True,False,,True,True,True,False,adam,False,hamqaoa,0.005,standard,2,1,scs,1e-06,100000,False,False,False,hog,False,False,False,False,True,False,True,1,HOG_graphs/Exp5/path_graphs_2to12vertices_11instances_AdjacencyList.txt,True,Results/warm_start_cache,512,60,0,32,1,1,0,0,5,0,5,True,_Exp5_subexp1_zeroAngles,1,,9,"[(8, 9), (0, 1), (9, 10), (2, 3), (1, 2), (5, 6), (3, 4), (7, 8), (4, 5), (6, 7)]","[1.0, 1.0, 1.0, 1.0, 1.0, 1.0, 1.0, 1.0, 1.0, 1.0]"
c409eabe,11,10,3,50.0,False,True,"[1, 1, 1]",,19.999999999894577,9.999999999947288,5.640445642129753,6.241408556058795,4.999999999895269,5.640445642129749,5.640445642129749,"[5.640445642129749, 5.651135343306825, 5.650563167471757, 5.648468899225913, 5.649715345798575, 5.652592731355914, 5.654851568437664, 5.655544544940123, 5.655178595821833, 5.654907108635228, 5.6553924605564125, 5.656457861175813, 5.657503646925399, 5.658032624171217, 5.657965672990469, 5.657638590509652, 5.65749704938131, 5.657751178101709, 5.658281994497846, 5.658803920437536, 5.659099083200056, 5.659160337368692, 5.659163946680093, 5.659305876289855, 5.659644943973878, 5.660076848939134, 5.660437576762364, 5.660636617555358, 5.660717480819698, 5.6608044030380675, 5.660988464833736, 5.661257177470904, 5.661521293064339, 5.661702131744803, 5.661797502153151, 5.661873187507661, 5.661995860400402, 5.66217419551023, 5.662360837238095, 5.662504459936547, 5.6625971914379685, 5.66267679370546, 5.662786167093587, 5.662934591502265, 5.663095537146116, 5.663239709246677, 5.663365100111472, 5.663496760378021, 5.663659540318282, 5.663855146888738, 5.664065250748115]",50,0.7908645039441601,,0.04723921723673108,1.328130501705692,5.664065250748115,,0.7941762830549797,,,,270.21285223960876,270.4544093608856,True,0.24628567695617676,0.004717350006103516,0.0,0.24628567695617676,Results/warm_start_cache/path_graphs_2to12vertices_11instances_AdjacencyList__filehash_01292d61/hog_idx000009_79d4a30419fc_noseed_L2_M1_standard.npz,270.2187376022339,2026-08-03 11:35:36,x86_64,dacsgpu0003,,64,64,3.11.15,2.91,True,False,True,False,,True,True,True,False,adam,False,hamqaoa,0.005,standard,2,1,scs,1e-06,100000,False,False,False,hog,False,False,False,False,True,False,True,1,HOG_graphs/Exp5/path_graphs_2to12vertices_11instances_AdjacencyList.txt,True,Results/warm_start_cache,512,60,0,32,1,1,0,0,5,0,5,True,_Exp5_subexp1_zeroAngles,1,,9,"[(8, 9), (0, 1), (9, 10), (2, 3), (1, 2), (5, 6), (3, 4), (7, 8), (4, 5), (6, 7)]","[1.0, 1.0, 1.0, 1.0, 1.0, 1.0, 1.0, 1.0, 1.0, 1.0]"
1f4e20b5,12,11,1,50.0,False,True,"[1, 1, 1]",,21.999999999910138,10.999999999955069,6.530052616550817,6.865549411679033,5.499999999995999,6.5300526165508215,6.5300526165508215,"[6.5300526165508215, 6.530067524374581, 6.530147089291113, 6.53038733254175, 6.530305108114743, 6.530199520957388, 6.530287614061504, 6.530388622048153, 6.5303705172650455, 6.530317763618555, 6.5303391421433785, 6.530398187870975, 6.530409304059768, 6.530371852202774, 6.530357652724989, 6.530392368489827, 6.530429911957665, 6.530428872381657, 6.530406279792236, 6.5304037959686525, 6.530424980725301, 6.530439411910948, 6.530433275847114, 6.530426096030272, 6.5304357799982675, 6.530451381378358, 6.530453442635586, 6.530444428396619, 6.53044286240507, 6.530453572372656, 6.530462789208059, 6.530461608283337, 6.530458055165754, 6.5304615347865935, 6.530467975667489, 6.530469129614257, 6.530467185951662, 6.530469471762624, 6.530475153979033, 6.530477334473892, 6.53047544213109, 6.530475532008352, 6.530479427247505, 6.530482427075336, 6.530482201801964, 6.5304821289471855, 6.5304843370664605, 6.5304862340470935, 6.530486224869175, 6.530486575434737, 6.530488520662141]",50,0.827426839400763,,0.0008718082226391033,2.0609770413322845,6.530488520662141,,0.8274820730692019,,,,1493.6337451934814,1493.9738705158234,True,0.3497188091278076,0.009582757949829102,0.0,0.3497188091278076,Results/warm_start_cache/path_graphs_2to12vertices_11instances_AdjacencyList__filehash_01292d61/hog_idx000010_7906674de0b7_noseed_L2_M1_standard.npz,1493.643715620041,2026-08-03 11:56:02,x86_64,dacsgpu0003,,64,64,3.11.15,3.75,True,False,True,False,,True,True,True,False,adam,False,hamqaoa,0.005,standard,2,1,scs,1e-06,100000,False,False,False,hog,False,False,False,False,True,False,True,1,HOG_graphs/Exp5/path_graphs_2to12vertices_11instances_AdjacencyList.txt,True,Results/warm_start_cache,512,60,0,32,1,1,0,0,5,0,5,True,_Exp5_subexp1_zeroAngles,1,,10,"[(8, 9), (0, 1), (9, 10), (2, 3), (1, 2), (5, 6), (3, 4), (7, 8), (10, 11), (4, 5), (6, 7)]","[1.0, 1.0, 1.0, 1.0, 1.0, 1.0, 1.0, 1.0, 1.0, 1.0, 1.0]"
f0c22c95,12,11,2,50.0,False,True,"[1, 1, 1]",,21.999999999910138,10.999999999955069,6.530052616550817,6.865549411679033,5.499999999995999,6.5300526165508215,6.5300526165508215,"[6.5300526165508215, 6.527693943827498, 6.53005891754944, 6.529988023875809, 6.529057103786989, 6.529539396786936, 6.530287318830209, 6.530241539286435, 6.529764496072921, 6.529730267886601, 6.5301348000012425, 6.530414285381413, 6.530284969200233, 6.53003060648842, 6.530033132202597, 6.5302631217750475, 6.530422096875838, 6.530355828920687, 6.530215421589207, 6.530215834641136, 6.5303503219672265, 6.5304435439015895, 6.530400429335259, 6.5303146619814925, 6.530319898119257, 6.5304097653350235, 6.530470286141819, 6.530443710489359, 6.530395240452372, 6.530407641700331, 6.5304678479989855, 6.53050165849982, 6.530484493316077, 6.5304673179751145, 6.530494346700827, 6.530542302110491, 6.530564232855134, 6.530559916276919, 6.530569609899278, 6.530609996826671, 6.5306545813714765, 6.530679569800959, 6.53069876997801, 6.530737730140241, 6.530795486296337, 6.530851587345076, 6.530901126669167, 6.5309597718355805, 6.531037298184098, 6.531124806869719, 6.531213690065314]",50,0.827426839400763,,0.0023221470289858104,2.0624273801386312,6.531213690065314,,0.8275739597143074,,,,1622.1299364566803,1622.4659082889557,True,0.3497188091278076,0.01373600959777832,0.0,0.3497188091278076,Results/warm_start_cache/path_graphs_2to12vertices_11instances_AdjacencyList__filehash_01292d61/hog_idx000010_7906674de0b7_noseed_L2_M1_standard.npz,1622.1385266780853,2026-08-03 11:58:10,x86_64,dacsgpu0003,,64,64,3.11.15,7.29,True,False,True,False,,True,True,True,False,adam,False,hamqaoa,0.005,standard,2,1,scs,1e-06,100000,False,False,False,hog,False,False,False,False,True,False,True,1,HOG_graphs/Exp5/path_graphs_2to12vertices_11instances_AdjacencyList.txt,True,Results/warm_start_cache,512,60,0,32,1,1,0,0,5,0,5,True,_Exp5_subexp1_zeroAngles,1,,10,"[(8, 9), (0, 1), (9, 10), (2, 3), (1, 2), (5, 6), (3, 4), (7, 8), (10, 11), (4, 5), (6, 7)]","[1.0, 1.0, 1.0, 1.0, 1.0, 1.0, 1.0, 1.0, 1.0, 1.0, 1.0]"
cc5da35e,12,11,3,50.0,False,True,"[1, 1, 1]",,21.999999999910138,10.999999999955069,6.530052616550817,6.865549411679033,5.499999999995999,6.5300526165508215,6.5300526165508215,"[6.5300526165508215, 6.522934226816411, 6.529773829257957, 6.528883236635745, 6.526401131847469, 6.527858899527796, 6.530024086127321, 6.530123941809928, 6.528776239997854, 6.5283108661972316, 6.529222505659504, 6.530248256451831, 6.5303108265814505, 6.529624272228236, 6.529222971696512, 6.529578119677852, 6.530204285249597, 6.530418132761743, 6.530111216313925, 6.529781793559909, 6.529860467121971, 6.5302258179041575, 6.530450783307659, 6.530337020366719, 6.530108285274501, 6.530084897036646, 6.530289731407567, 6.530473857769824, 6.53045368417739, 6.530319433212587, 6.530284860905134, 6.530405374369054, 6.530537011577238, 6.530548112843325, 6.530481557987915, 6.53047490913572, 6.530571257338282, 6.530681553963099, 6.53072151385778, 6.530719964077404, 6.530763627386838, 6.530875425326679, 6.5309972680710295, 6.531082815980136, 6.531159530215477, 6.531284286150797, 6.5314692380562525, 6.531680343771399, 6.5318958492201755, 6.532136473000007, 6.532434339753043]",50,0.827426839400763,,0.004763446404442817,2.0648686795140883,6.532434339753043,,0.8277286289600916,,,,1660.4629640579224,1660.789933681488,True,0.3497188091278076,0.022737741470336914,0.0,0.3497188091278076,Results/warm_start_cache/path_graphs_2to12vertices_11instances_AdjacencyList__filehash_01292d61/hog_idx000010_7906674de0b7_noseed_L2_M1_standard.npz,1660.4833030700684,2026-08-03 11:58:49,x86_64,dacsgpu0003,,64,64,3.11.15,10.82,True,False,True,False,,True,True,True,False,adam,False,hamqaoa,0.005,standard,2,1,scs,1e-06,100000,False,False,False,hog,False,False,False,False,True,False,True,1,HOG_graphs/Exp5/path_graphs_2to12vertices_11instances_AdjacencyList.txt,True,Results/warm_start_cache,512,60,0,32,1,1,0,0,5,0,5,True,_Exp5_subexp1_zeroAngles,1,,10,"[(8, 9), (0, 1), (9, 10), (2, 3), (1, 2), (5, 6), (3, 4), (7, 8), (10, 11), (4, 5), (6, 7)]","[1.0, 1.0, 1.0, 1.0, 1.0, 1.0, 1.0, 1.0, 1.0, 1.0, 1.0]"
