run_id,n,m,p,precision/iterations,singlet_injection,warm_start,parameter_vector,initial_ws_energy,initial_ws_energy_prodStates,initial_energy_statevector,initial_ws_energy_010101,QAOA_improvement_over_SDP,QAOA_improvement_over_SDP_prodStatesEnergy,result,result_010101,approx_ratio,approx_ratio_010101,diff. approx. ratio,sdp ws greater,duration_seconds,finished_at,processor,hostname,total_ram_gb,physical_cores,logical_cores,python_version,peak_ram_mb,optimiser,optimiser_use_heuristic,heuristic_optimiser_iterations,heuristic_optimiser_sampleSize,circuit_type,learning_rate_adam,n_start,n_end,start_index_singlet,warm_start_mode,warm_start_corr_strength,warm_start_corr_repeats,compare_with_010101,warm_start_correlations,init_QAOAparams_close_to_zero,use_correlations_as_initial_params,time_limit,failed_instance_termination_thrsh,graph_generation_type,weighted,easiest_first,cpu_util_threshold,debug,save_circuit_svg,rerun_exclude_finished_instances,optimiser_debug_iterations,relative_graph_adjList_path,hog_graph_index,edges,weights
ada3367a,4,6,1,50.0,False,True,"[1, 1, 1]",0.0,1.81250960609706,,,,0.6518165612503526,2.4643261673474126,,0.8214420557824709,,,,13.138536930084229,2026-05-04 20:10:28,Apple M4,Julians-MacBook-Air-2.local,16.0,10,10,3.11.14,220.86,adam,True,2,1000,hamqaoa,0.05,0,30,0,entangled,2.0,1,False,False,False,False,10800,10,HOG,False,True,100,True,False,False,1,HOG_graphs/list_27_graphs_adjacency_list.txt,0,"[(1, 3), (0, 1), (2, 3), (0, 3), (1, 2), (0, 2)]",
15213960,4,6,2,50.0,False,True,"[1, 1, 1]",0.0,1.9574529125730704,,,,0.7085798824540941,2.6660327950271645,,0.8886775983423881,,,,27.320233821868896,2026-05-04 20:10:58,Apple M4,Julians-MacBook-Air-2.local,16.0,10,10,3.11.14,222.03,adam,True,2,1000,hamqaoa,0.05,0,30,0,entangled,2.0,1,False,False,False,False,10800,10,HOG,False,True,100,True,False,False,1,HOG_graphs/list_27_graphs_adjacency_list.txt,0,"[(1, 3), (0, 1), (2, 3), (0, 3), (1, 2), (0, 2)]",
08031e9c,6,9,1,50.0,False,True,"[1, 1, 1]",2.255140518769849e-16,4.49999999995044,,,,0.8637285190141162,5.363728518964556,,,,,,18.923938035964966,2026-05-04 20:11:20,Apple M4,Julians-MacBook-Air-2.local,16.0,10,10,3.11.14,223.66,adam,True,2,1000,hamqaoa,0.05,0,30,0,entangled,2.0,1,False,False,False,False,10800,10,HOG,False,True,100,True,False,False,1,HOG_graphs/list_27_graphs_adjacency_list.txt,1,"[(0, 1), (3, 5), (0, 3), (3, 4), (1, 5), (2, 5), (1, 4), (0, 2), (2, 4)]",
e3107485,8,12,1,50.0,False,True,"[1, 1, 1]",1.9133999940024182e-15,5.206580834782394,,,,0.8835103546614267,6.090091189443821,,,,,,29.135478973388672,2026-05-04 20:11:53,Apple M4,Julians-MacBook-Air-2.local,16.0,10,10,3.11.14,226.8,adam,True,2,1000,hamqaoa,0.05,0,30,0,entangled,2.0,1,False,False,False,False,10800,10,HOG,False,True,100,True,False,False,1,HOG_graphs/list_27_graphs_adjacency_list.txt,2,"[(2, 7), (0, 1), (1, 6), (4, 7), (0, 3), (5, 6), (4, 5), (3, 7), (2, 5), (1, 4), (0, 2), (3, 6)]",
8d49fdd8,10,15,1,50.0,False,True,"[1, 1, 1]",-2.760920832234337e-16,6.024098581211935,,,,0.8155065157701928,6.839605096982128,,,,,,31.505026817321777,2026-05-04 20:12:29,Apple M4,Julians-MacBook-Air-2.local,16.0,10,10,3.11.14,252.73,adam,True,2,1000,hamqaoa,0.05,0,30,0,entangled,2.0,1,False,False,False,False,10800,10,HOG,False,True,100,True,False,False,1,HOG_graphs/list_27_graphs_adjacency_list.txt,3,"[(8, 9), (0, 1), (3, 8), (2, 6), (5, 7), (2, 9), (0, 3), (4, 6), (1, 5), (5, 9), (3, 7), (4, 8), (1, 4), (0, 2), (6, 7)]",
369a5fa9,6,9,1,50.0,False,True,"[1, 1, 1]",-3.885780586188048e-16,3.72897312566365,,,,0.5192478906111608,4.248221016274811,,,,,,18.831362009048462,2026-05-04 20:12:49,Apple M4,Julians-MacBook-Air-2.local,16.0,10,10,3.11.14,224.08,adam,True,2,1000,hamqaoa,0.05,0,30,0,entangled,2.0,1,False,False,False,False,10800,10,HOG,False,True,100,True,False,False,1,HOG_graphs/list_27_graphs_adjacency_list.txt,4,"[(0, 1), (3, 5), (0, 3), (1, 2), (3, 4), (4, 5), (2, 5), (1, 4), (0, 2)]",
bce0a66f,6,9,2,50.0,False,True,"[1, 1, 1]",2.255140518769849e-16,4.499999999997236,,,,1.3111458705597459,5.811145870556982,,,,,,41.52482891082764,2026-05-04 20:13:35,Apple M4,Julians-MacBook-Air-2.local,16.0,10,10,3.11.14,226.81,adam,True,2,1000,hamqaoa,0.05,0,30,0,entangled,2.0,1,False,False,False,False,10800,10,HOG,False,True,100,True,False,False,1,HOG_graphs/list_27_graphs_adjacency_list.txt,1,"[(0, 1), (3, 5), (0, 3), (3, 4), (1, 5), (2, 5), (1, 4), (0, 2), (2, 4)]",
bff53bb3,8,12,1,50.0,False,True,"[1, 1, 1]",-3.3306690738754696e-16,5.999999999997638,,,,1.1516362259860182,7.151636225983657,,,,,,28.867279767990112,2026-05-04 20:14:06,Apple M4,Julians-MacBook-Air-2.local,16.0,10,10,3.11.14,225.78,adam,True,2,1000,hamqaoa,0.05,0,30,0,entangled,2.0,1,False,False,False,False,10800,10,HOG,False,True,100,True,False,False,1,HOG_graphs/list_27_graphs_adjacency_list.txt,5,"[(2, 7), (0, 1), (1, 6), (4, 7), (0, 3), (4, 6), (1, 5), (4, 5), (3, 7), (2, 5), (0, 2), (3, 6)]",
85f8241e,10,15,1,50.0,False,True,"[1, 1, 1]",-3.608224830031759e-16,6.139064190617369,,,,1.1247062924738325,7.263770483091202,,,,,,31.710596084594727,2026-05-04 20:14:42,Apple M4,Julians-MacBook-Air-2.local,16.0,10,10,3.11.14,255.16,adam,True,2,1000,hamqaoa,0.05,0,30,0,entangled,2.0,1,False,False,False,False,10800,10,HOG,False,True,100,True,False,False,1,HOG_graphs/list_27_graphs_adjacency_list.txt,6,"[(3, 9), (0, 1), (2, 3), (1, 6), (5, 7), (7, 9), (0, 3), (4, 6), (6, 8), (2, 8), (4, 5), (5, 9), (4, 8), (0, 2), (1, 7)]",
d25f7eab,10,15,1,50.0,False,True,"[1, 1, 1]",7.96346495690603e-16,6.4999999828259325,,,,1.2599534837259316,7.759953466551864,,,,,,31.361103773117065,2026-05-04 20:15:15,Apple M4,Julians-MacBook-Air-2.local,16.0,10,10,3.11.14,254.11,adam,True,2,1000,hamqaoa,0.05,0,30,0,entangled,2.0,1,False,False,False,False,10800,10,HOG,False,True,100,True,False,False,1,HOG_graphs/list_27_graphs_adjacency_list.txt,7,"[(1, 3), (0, 1), (2, 3), (5, 8), (1, 9), (5, 7), (2, 9), (0, 3), (4, 6), (6, 8), (4, 9), (7, 8), (4, 5), (0, 2), (6, 7)]",
1dc90fe9,10,15,1,50.0,False,True,"[1, 1, 1]",-2.561969733583247e-16,6.050167315170251,,,,0.7220808976900335,6.772248212860284,,,,,,31.577749967575073,2026-05-04 20:15:48,Apple M4,Julians-MacBook-Air-2.local,16.0,10,10,3.11.14,253.39,adam,True,2,1000,hamqaoa,0.05,0,30,0,entangled,2.0,1,False,False,False,False,10800,10,HOG,False,True,100,True,False,False,1,HOG_graphs/list_27_graphs_adjacency_list.txt,8,"[(3, 9), (2, 7), (0, 1), (3, 8), (2, 6), (7, 9), (0, 3), (6, 8), (1, 5), (4, 5), (5, 9), (4, 8), (1, 4), (0, 2), (6, 7)]",
ba2cbde2,8,12,2,50.0,False,True,"[1, 1, 1]",1.9133999940024182e-15,5.322779327810844,,,,1.001673353071288,6.324452680882132,,,,,,61.57762002944946,2026-05-04 20:16:52,Apple M4,Julians-MacBook-Air-2.local,16.0,10,10,3.11.14,229.98,adam,True,2,1000,hamqaoa,0.05,0,30,0,entangled,2.0,1,False,False,False,False,10800,10,HOG,False,True,100,True,False,False,1,HOG_graphs/list_27_graphs_adjacency_list.txt,2,"[(2, 7), (0, 1), (1, 6), (4, 7), (0, 3), (5, 6), (4, 5), (3, 7), (2, 5), (1, 4), (0, 2), (3, 6)]",
b43da947,10,15,1,50.0,False,True,"[1, 1, 1]",-3.885780586188048e-16,7.49999999998758,,,,1.4401809085932538,8.940180908580833,,,,,,31.588713884353638,2026-05-04 20:17:25,Apple M4,Julians-MacBook-Air-2.local,16.0,10,10,3.11.14,251.94,adam,True,2,1000,hamqaoa,0.05,0,30,0,entangled,2.0,1,False,False,False,False,10800,10,HOG,False,True,100,True,False,False,1,HOG_graphs/list_27_graphs_adjacency_list.txt,9,"[(3, 9), (2, 7), (0, 1), (1, 6), (4, 7), (3, 8), (5, 8), (1, 9), (5, 7), (2, 9), (0, 3), (4, 6), (5, 6), (4, 8), (0, 2)]",
424a7c6c,8,12,1,50.0,False,True,"[1, 1, 1]",6.938893903907228e-18,5.004400153390405,,,,1.0272443452490938,6.031644498639499,,,,,,29.299806833267212,2026-05-04 20:17:56,Apple M4,Julians-MacBook-Air-2.local,16.0,10,10,3.11.14,226.53,adam,True,2,1000,hamqaoa,0.05,0,30,0,entangled,2.0,1,False,False,False,False,10800,10,HOG,False,True,100,True,False,False,1,HOG_graphs/list_27_graphs_adjacency_list.txt,10,"[(0, 1), (2, 3), (2, 6), (5, 7), (0, 3), (4, 6), (1, 5), (4, 5), (3, 7), (1, 4), (0, 2), (6, 7)]",
48b08ece,8,12,1,50.0,False,True,"[1, 1, 1]",1.3877787807814457e-15,4.999999975439906,,,,0.9758957553092475,5.975895730749153,,,,,,29.30454397201538,2026-05-04 20:18:30,Apple M4,Julians-MacBook-Air-2.local,16.0,10,10,3.11.14,224.39,adam,True,2,1000,hamqaoa,0.05,0,30,0,entangled,2.0,1,False,False,False,False,10800,10,HOG,False,True,100,True,False,False,1,HOG_graphs/list_27_graphs_adjacency_list.txt,11,"[(1, 3), (0, 1), (2, 7), (2, 3), (1, 6), (4, 7), (5, 7), (0, 3), (4, 6), (5, 6), (4, 5), (0, 2)]",
22524064,10,15,1,50.0,False,True,"[1, 1, 1]",4.445228907190568e-18,6.652069346875406,,,,1.2238491676684973,7.875918514543903,,,,,,31.26440405845642,2026-05-04 20:19:05,Apple M4,Julians-MacBook-Air-2.local,16.0,10,10,3.11.14,251.2,adam,True,2,1000,hamqaoa,0.05,0,30,0,entangled,2.0,1,False,False,False,False,10800,10,HOG,False,True,100,True,False,False,1,HOG_graphs/list_27_graphs_adjacency_list.txt,12,"[(3, 9), (0, 1), (4, 7), (5, 8), (2, 6), (1, 9), (0, 3), (1, 8), (4, 9), (5, 6), (2, 8), (4, 5), (3, 7), (0, 2), (6, 7)]",
1c92686f,10,15,2,50.0,False,True,"[1, 1, 1]",-2.760920832234337e-16,6.059279908161396,,,,1.4572407862730152,7.516520694434411,,,,,,72.15423607826233,2026-05-04 20:20:19,Apple M4,Julians-MacBook-Air-2.local,16.0,10,10,3.11.14,254.12,adam,True,2,1000,hamqaoa,0.05,0,30,0,entangled,2.0,1,False,False,False,False,10800,10,HOG,False,True,100,True,False,False,1,HOG_graphs/list_27_graphs_adjacency_list.txt,3,"[(8, 9), (0, 1), (3, 8), (2, 6), (5, 7), (2, 9), (0, 3), (4, 6), (1, 5), (5, 9), (3, 7), (4, 8), (1, 4), (0, 2), (6, 7)]",
acb09cd4,10,15,1,50.0,False,True,"[1, 1, 1]",-3.885780586188048e-16,7.499999999995577,,,,1.4391106924913295,8.939110692486906,,,,,,31.455032110214233,2026-05-04 20:20:52,Apple M4,Julians-MacBook-Air-2.local,16.0,10,10,3.11.14,252.64,adam,True,2,1000,hamqaoa,0.05,0,30,0,entangled,2.0,1,False,False,False,False,10800,10,HOG,False,True,100,True,False,False,1,HOG_graphs/list_27_graphs_adjacency_list.txt,13,"[(3, 9), (0, 1), (4, 7), (5, 8), (2, 6), (1, 9), (5, 7), (0, 3), (4, 6), (1, 8), (4, 9), (5, 6), (2, 8), (3, 7), (0, 2)]",
f09c4d99,8,12,1,50.0,False,True,"[1, 1, 1]",-3.3328374782204406e-16,4.822025664696335,,,,1.2364944657232302,6.0585201304195655,,,,,,29.135482788085938,2026-05-04 20:21:23,Apple M4,Julians-MacBook-Air-2.local,16.0,10,10,3.11.14,228.09,adam,True,2,1000,hamqaoa,0.05,0,30,0,entangled,2.0,1,False,False,False,False,10800,10,HOG,False,True,100,True,False,False,1,HOG_graphs/list_27_graphs_adjacency_list.txt,14,"[(0, 1), (2, 3), (4, 7), (2, 6), (5, 7), (0, 3), (4, 6), (5, 6), (1, 5), (3, 7), (1, 4), (0, 2)]",
724a6623,10,15,1,50.0,False,True,"[1, 1, 1]",-3.8846963840155624e-16,6.717304972450081,,,,0.1220106475361451,6.839315619986226,,,,,,31.51047706604004,2026-05-04 20:21:59,Apple M4,Julians-MacBook-Air-2.local,16.0,10,10,3.11.14,252.98,adam,True,2,1000,hamqaoa,0.05,0,30,0,entangled,2.0,1,False,False,False,False,10800,10,HOG,False,True,100,True,False,False,1,HOG_graphs/list_27_graphs_adjacency_list.txt,15,"[(0, 1), (4, 7), (1, 9), (3, 5), (2, 9), (0, 3), (6, 8), (2, 8), (4, 5), (5, 9), (4, 8), (0, 2), (3, 6), (6, 7), (1, 7)]",
2cc034e2,10,15,1,50.0,False,True,"[1, 1, 1]",-3.8933700013954464e-16,6.658747797269157,,,,1.2171259530584573,7.875873750327615,,,,,,31.467838048934937,2026-05-04 20:22:32,Apple M4,Julians-MacBook-Air-2.local,16.0,10,10,3.11.14,253.36,adam,True,2,1000,hamqaoa,0.05,0,30,0,entangled,2.0,1,False,False,False,False,10800,10,HOG,False,True,100,True,False,False,1,HOG_graphs/list_27_graphs_adjacency_list.txt,16,"[(2, 7), (0, 1), (1, 9), (3, 5), (2, 9), (0, 3), (4, 6), (1, 8), (7, 8), (4, 5), (5, 9), (4, 8), (0, 2), (3, 6), (6, 7)]",
cc0dc8b4,6,9,2,50.0,False,True,"[1, 1, 1]",-3.885780586188048e-16,3.613594452487327,,,,0.7651226614096571,4.378717113896984,,,,,,41.25246787071228,2026-05-04 20:23:15,Apple M4,Julians-MacBook-Air-2.local,16.0,10,10,3.11.14,227.19,adam,True,2,1000,hamqaoa,0.05,0,30,0,entangled,2.0,1,False,False,False,False,10800,10,HOG,False,True,100,True,False,False,1,HOG_graphs/list_27_graphs_adjacency_list.txt,4,"[(0, 1), (3, 5), (0, 3), (1, 2), (3, 4), (4, 5), (2, 5), (1, 4), (0, 2)]",
0eaa9567,10,15,1,50.0,False,True,"[1, 1, 1]",-3.3528952184114225e-16,6.492342694088992,,,,0.27936383648002305,6.771706530569015,,,,,,31.565623998641968,2026-05-04 20:23:49,Apple M4,Julians-MacBook-Air-2.local,16.0,10,10,3.11.14,253.06,adam,True,2,1000,hamqaoa,0.05,0,30,0,entangled,2.0,1,False,False,False,False,10800,10,HOG,False,True,100,True,False,False,1,HOG_graphs/list_27_graphs_adjacency_list.txt,17,"[(2, 7), (0, 1), (4, 7), (3, 8), (1, 9), (2, 9), (0, 3), (4, 6), (5, 6), (7, 8), (1, 5), (5, 9), (4, 8), (0, 2), (3, 6)]",
9b086fc2,10,15,1,50.0,False,True,"[1, 1, 1]",-3.883612181843077e-16,6.617606704006985,,,,1.200859819287536,7.8184665232945205,,,,,,31.593395948410034,2026-05-04 20:24:22,Apple M4,Julians-MacBook-Air-2.local,16.0,10,10,3.11.14,254.48,adam,True,2,1000,hamqaoa,0.05,0,30,0,entangled,2.0,1,False,False,False,False,10800,10,HOG,False,True,100,True,False,False,1,HOG_graphs/list_27_graphs_adjacency_list.txt,18,"[(8, 9), (0, 1), (2, 3), (1, 6), (3, 8), (5, 7), (2, 9), (0, 3), (4, 6), (4, 5), (5, 9), (4, 8), (0, 2), (6, 7), (1, 7)]",
573ce863,10,15,1,50.0,False,True,"[1, 1, 1]",1.0988389018140587e-16,6.418862188173236,,,,0.9019840712759688,7.320846259449205,,,,,,31.49553108215332,2026-05-04 20:24:55,Apple M4,Julians-MacBook-Air-2.local,16.0,10,10,3.11.14,254.8,adam,True,2,1000,hamqaoa,0.05,0,30,0,entangled,2.0,1,False,False,False,False,10800,10,HOG,False,True,100,True,False,False,1,HOG_graphs/list_27_graphs_adjacency_list.txt,19,"[(3, 9), (0, 1), (2, 3), (1, 6), (4, 7), (5, 8), (7, 9), (0, 3), (4, 6), (6, 8), (2, 8), (4, 5), (5, 9), (0, 2), (1, 7)]",
c35c1cfe,10,15,1,50.0,False,True,"[1, 1, 1]",-3.8933700013954464e-16,5.2557544880843095,,,,0.9712129278351682,6.226967415919478,,,,,,31.54492497444153,2026-05-04 20:25:28,Apple M4,Julians-MacBook-Air-2.local,16.0,10,10,3.11.14,254.27,adam,True,2,1000,hamqaoa,0.05,0,30,0,entangled,2.0,1,False,False,False,False,10800,10,HOG,False,True,100,True,False,False,1,HOG_graphs/list_27_graphs_adjacency_list.txt,20,"[(3, 9), (0, 1), (2, 3), (5, 8), (7, 9), (2, 9), (0, 3), (4, 6), (1, 8), (5, 6), (4, 5), (4, 8), (0, 2), (6, 7), (1, 7)]",
beeb3a6b,8,12,2,50.0,False,True,"[1, 1, 1]",-3.3306690738754696e-16,5.999999999992464,,,,1.3614021262211882,7.361402126213652,,,,,,60.9913330078125,2026-05-04 20:26:31,Apple M4,Julians-MacBook-Air-2.local,16.0,10,10,3.11.14,228.19,adam,True,2,1000,hamqaoa,0.05,0,30,0,entangled,2.0,1,False,False,False,False,10800,10,HOG,False,True,100,True,False,False,1,HOG_graphs/list_27_graphs_adjacency_list.txt,5,"[(2, 7), (0, 1), (1, 6), (4, 7), (0, 3), (4, 6), (1, 5), (4, 5), (3, 7), (2, 5), (0, 2), (3, 6)]",
1d2f4dcf,10,15,1,50.0,False,True,"[1, 1, 1]",8.605854744103691e-16,6.493048475148528,,,,0.7652464921986937,7.258294967347221,,,,,,31.569196701049805,2026-05-04 20:27:06,Apple M4,Julians-MacBook-Air-2.local,16.0,10,10,3.11.14,253.3,adam,True,2,1000,hamqaoa,0.05,0,30,0,entangled,2.0,1,False,False,False,False,10800,10,HOG,False,True,100,True,False,False,1,HOG_graphs/list_27_graphs_adjacency_list.txt,21,"[(0, 1), (4, 7), (3, 8), (2, 6), (1, 9), (2, 9), (0, 3), (4, 6), (5, 6), (7, 8), (1, 5), (5, 9), (3, 7), (4, 8), (0, 2)]",
1e28d012,10,15,1,50.0,False,True,"[1, 1, 1]",-3.6158142452391573e-16,6.050026796747394,,,,1.1834129087252547,7.233439705472649,,,,,,31.63598895072937,2026-05-04 20:27:39,Apple M4,Julians-MacBook-Air-2.local,16.0,10,10,3.11.14,252.62,adam,True,2,1000,hamqaoa,0.05,0,30,0,entangled,2.0,1,False,False,False,False,10800,10,HOG,False,True,100,True,False,False,1,HOG_graphs/list_27_graphs_adjacency_list.txt,22,"[(8, 9), (3, 9), (0, 1), (2, 3), (1, 6), (4, 7), (5, 8), (0, 3), (4, 6), (2, 8), (4, 5), (5, 9), (0, 2), (6, 7), (1, 7)]",
bad40199,10,15,1,50.0,False,True,"[1, 1, 1]",-3.87439646337695e-16,6.636304770116826,,,,1.1766629041452044,7.812967674262031,,,,,,31.370337963104248,2026-05-04 20:28:12,Apple M4,Julians-MacBook-Air-2.local,16.0,10,10,3.11.14,252.97,adam,True,2,1000,hamqaoa,0.05,0,30,0,entangled,2.0,1,False,False,False,False,10800,10,HOG,False,True,100,True,False,False,1,HOG_graphs/list_27_graphs_adjacency_list.txt,23,"[(3, 9), (0, 1), (4, 7), (3, 8), (1, 9), (5, 7), (2, 9), (0, 3), (4, 6), (6, 8), (5, 6), (2, 8), (4, 5), (0, 2), (1, 7)]",
a6a1491b,10,15,1,50.0,False,True,"[1, 1, 1]",-3.378373969464832e-16,6.797689183655613,,,,0.5224876252995632,7.320176808955176,,,,,,31.44591498374939,2026-05-04 20:28:45,Apple M4,Julians-MacBook-Air-2.local,16.0,10,10,3.11.14,253.62,adam,True,2,1000,hamqaoa,0.05,0,30,0,entangled,2.0,1,False,False,False,False,10800,10,HOG,False,True,100,True,False,False,1,HOG_graphs/list_27_graphs_adjacency_list.txt,24,"[(3, 9), (0, 1), (5, 8), (2, 6), (1, 9), (5, 7), (2, 9), (0, 3), (4, 6), (1, 8), (4, 5), (3, 7), (4, 8), (0, 2), (6, 7)]",
3ee0f4be,10,15,2,50.0,False,True,"[1, 1, 1]",-3.608224830031759e-16,6.153243356448562,,,,1.1880708247779328,7.341314181226495,,,,,,72.28477096557617,2026-05-04 20:29:59,Apple M4,Julians-MacBook-Air-2.local,16.0,10,10,3.11.14,256.8,adam,True,2,1000,hamqaoa,0.05,0,30,0,entangled,2.0,1,False,False,False,False,10800,10,HOG,False,True,100,True,False,False,1,HOG_graphs/list_27_graphs_adjacency_list.txt,6,"[(3, 9), (0, 1), (2, 3), (1, 6), (5, 7), (7, 9), (0, 3), (4, 6), (6, 8), (2, 8), (4, 5), (5, 9), (4, 8), (0, 2), (1, 7)]",
51b1c57c,10,15,1,50.0,False,True,"[1, 1, 1]",-3.314406041288187e-16,6.5108205505181225,,,,1.3067904141049658,7.817610964623088,,,,,,31.614428281784058,2026-05-04 20:30:33,Apple M4,Julians-MacBook-Air-2.local,16.0,10,10,3.11.14,253.03,adam,True,2,1000,hamqaoa,0.05,0,30,0,entangled,2.0,1,False,False,False,False,10800,10,HOG,False,True,100,True,False,False,1,HOG_graphs/list_27_graphs_adjacency_list.txt,25,"[(0, 1), (4, 7), (1, 9), (3, 5), (2, 9), (0, 3), (4, 6), (5, 6), (7, 8), (2, 8), (5, 9), (4, 8), (0, 2), (3, 6), (1, 7)]",
84288069,10,15,1,50.0,False,True,"[1, 1, 1]",-3.621235256101585e-16,6.681334807932497,,,,0.12260975887231851,6.803944566804815,,,,,,31.419852018356323,2026-05-04 20:31:06,Apple M4,Julians-MacBook-Air-2.local,16.0,10,10,3.11.14,253.3,adam,True,2,1000,hamqaoa,0.05,0,30,0,entangled,2.0,1,False,False,False,False,10800,10,HOG,False,True,100,True,False,False,1,HOG_graphs/list_27_graphs_adjacency_list.txt,26,"[(3, 9), (0, 1), (2, 3), (1, 6), (4, 7), (7, 9), (0, 3), (6, 8), (5, 6), (2, 8), (4, 5), (5, 9), (4, 8), (0, 2), (1, 7)]",
4085f9fc,10,15,2,50.0,False,True,"[1, 1, 1]",7.96346495690603e-16,6.499999998826637,,,,1.5013457955114946,8.001345794338132,,,,,,71.6967122554779,2026-05-04 20:32:19,Apple M4,Julians-MacBook-Air-2.local,16.0,10,10,3.11.14,255.8,adam,True,2,1000,hamqaoa,0.05,0,30,0,entangled,2.0,1,False,False,False,False,10800,10,HOG,False,True,100,True,False,False,1,HOG_graphs/list_27_graphs_adjacency_list.txt,7,"[(1, 3), (0, 1), (2, 3), (5, 8), (1, 9), (5, 7), (2, 9), (0, 3), (4, 6), (6, 8), (4, 9), (7, 8), (4, 5), (0, 2), (6, 7)]",
088a637d,10,15,2,50.0,False,True,"[1, 1, 1]",-2.561969733583247e-16,6.136257816275066,,,,1.2704308629399943,7.40668867921506,,,,,,72.149729013443,2026-05-04 20:33:34,Apple M4,Julians-MacBook-Air-2.local,16.0,10,10,3.11.14,254.8,adam,True,2,1000,hamqaoa,0.05,0,30,0,entangled,2.0,1,False,False,False,False,10800,10,HOG,False,True,100,True,False,False,1,HOG_graphs/list_27_graphs_adjacency_list.txt,8,"[(3, 9), (2, 7), (0, 1), (3, 8), (2, 6), (7, 9), (0, 3), (6, 8), (1, 5), (4, 5), (5, 9), (4, 8), (1, 4), (0, 2), (6, 7)]",
ffd13ae2,10,15,2,50.0,False,True,"[1, 1, 1]",-3.885780586188048e-16,7.499999999981608,,,,1.7249853293682857,9.224985329349893,,,,,,71.92512512207031,2026-05-04 20:34:48,Apple M4,Julians-MacBook-Air-2.local,16.0,10,10,3.11.14,257.73,adam,True,2,1000,hamqaoa,0.05,0,30,0,entangled,2.0,1,False,False,False,False,10800,10,HOG,False,True,100,True,False,False,1,HOG_graphs/list_27_graphs_adjacency_list.txt,9,"[(3, 9), (2, 7), (0, 1), (1, 6), (4, 7), (3, 8), (5, 8), (1, 9), (5, 7), (2, 9), (0, 3), (4, 6), (5, 6), (4, 8), (0, 2)]",
3e54e48e,8,12,2,50.0,False,True,"[1, 1, 1]",6.938893903907228e-18,5.0946531750990065,,,,1.0545904927184706,6.149243667817477,,,,,,62.40122604370117,2026-05-04 20:35:52,Apple M4,Julians-MacBook-Air-2.local,16.0,10,10,3.11.14,228.92,adam,True,2,1000,hamqaoa,0.05,0,30,0,entangled,2.0,1,False,False,False,False,10800,10,HOG,False,True,100,True,False,False,1,HOG_graphs/list_27_graphs_adjacency_list.txt,10,"[(0, 1), (2, 3), (2, 6), (5, 7), (0, 3), (4, 6), (1, 5), (4, 5), (3, 7), (1, 4), (0, 2), (6, 7)]",
39a7ef74,8,12,2,50.0,False,True,"[1, 1, 1]",1.3877787807814457e-15,4.999999871196764,,,,1.0792273463058288,6.079227217502593,,,,,,61.39052104949951,2026-05-04 20:36:55,Apple M4,Julians-MacBook-Air-2.local,16.0,10,10,3.11.14,227.47,adam,True,2,1000,hamqaoa,0.05,0,30,0,entangled,2.0,1,False,False,False,False,10800,10,HOG,False,True,100,True,False,False,1,HOG_graphs/list_27_graphs_adjacency_list.txt,11,"[(1, 3), (0, 1), (2, 7), (2, 3), (1, 6), (4, 7), (5, 7), (0, 3), (4, 6), (5, 6), (4, 5), (0, 2)]",
fe139cff,10,15,2,50.0,False,True,"[1, 1, 1]",4.445228907190568e-18,6.822863376082617,,,,1.3511507252025172,8.174014101285135,,,,,,72.50017285346985,2026-05-04 20:38:10,Apple M4,Julians-MacBook-Air-2.local,16.0,10,10,3.11.14,255.86,adam,True,2,1000,hamqaoa,0.05,0,30,0,entangled,2.0,1,False,False,False,False,10800,10,HOG,False,True,100,True,False,False,1,HOG_graphs/list_27_graphs_adjacency_list.txt,12,"[(3, 9), (0, 1), (4, 7), (5, 8), (2, 6), (1, 9), (0, 3), (1, 8), (4, 9), (5, 6), (2, 8), (4, 5), (3, 7), (0, 2), (6, 7)]",
8cd99126,10,15,2,50.0,False,True,"[1, 1, 1]",-3.885780586188048e-16,7.4999999999871205,,,,1.6906203908521311,9.190620390839252,,,,,,71.84270119667053,2026-05-04 20:39:23,Apple M4,Julians-MacBook-Air-2.local,16.0,10,10,3.11.14,257.75,adam,True,2,1000,hamqaoa,0.05,0,30,0,entangled,2.0,1,False,False,False,False,10800,10,HOG,False,True,100,True,False,False,1,HOG_graphs/list_27_graphs_adjacency_list.txt,13,"[(3, 9), (0, 1), (4, 7), (5, 8), (2, 6), (1, 9), (5, 7), (0, 3), (4, 6), (1, 8), (4, 9), (5, 6), (2, 8), (3, 7), (0, 2)]",
d1967d1d,8,12,2,50.0,False,True,"[1, 1, 1]",-3.3328374782204406e-16,5.007880866670295,,,,1.2541363222541948,6.2620171889244896,,,,,,61.56079316139221,2026-05-04 20:40:27,Apple M4,Julians-MacBook-Air-2.local,16.0,10,10,3.11.14,230.81,adam,True,2,1000,hamqaoa,0.05,0,30,0,entangled,2.0,1,False,False,False,False,10800,10,HOG,False,True,100,True,False,False,1,HOG_graphs/list_27_graphs_adjacency_list.txt,14,"[(0, 1), (2, 3), (4, 7), (2, 6), (5, 7), (0, 3), (4, 6), (5, 6), (1, 5), (3, 7), (1, 4), (0, 2)]",
910274f9,10,15,2,50.0,False,True,"[1, 1, 1]",-3.8846963840155624e-16,6.611245360192906,,,,1.4337591067771998,8.045004466970106,,,,,,71.86872792243958,2026-05-04 20:41:41,Apple M4,Julians-MacBook-Air-2.local,16.0,10,10,3.11.14,254.38,adam,True,2,1000,hamqaoa,0.05,0,30,0,entangled,2.0,1,False,False,False,False,10800,10,HOG,False,True,100,True,False,False,1,HOG_graphs/list_27_graphs_adjacency_list.txt,15,"[(0, 1), (4, 7), (1, 9), (3, 5), (2, 9), (0, 3), (6, 8), (2, 8), (4, 5), (5, 9), (4, 8), (0, 2), (3, 6), (6, 7), (1, 7)]",
1057e078,10,15,2,50.0,False,True,"[1, 1, 1]",-3.8933700013954464e-16,6.639200431660156,,,,1.4777198441606858,8.116920275820842,,,,,,72.21528768539429,2026-05-04 20:42:55,Apple M4,Julians-MacBook-Air-2.local,16.0,10,10,3.11.14,256.55,adam,True,2,1000,hamqaoa,0.05,0,30,0,entangled,2.0,1,False,False,False,False,10800,10,HOG,False,True,100,True,False,False,1,HOG_graphs/list_27_graphs_adjacency_list.txt,16,"[(2, 7), (0, 1), (1, 9), (3, 5), (2, 9), (0, 3), (4, 6), (1, 8), (7, 8), (4, 5), (5, 9), (4, 8), (0, 2), (3, 6), (6, 7)]",
d6e1cb7b,10,15,2,50.0,False,True,"[1, 1, 1]",-3.3528952184114225e-16,6.303981762522451,,,,0.6320645591126421,6.936046321635093,,,,,,72.06082510948181,2026-05-04 20:44:09,Apple M4,Julians-MacBook-Air-2.local,16.0,10,10,3.11.14,256.8,adam,True,2,1000,hamqaoa,0.05,0,30,0,entangled,2.0,1,False,False,False,False,10800,10,HOG,False,True,100,True,False,False,1,HOG_graphs/list_27_graphs_adjacency_list.txt,17,"[(2, 7), (0, 1), (4, 7), (3, 8), (1, 9), (2, 9), (0, 3), (4, 6), (5, 6), (7, 8), (1, 5), (5, 9), (4, 8), (0, 2), (3, 6)]",
f28d1433,10,15,2,50.0,False,True,"[1, 1, 1]",-3.883612181843077e-16,6.619188676880893,,,,1.3971468431819938,8.016335520062887,,,,,,71.59644412994385,2026-05-04 20:45:23,Apple M4,Julians-MacBook-Air-2.local,16.0,10,10,3.11.14,256.95,adam,True,2,1000,hamqaoa,0.05,0,30,0,entangled,2.0,1,False,False,False,False,10800,10,HOG,False,True,100,True,False,False,1,HOG_graphs/list_27_graphs_adjacency_list.txt,18,"[(8, 9), (0, 1), (2, 3), (1, 6), (3, 8), (5, 7), (2, 9), (0, 3), (4, 6), (4, 5), (5, 9), (4, 8), (0, 2), (6, 7), (1, 7)]",
2d68ff0d,10,15,2,50.0,False,True,"[1, 1, 1]",1.0988389018140587e-16,6.263038856217748,,,,1.8043836439338898,8.067422500151638,,,,,,72.19506096839905,2026-05-04 20:46:38,Apple M4,Julians-MacBook-Air-2.local,16.0,10,10,3.11.14,255.02,adam,True,2,1000,hamqaoa,0.05,0,30,0,entangled,2.0,1,False,False,False,False,10800,10,HOG,False,True,100,True,False,False,1,HOG_graphs/list_27_graphs_adjacency_list.txt,19,"[(3, 9), (0, 1), (2, 3), (1, 6), (4, 7), (5, 8), (7, 9), (0, 3), (4, 6), (6, 8), (2, 8), (4, 5), (5, 9), (0, 2), (1, 7)]",
3cc1e12d,10,15,2,50.0,False,True,"[1, 1, 1]",-3.8933700013954464e-16,6.003659808057842,,,,0.3355400821672312,6.339199890225073,,,,,,71.68577694892883,2026-05-04 20:47:51,Apple M4,Julians-MacBook-Air-2.local,16.0,10,10,3.11.14,256.98,adam,True,2,1000,hamqaoa,0.05,0,30,0,entangled,2.0,1,False,False,False,False,10800,10,HOG,False,True,100,True,False,False,1,HOG_graphs/list_27_graphs_adjacency_list.txt,20,"[(3, 9), (0, 1), (2, 3), (5, 8), (7, 9), (2, 9), (0, 3), (4, 6), (1, 8), (5, 6), (4, 5), (4, 8), (0, 2), (6, 7), (1, 7)]",
ccf461df,10,15,2,50.0,False,True,"[1, 1, 1]",8.605854744103691e-16,6.43992363344078,,,,0.9851297065860942,7.425053340026874,,,,,,72.04981827735901,2026-05-04 20:49:05,Apple M4,Julians-MacBook-Air-2.local,16.0,10,10,3.11.14,255.47,adam,True,2,1000,hamqaoa,0.05,0,30,0,entangled,2.0,1,False,False,False,False,10800,10,HOG,False,True,100,True,False,False,1,HOG_graphs/list_27_graphs_adjacency_list.txt,21,"[(0, 1), (4, 7), (3, 8), (2, 6), (1, 9), (2, 9), (0, 3), (4, 6), (5, 6), (7, 8), (1, 5), (5, 9), (3, 7), (4, 8), (0, 2)]",
055b7cba,10,15,2,50.0,False,True,"[1, 1, 1]",-3.6158142452391573e-16,6.023043778205781,,,,1.3443205879531215,7.3673643661589026,,,,,,71.38927698135376,2026-05-04 20:50:19,Apple M4,Julians-MacBook-Air-2.local,16.0,10,10,3.11.14,254.55,adam,True,2,1000,hamqaoa,0.05,0,30,0,entangled,2.0,1,False,False,False,False,10800,10,HOG,False,True,100,True,False,False,1,HOG_graphs/list_27_graphs_adjacency_list.txt,22,"[(8, 9), (3, 9), (0, 1), (2, 3), (1, 6), (4, 7), (5, 8), (0, 3), (4, 6), (2, 8), (4, 5), (5, 9), (0, 2), (6, 7), (1, 7)]",
ef24f9a0,10,15,2,50.0,False,True,"[1, 1, 1]",-3.87439646337695e-16,6.569923612967973,,,,1.0109895067461085,7.580913119714081,,,,,,72.56591010093689,2026-05-04 20:51:34,Apple M4,Julians-MacBook-Air-2.local,16.0,10,10,3.11.14,254.91,adam,True,2,1000,hamqaoa,0.05,0,30,0,entangled,2.0,1,False,False,False,False,10800,10,HOG,False,True,100,True,False,False,1,HOG_graphs/list_27_graphs_adjacency_list.txt,23,"[(3, 9), (0, 1), (4, 7), (3, 8), (1, 9), (5, 7), (2, 9), (0, 3), (4, 6), (6, 8), (5, 6), (2, 8), (4, 5), (0, 2), (1, 7)]",
a442fffc,10,15,2,50.0,False,True,"[1, 1, 1]",-3.378373969464832e-16,6.677404167584901,,,,1.4057237667796825,8.083127934364583,,,,,,72.22290897369385,2026-05-04 20:52:47,Apple M4,Julians-MacBook-Air-2.local,16.0,10,10,3.11.14,254.48,adam,True,2,1000,hamqaoa,0.05,0,30,0,entangled,2.0,1,False,False,False,False,10800,10,HOG,False,True,100,True,False,False,1,HOG_graphs/list_27_graphs_adjacency_list.txt,24,"[(3, 9), (0, 1), (5, 8), (2, 6), (1, 9), (5, 7), (2, 9), (0, 3), (4, 6), (1, 8), (4, 5), (3, 7), (4, 8), (0, 2), (6, 7)]",
8a913d15,10,15,2,50.0,False,True,"[1, 1, 1]",-3.314406041288187e-16,6.508545238713653,,,,1.444340492567008,7.952885731280661,,,,,,72.66464304924011,2026-05-04 20:54:02,Apple M4,Julians-MacBook-Air-2.local,16.0,10,10,3.11.14,255.03,adam,True,2,1000,hamqaoa,0.05,0,30,0,entangled,2.0,1,False,False,False,False,10800,10,HOG,False,True,100,True,False,False,1,HOG_graphs/list_27_graphs_adjacency_list.txt,25,"[(0, 1), (4, 7), (1, 9), (3, 5), (2, 9), (0, 3), (4, 6), (5, 6), (7, 8), (2, 8), (5, 9), (4, 8), (0, 2), (3, 6), (1, 7)]",
6458343c,10,15,2,50.0,False,True,"[1, 1, 1]",-3.621235256101585e-16,6.52748100339026,,,,1.4933174608035333,8.020798464193794,,,,,,71.33060097694397,2026-05-04 20:55:18,Apple M4,Julians-MacBook-Air-2.local,16.0,10,10,3.11.14,255.84,adam,True,2,1000,hamqaoa,0.05,0,30,0,entangled,2.0,1,False,False,False,False,10800,10,HOG,False,True,100,True,False,False,1,HOG_graphs/list_27_graphs_adjacency_list.txt,26,"[(3, 9), (0, 1), (2, 3), (1, 6), (4, 7), (7, 9), (0, 3), (6, 8), (5, 6), (2, 8), (4, 5), (5, 9), (4, 8), (0, 2), (1, 7)]",
