cache_file,cache_dataset,graph_index,graph_hash,n_vertices,n_edges,lasserre_level,initial_solver_level_M,warm_start_mode,parameter_vector,sdp_solver_mode,sdp_scs_eps,sdp_scs_max_iters,sdp_seed,gp_rounding_seed,algorithm17_seed,algorithm17_num_seeds,algorithm17_seed_start,algorithm17_seeds_tried_json,algorithm17_candidate_energies_json,sdp_objective_value,rounded_solution_energy,algorithm17_actual_energy,algorithm17_analytic_F_value,algorithm17_F_bound_applicable,algorithm17_lower_bound_energy,rounded_energy_over_sdp_objective,algorithm17_energy_over_sdp_objective,algorithm17_lower_bound_over_sdp_objective,warm_start_compute_time_seconds,cache_created_at,exact_comparison_normalisation_factor,rounded_solution_energy_normalized,algorithm17_actual_energy_normalized,algorithm17_lower_bound_energy_normalized,canonical_graph_hash,exact_result_match_status,exact_result_source,exact_optimal_energy,rounded_energy_over_exact_optimum,algorithm17_energy_over_exact_optimum,algorithm17_lower_bound_over_exact_optimum
/Users/julian/PycharmProjects/PythonProject/MasterThesis/QAOA/Results/warm_start_cache_experiments/Exp4b_tf829_upto10_L2M2_kbest8_gpseed42_alg17start43/triangleFree_connected_4to15vertices_829instances_AdjacencyList__filehash_af0e2099/hog_idx000020_e098d8973f8a_seed42_L2_M2_amplified.npz,triangleFree_connected_4to15vertices_829instances_AdjacencyList__filehash_af0e2099,20,ce084f85c126f8ff,9,9,2,2,amplified,"[1, 1, 1]",scs,1e-07,100000,42,42,50,8,43,"[43, 44, 45, 46, 47, 48, 49, 50]","[{""seed"": 43, ""actual_energy"": 7.387837460592836}, {""seed"": 44, ""actual_energy"": 7.433613535521964}, {""seed"": 45, ""actual_energy"": 7.49957091041187}, {""seed"": 46, ""actual_energy"": 7.025129054239078}, {""seed"": 47, ""actual_energy"": 7.441900189779121}, {""seed"": 48, ""actual_energy"": 7.409343597538719}, {""seed"": 49, ""actual_energy"": 7.410511044217582}, {""seed"": 50, ""actual_energy"": 7.583360540438685}]",12.202849214693032,6.698654634888461,7.583360540438685,7.17990151043457,True,7.17990151043457,0.5489418509591056,0.6214417966672751,0.5883791059049961,1615.0024178028107,2026-09-02 13:13:53,2,3.3493273174442306,3.7916802702193424,3.589950755217285,092cf91eb0e3f82d43e7a0bc861fb91854dc112b5eac683f630ed71e6f275773,matched,/Users/julian/PycharmProjects/PythonProject/MasterThesis/QAOA/Code/optimal_results/optimal_results_misc.csv,6.075672763737654,0.551268550445067,0.6240757884212913,0.5908729608750037
/Users/julian/PycharmProjects/PythonProject/MasterThesis/QAOA/Results/warm_start_cache_experiments/Exp4b_tf829_upto10_L2M2_kbest8_gpseed42_alg17start43/triangleFree_connected_4to15vertices_829instances_AdjacencyList__filehash_af0e2099/hog_idx000028_ee00932b07c9_seed42_L2_M2_amplified.npz,triangleFree_connected_4to15vertices_829instances_AdjacencyList__filehash_af0e2099,28,9a09305d3fada0d0,8,8,2,2,amplified,"[1, 1, 1]",scs,1e-07,100000,42,42,44,8,43,"[43, 44, 45, 46, 47, 48, 49, 50]","[{""seed"": 43, ""actual_energy"": 6.113111972328825}, {""seed"": 44, ""actual_energy"": 6.4768904744514675}, {""seed"": 45, ""actual_energy"": 6.25374333809539}, {""seed"": 46, ""actual_energy"": 6.170007788602843}, {""seed"": 47, ""actual_energy"": 6.446713278859641}, {""seed"": 48, ""actual_energy"": 6.167112781289065}, {""seed"": 49, ""actual_energy"": 6.352645625188975}, {""seed"": 50, ""actual_energy"": 6.405621053734812}]",10.896859125902374,5.813318818716724,6.4768904744514675,6.473783769393938,True,6.473783769393938,0.5334857275431025,0.5943814084056183,0.5940963074401351,604.6852865219116,2026-09-02 13:03:24,2,2.906659409358362,3.2384452372257337,3.236891884696969,6f09a38a4917c341b52ae9d29f19ed81c7476e89057907705fc1b9b94c18e026,matched,/Users/julian/PycharmProjects/PythonProject/MasterThesis/QAOA/Code/optimal_results/optimal_results_misc.csv,5.427590733424281,0.5355340061767228,0.5966634914608955,0.5963772958715341
/Users/julian/PycharmProjects/PythonProject/MasterThesis/QAOA/Results/warm_start_cache_experiments/Exp4b_tf829_upto10_L2M2_kbest8_gpseed42_alg17start43/triangleFree_connected_4to15vertices_829instances_AdjacencyList__filehash_af0e2099/hog_idx000058_af4d57b3ab14_seed42_L2_M2_amplified.npz,triangleFree_connected_4to15vertices_829instances_AdjacencyList__filehash_af0e2099,58,dc9f51e48a0eb477,8,7,2,2,amplified,"[1, 1, 1]",scs,1e-07,100000,42,42,47,8,43,"[43, 44, 45, 46, 47, 48, 49, 50]","[{""seed"": 43, ""actual_energy"": 6.014595254938708}, {""seed"": 44, ""actual_energy"": 6.021038059400195}, {""seed"": 45, ""actual_energy"": 6.0011041022965905}, {""seed"": 46, ""actual_energy"": 5.960916874003105}, {""seed"": 47, ""actual_energy"": 6.110510063809512}, {""seed"": 48, ""actual_energy"": 5.929699710282962}, {""seed"": 49, ""actual_energy"": 5.9357448670614215}, {""seed"": 50, ""actual_energy"": 6.081766016363728}]",8.683929273429516,5.61085884590422,6.110510063809512,5.1431506192124035,True,5.1431506192124035,0.6461198230934395,0.703657281330702,0.5922607678241989,635.5795619487762,2026-09-02 13:45:04,2,2.80542942295211,3.055255031904756,2.5715753096062017,e98a139e8ef14b839ad6c54e820b35ea74601cc572ddf4af02e92c4cc1003a20,matched,/Users/julian/PycharmProjects/PythonProject/MasterThesis/QAOA/Code/optimal_results/optimal_results_misc.csv,4.337429897903184,0.6467953347922282,0.7043929478564572,0.5928799704288851
/Users/julian/PycharmProjects/PythonProject/MasterThesis/QAOA/Results/warm_start_cache_experiments/Exp4b_tf829_upto10_L2M2_kbest8_gpseed42_alg17start43/triangleFree_connected_4to15vertices_829instances_AdjacencyList__filehash_af0e2099/hog_idx000059_cdeb91b53894_seed42_L2_M2_amplified.npz,triangleFree_connected_4to15vertices_829instances_AdjacencyList__filehash_af0e2099,59,eef048a287f5c5b7,6,5,2,2,amplified,"[1, 1, 1]",scs,1e-07,100000,42,42,47,8,43,"[43, 44, 45, 46, 47, 48, 49, 50]","[{""seed"": 43, ""actual_energy"": 4.102852076306987}, {""seed"": 44, ""actual_energy"": 4.042800025767445}, {""seed"": 45, ""actual_energy"": 4.097411529087115}, {""seed"": 46, ""actual_energy"": 4.080767866789971}, {""seed"": 47, ""actual_energy"": 4.2238901629281}, {""seed"": 48, ""actual_energy"": 4.1358513666933865}, {""seed"": 49, ""actual_energy"": 3.9296621682542785}, {""seed"": 50, ""actual_energy"": 4.119996734776031}]",6.828427125844053,3.8386898169526145,4.2238901629281,3.9989008848511425,True,3.9989008848511425,0.5621631081664533,0.6185743927677914,0.5856254758458513,62.370636224746704,2026-09-02 13:28:04,2,1.9193449084763072,2.11194508146405,1.9994504424255712,c165804a3b106ef58a7e20a3153571a0dfac0afe95297c591f592ccbef276e24,matched,/Users/julian/PycharmProjects/PythonProject/MasterThesis/QAOA/Code/optimal_results/optimal_results_misc.csv,3.4142135623730967,0.5621631082568367,0.6185743928672445,0.5856254759400069
/Users/julian/PycharmProjects/PythonProject/MasterThesis/QAOA/Results/warm_start_cache_experiments/Exp4b_tf829_upto10_L2M2_kbest8_gpseed42_alg17start43/triangleFree_connected_4to15vertices_829instances_AdjacencyList__filehash_af0e2099/hog_idx000084_004ecc818b2f_seed42_L2_M2_amplified.npz,triangleFree_connected_4to15vertices_829instances_AdjacencyList__filehash_af0e2099,84,aa43e8e35f5c0f94,7,6,2,2,amplified,"[1, 1, 1]",scs,1e-07,100000,42,42,47,8,43,"[43, 44, 45, 46, 47, 48, 49, 50]","[{""seed"": 43, ""actual_energy"": 4.23970438028673}, {""seed"": 44, ""actual_energy"": 4.313533824087574}, {""seed"": 45, ""actual_energy"": 4.395987999190825}, {""seed"": 46, ""actual_energy"": 4.1953417658266865}, {""seed"": 47, ""actual_energy"": 4.419135064627758}, {""seed"": 48, ""actual_energy"": 4.141586347603363}, {""seed"": 49, ""actual_energy"": 4.314674739984242}, {""seed"": 50, ""actual_energy"": 4.1606040324353275}]",7.818353385127381,3.935746495171575,4.419135064627758,4.573997057364374,True,4.573997057364374,0.5033983885479553,0.5652258022813533,0.5850332969171426,238.35139799118042,2026-09-02 13:48:07,2,1.9678732475857874,2.209567532313879,2.286998528682187,0edbbbe5d5579f07ce16cf359b424d406aaf449d6bc84dfca8fd6358fe578fc2,matched,/Users/julian/PycharmProjects/PythonProject/MasterThesis/QAOA/Code/optimal_results/optimal_results_misc.csv,3.90739725796348,0.503627636932784,0.5654832069635778,0.5852997219622766
/Users/julian/PycharmProjects/PythonProject/MasterThesis/QAOA/Results/warm_start_cache_experiments/Exp4b_tf829_upto10_L2M2_kbest8_gpseed42_alg17start43/triangleFree_connected_4to15vertices_829instances_AdjacencyList__filehash_af0e2099/hog_idx000097_c1a8f5359efd_seed42_L2_M2_amplified.npz,triangleFree_connected_4to15vertices_829instances_AdjacencyList__filehash_af0e2099,97,48dfbf3e80d8c97a,6,5,2,2,amplified,"[1, 1, 1]",scs,1e-07,100000,42,42,49,8,43,"[43, 44, 45, 46, 47, 48, 49, 50]","[{""seed"": 43, ""actual_energy"": 4.520645570890979}, {""seed"": 44, ""actual_energy"": 4.489744163111298}, {""seed"": 45, ""actual_energy"": 4.401223054728086}, {""seed"": 46, ""actual_energy"": 4.495682581334382}, {""seed"": 47, ""actual_energy"": 4.463457638726764}, {""seed"": 48, ""actual_energy"": 4.539861249518444}, {""seed"": 49, ""actual_energy"": 4.571799319607568}, {""seed"": 50, ""actual_energy"": 4.416908968677649}]",7.44948973113816,4.017444323052025,4.571799319607568,4.486679140122087,True,4.486679140122087,0.5392912089346857,0.613706372464396,0.6022800624005419,61.02616620063782,2026-09-02 13:45:10,2,2.0087221615260127,2.285899659803784,2.2433395700610435,d654f1fb62015d17c03329eb7ef35c04f747aaf49dd3ed24215c979d8fa7c305,matched,/Users/julian/PycharmProjects/PythonProject/MasterThesis/QAOA/Code/optimal_results/optimal_results_misc.csv,3.724744871391597,0.5392912080916663,0.6137063715050508,0.6022800614590583
/Users/julian/PycharmProjects/PythonProject/MasterThesis/QAOA/Results/warm_start_cache_experiments/Exp4b_tf829_upto10_L2M2_kbest8_gpseed42_alg17start43/triangleFree_connected_4to15vertices_829instances_AdjacencyList__filehash_af0e2099/hog_idx000099_aa31b41fdb35_seed42_L2_M2_amplified.npz,triangleFree_connected_4to15vertices_829instances_AdjacencyList__filehash_af0e2099,99,696610ca44b6ccf0,4,3,2,2,amplified,"[1, 1, 1]",scs,1e-07,100000,42,42,44,8,43,"[43, 44, 45, 46, 47, 48, 49, 50]","[{""seed"": 43, ""actual_energy"": 2.262268320847118}, {""seed"": 44, ""actual_energy"": 2.362177796282452}, {""seed"": 45, ""actual_energy"": 2.2768717500690867}, {""seed"": 46, ""actual_energy"": 2.346484114389817}, {""seed"": 47, ""actual_energy"": 2.3171665334492992}, {""seed"": 48, ""actual_energy"": 2.2369386127744555}, {""seed"": 49, ""actual_energy"": 2.2664817519375156}, {""seed"": 50, ""actual_energy"": 2.2307786805421617}]",4.000000219424379,2.129580320283866,2.362177796282452,2.3312453017365202,True,2.3312453017365202,0.5323950508658531,0.5905444166756525,0.5828112934633785,4.199923992156982,2026-09-02 12:53:23,2,1.064790160141933,1.181088898141226,1.1656226508682601,6ae3285294c6a10fec8936032d73c78b8c6cf20e2aa0925ec5e384679d347e81,matched,/Users/julian/PycharmProjects/PythonProject/MasterThesis/QAOA/Code/optimal_results/optimal_results_misc.csv,2.000000000000001,0.5323950800709663,0.5905444490706128,0.5828113254341298
/Users/julian/PycharmProjects/PythonProject/MasterThesis/QAOA/Results/warm_start_cache_experiments/Exp4b_tf829_upto10_L2M2_kbest8_gpseed42_alg17start43/triangleFree_connected_4to15vertices_829instances_AdjacencyList__filehash_af0e2099/hog_idx000100_21fe22b79de0_seed42_L2_M2_amplified.npz,triangleFree_connected_4to15vertices_829instances_AdjacencyList__filehash_af0e2099,100,7135933bc436ae28,8,7,2,2,amplified,"[1, 1, 1]",scs,1e-07,100000,42,42,50,8,43,"[43, 44, 45, 46, 47, 48, 49, 50]","[{""seed"": 43, ""actual_energy"": 4.238973214236269}, {""seed"": 44, ""actual_energy"": 4.388611328038713}, {""seed"": 45, ""actual_energy"": 4.335571566425269}, {""seed"": 46, ""actual_energy"": 4.323348017766797}, {""seed"": 47, ""actual_energy"": 4.34119142933541}, {""seed"": 48, ""actual_energy"": 4.183462285588382}, {""seed"": 49, ""actual_energy"": 4.328310219433892}, {""seed"": 50, ""actual_energy"": 4.466901633646721}]",9.450412934170208,3.9239673968836195,4.466901633646721,5.56737253354342,True,5.56737253354342,0.4152165015663586,0.47266734953936024,0.5891142082705471,651.9872999191284,2026-09-02 13:45:20,2,1.9619836984418098,2.2334508168233604,2.78368626677171,47f6e78758e150aed62b7471fb64dd76d7a450b80a9f4309ece685b1748c63f1,matched,/Users/julian/PycharmProjects/PythonProject/MasterThesis/QAOA/Code/optimal_results/optimal_results_misc.csv,4.718162624394901,0.4158363868802492,0.4733730044139371,0.5899937090720172
/Users/julian/PycharmProjects/PythonProject/MasterThesis/QAOA/Results/warm_start_cache_experiments/Exp4b_tf829_upto10_L2M2_kbest8_gpseed42_alg17start43/triangleFree_connected_4to15vertices_829instances_AdjacencyList__filehash_af0e2099/hog_idx000126_dc87f49064c8_seed42_L2_M2_amplified.npz,triangleFree_connected_4to15vertices_829instances_AdjacencyList__filehash_af0e2099,126,ddbc475d2b80f8d2,8,10,2,2,amplified,"[1, 1, 1]",scs,1e-07,100000,42,42,48,8,43,"[43, 44, 45, 46, 47, 48, 49, 50]","[{""seed"": 43, ""actual_energy"": 8.160149894179911}, {""seed"": 44, ""actual_energy"": 7.936346817127032}, {""seed"": 45, ""actual_energy"": 8.178487292993964}, {""seed"": 46, ""actual_energy"": 8.018016774433093}, {""seed"": 47, ""actual_energy"": 8.259881352369868}, {""seed"": 48, ""actual_energy"": 8.328013708961311}, {""seed"": 49, ""actual_energy"": 8.26297949975815}, {""seed"": 50, ""actual_energy"": 8.14286517010813}]",12.417767912698547,7.663648073781537,8.328013708961311,7.326846789760115,True,7.326846789760115,0.6171518204930054,0.6706530326150638,0.5900292903902319,857.9596951007843,2026-09-02 13:41:19,2,3.8318240368907683,4.164006854480656,3.6634233948800574,a1ab0a5689d526aa20db5d3d3b03837583fc8b228593702250b7be166ac65fa5,matched,/Users/julian/PycharmProjects/PythonProject/MasterThesis/QAOA/Code/optimal_results/optimal_results_misc.csv,6.164247938460209,0.6216206867642534,0.675509307226341,0.5943017593473305
/Users/julian/PycharmProjects/PythonProject/MasterThesis/QAOA/Results/warm_start_cache_experiments/Exp4b_tf829_upto10_L2M2_kbest8_gpseed42_alg17start43/triangleFree_connected_4to15vertices_829instances_AdjacencyList__filehash_af0e2099/hog_idx000135_cf7d89a5f488_seed42_L2_M2_amplified.npz,triangleFree_connected_4to15vertices_829instances_AdjacencyList__filehash_af0e2099,135,5696b53ea6d9853f,7,6,2,2,amplified,"[1, 1, 1]",scs,1e-07,100000,42,42,49,8,43,"[43, 44, 45, 46, 47, 48, 49, 50]","[{""seed"": 43, ""actual_energy"": 3.9218231273899664}, {""seed"": 44, ""actual_energy"": 3.981106371982184}, {""seed"": 45, ""actual_energy"": 3.9698011479997293}, {""seed"": 46, ""actual_energy"": 3.955613823726748}, {""seed"": 47, ""actual_energy"": 3.9272142109235015}, {""seed"": 48, ""actual_energy"": 3.917739234570213}, {""seed"": 49, ""actual_energy"": 3.981689390514244}, {""seed"": 50, ""actual_energy"": 3.932548860275053}]",7.0000000021142,3.8029190959288988,3.981689390514244,4.09683373020927,True,4.09683373020927,0.5432741563971869,0.5688127699016656,0.5852619612817013,205.2861247062683,2026-09-02 13:23:01,2,1.9014595479644494,1.990844695257122,2.048416865104635,a9c3597f0edf3d24cee20c6345f0e4a8931b4c6c5f4eff0f0a266c8f60ec93fe,matched,/Users/julian/PycharmProjects/PythonProject/MasterThesis/QAOA/Code/optimal_results/optimal_results_misc.csv,3.5,0.5432741565612712,0.5688127700734634,0.5852619614584672
/Users/julian/PycharmProjects/PythonProject/MasterThesis/QAOA/Results/warm_start_cache_experiments/Exp4b_tf829_upto10_L2M2_kbest8_gpseed42_alg17start43/triangleFree_connected_4to15vertices_829instances_AdjacencyList__filehash_af0e2099/hog_idx000150_20112eaa1bbc_seed42_L2_M2_amplified.npz,triangleFree_connected_4to15vertices_829instances_AdjacencyList__filehash_af0e2099,150,b6fc2285d5cfd8cd,9,8,2,2,amplified,"[1, 1, 1]",scs,1e-07,100000,42,42,50,8,43,"[43, 44, 45, 46, 47, 48, 49, 50]","[{""seed"": 43, ""actual_energy"": 6.962979843149354}, {""seed"": 44, ""actual_energy"": 7.037003450469498}, {""seed"": 45, ""actual_energy"": 7.0193107417331015}, {""seed"": 46, ""actual_energy"": 7.061975613591408}, {""seed"": 47, ""actual_energy"": 6.979311251973853}, {""seed"": 48, ""actual_energy"": 7.124946706944085}, {""seed"": 49, ""actual_energy"": 7.107826439960292}, {""seed"": 50, ""actual_energy"": 7.147047314906035}]",9.94924299873302,6.675784356897937,7.147047314906035,5.806419003318208,True,5.806419003318208,0.6709841500250884,0.71835086506744,0.5836040997347861,1636.348524570465,2026-09-02 13:20:35,2,3.3378921784489686,3.5735236574530176,2.903209501659104,f7fc217a0efb5eab2fbaeeb463d33b8ece7a8a272bf5995db8dfdc2b69930cd2,matched,/Users/julian/PycharmProjects/PythonProject/MasterThesis/QAOA/Code/optimal_results/optimal_results_misc.csv,4.968514055852567,0.6718089434641252,0.7192338830648276,0.5843214830476978
/Users/julian/PycharmProjects/PythonProject/MasterThesis/QAOA/Results/warm_start_cache_experiments/Exp4b_tf829_upto10_L2M2_kbest8_gpseed42_alg17start43/triangleFree_connected_4to15vertices_829instances_AdjacencyList__filehash_af0e2099/hog_idx000161_d17c9184af2d_seed42_L2_M2_amplified.npz,triangleFree_connected_4to15vertices_829instances_AdjacencyList__filehash_af0e2099,161,b2f04170d67007b6,7,7,2,2,amplified,"[1, 1, 1]",scs,1e-07,100000,42,42,47,8,43,"[43, 44, 45, 46, 47, 48, 49, 50]","[{""seed"": 43, ""actual_energy"": 5.318725203196706}, {""seed"": 44, ""actual_energy"": 5.309881439966493}, {""seed"": 45, ""actual_energy"": 5.355813465126723}, {""seed"": 46, ""actual_energy"": 5.468405913318008}, {""seed"": 47, ""actual_energy"": 5.5775200493217225}, {""seed"": 48, ""actual_energy"": 5.4742341603335145}, {""seed"": 49, ""actual_energy"": 5.47097133622105}, {""seed"": 50, ""actual_energy"": 5.5100675638354675}]",9.792380566153414,4.96118619706949,5.5775200493217225,5.728758772335934,True,5.728758772335934,0.5066373966528054,0.5695775416041302,0.585022072379104,229.10638213157654,2026-09-02 12:57:20,2,2.480593098534745,2.7887600246608613,2.864379386167967,8ff041289d78693765369b41e4af2b9cc6defcce020cee504638767526d3deb5,matched,/Users/julian/PycharmProjects/PythonProject/MasterThesis/QAOA/Code/optimal_results/optimal_results_misc.csv,4.895303227382358,0.5067292021175124,0.5696807521670281,0.5851280815753722
/Users/julian/PycharmProjects/PythonProject/MasterThesis/QAOA/Results/warm_start_cache_experiments/Exp4b_tf829_upto10_L2M2_kbest8_gpseed42_alg17start43/triangleFree_connected_4to15vertices_829instances_AdjacencyList__filehash_af0e2099/hog_idx000162_fcc007c4b00b_seed42_L2_M2_amplified.npz,triangleFree_connected_4to15vertices_829instances_AdjacencyList__filehash_af0e2099,162,6cedd864def76fdc,7,7,2,2,amplified,"[1, 1, 1]",scs,1e-07,100000,42,42,49,8,43,"[43, 44, 45, 46, 47, 48, 49, 50]","[{""seed"": 43, ""actual_energy"": 6.387664058409378}, {""seed"": 44, ""actual_energy"": 6.388601201962956}, {""seed"": 45, ""actual_energy"": 6.365587417492455}, {""seed"": 46, ""actual_energy"": 6.421663024489568}, {""seed"": 47, ""actual_energy"": 6.368546787060064}, {""seed"": 48, ""actual_energy"": 6.294853081517217}, {""seed"": 49, ""actual_energy"": 6.460855127034031}, {""seed"": 50, ""actual_energy"": 6.377948211940524}]",9.684923173627116,5.868910492824531,6.460855127034031,5.678060217128467,True,5.678060217128467,0.6059842073715238,0.6671044272842038,0.5862782920767318,218.7310447692871,2026-09-02 13:38:07,2,2.9344552464122655,3.2304275635170154,2.8390301085642333,a960bb7b01f1668180e8c2ce7bd63bd6cb33897e99ac13d5cac444850458642f,matched,/Users/julian/PycharmProjects/PythonProject/MasterThesis/QAOA/Code/optimal_results/optimal_results_misc.csv,4.8415294776842375,0.6061008736883393,0.6672328606914045,0.5863911645379831
/Users/julian/PycharmProjects/PythonProject/MasterThesis/QAOA/Results/warm_start_cache_experiments/Exp4b_tf829_upto10_L2M2_kbest8_gpseed42_alg17start43/triangleFree_connected_4to15vertices_829instances_AdjacencyList__filehash_af0e2099/hog_idx000163_85637b102816_seed42_L2_M2_amplified.npz,triangleFree_connected_4to15vertices_829instances_AdjacencyList__filehash_af0e2099,163,58e35830464871ce,7,8,2,2,amplified,"[1, 1, 1]",scs,1e-07,100000,42,42,44,8,43,"[43, 44, 45, 46, 47, 48, 49, 50]","[{""seed"": 43, ""actual_energy"": 5.597798825068008}, {""seed"": 44, ""actual_energy"": 5.853461388694752}, {""seed"": 45, ""actual_energy"": 5.74110334080933}, {""seed"": 46, ""actual_energy"": 5.752973262584256}, {""seed"": 47, ""actual_energy"": 5.772720398882934}, {""seed"": 48, ""actual_energy"": 5.6010516573534}, {""seed"": 49, ""actual_energy"": 5.715436458984554}, {""seed"": 50, ""actual_energy"": 5.579654433675006}]",10.613384906568845,5.238098703921316,5.853461388694752,6.207809014351232,True,6.207809014351232,0.4935370525080408,0.5515169232270021,0.5849037860210922,214.8928451538086,2026-09-02 13:14:05,2,2.619049351960658,2.926730694347376,3.103904507175616,db3b3e90bb03235f37fba5ce35728b83d146c76aab8952df9f81f6d4fdcf248b,matched,/Users/julian/PycharmProjects/PythonProject/MasterThesis/QAOA/Code/optimal_results/optimal_results_misc.csv,5.298449737843763,0.49430484038648187,0.5523749094840763,0.5858137116987675
/Users/julian/PycharmProjects/PythonProject/MasterThesis/QAOA/Results/warm_start_cache_experiments/Exp4b_tf829_upto10_L2M2_kbest8_gpseed42_alg17start43/triangleFree_connected_4to15vertices_829instances_AdjacencyList__filehash_af0e2099/hog_idx000164_2c0bda49f51c_seed42_L2_M2_amplified.npz,triangleFree_connected_4to15vertices_829instances_AdjacencyList__filehash_af0e2099,164,5062af503cdda078,7,8,2,2,amplified,"[1, 1, 1]",scs,1e-07,100000,42,42,44,8,43,"[43, 44, 45, 46, 47, 48, 49, 50]","[{""seed"": 43, ""actual_energy"": 7.169800140290193}, {""seed"": 44, ""actual_energy"": 7.491028765660118}, {""seed"": 45, ""actual_energy"": 7.448197269390057}, {""seed"": 46, ""actual_energy"": 7.142736236818463}, {""seed"": 47, ""actual_energy"": 7.208751380500724}, {""seed"": 48, ""actual_energy"": 7.148951427091886}, {""seed"": 49, ""actual_energy"": 7.375331340981839}, {""seed"": 50, ""actual_energy"": 7.3228958662821615}]",10.715177028282302,6.810929848165266,7.491028765660118,6.252790005135347,True,6.252790005135347,0.6356339078848698,0.6991045267742971,0.5835451890931289,201.00383281707764,2026-09-02 12:56:40,2,3.405464924082633,3.745514382830059,3.1263950025676737,c8933d3177c384785caa5ff3f2fb75acbf69c93d0337de0a6751949d89a1215b,matched,/Users/julian/PycharmProjects/PythonProject/MasterThesis/QAOA/Code/optimal_results/optimal_results_misc.csv,5.349687965370299,0.6365726274367688,0.7001369812735984,0.5844069827633898
/Users/julian/PycharmProjects/PythonProject/MasterThesis/QAOA/Results/warm_start_cache_experiments/Exp4b_tf829_upto10_L2M2_kbest8_gpseed42_alg17start43/triangleFree_connected_4to15vertices_829instances_AdjacencyList__filehash_af0e2099/hog_idx000168_f4e85cf4a95f_seed42_L2_M2_amplified.npz,triangleFree_connected_4to15vertices_829instances_AdjacencyList__filehash_af0e2099,168,bd6159187dfe622c,7,11,2,2,amplified,"[1, 1, 1]",scs,1e-07,100000,42,42,44,8,43,"[43, 44, 45, 46, 47, 48, 49, 50]","[{""seed"": 43, ""actual_energy"": 10.613013426906335}, {""seed"": 44, ""actual_energy"": 10.771254660689683}, {""seed"": 45, ""actual_energy"": 10.742661947495723}, {""seed"": 46, ""actual_energy"": 10.744893128660733}, {""seed"": 47, ""actual_energy"": 10.640685060730098}, {""seed"": 48, ""actual_energy"": 10.514142453974621}, {""seed"": 49, ""actual_energy"": 10.738298311025503}, {""seed"": 50, ""actual_energy"": 10.651830742792223}]",13.905146539543058,10.117208864257798,10.771254660689683,8.110969911178842,True,8.110969911178842,0.7275873602257099,0.7746235992593604,0.5833070430515132,330.349148273468,2026-09-02 13:16:00,2,5.058604432128899,5.385627330344842,4.055484955589421,17d0747ae3713981a9f57ddc8473ae515ec1df0da8251db7cfbccda2f64a6504,matched,/Users/julian/PycharmProjects/PythonProject/MasterThesis/QAOA/Code/optimal_results/optimal_results_misc.csv,6.952515088286653,0.7275934489738043,0.7746300816259073,0.5833119244030057
/Users/julian/PycharmProjects/PythonProject/MasterThesis/QAOA/Results/warm_start_cache_experiments/Exp4b_tf829_upto10_L2M2_kbest8_gpseed42_alg17start43/triangleFree_connected_4to15vertices_829instances_AdjacencyList__filehash_af0e2099/hog_idx000179_97b65fe3a6a5_seed42_L2_M2_amplified.npz,triangleFree_connected_4to15vertices_829instances_AdjacencyList__filehash_af0e2099,179,87d323429096705f,6,7,2,2,amplified,"[1, 1, 1]",scs,1e-07,100000,42,42,46,8,43,"[43, 44, 45, 46, 47, 48, 49, 50]","[{""seed"": 43, ""actual_energy"": 5.72787667040062}, {""seed"": 44, ""actual_energy"": 5.713004612839744}, {""seed"": 45, ""actual_energy"": 5.636360359387202}, {""seed"": 46, ""actual_energy"": 5.78586891504031}, {""seed"": 47, ""actual_energy"": 5.7407279723924685}, {""seed"": 48, ""actual_energy"": 5.771565986930443}, {""seed"": 49, ""actual_energy"": 5.738369807311453}, {""seed"": 50, ""actual_energy"": 5.670191774751409}]",9.561552811019117,5.230284641823486,5.78586891504031,5.615349565062878,True,5.615349565062878,0.5470120539203523,0.6051181256220687,0.5872842702486069,61.44018769264221,2026-09-02 13:52:34,2,2.615142320911743,2.892934457520155,2.807674782531439,55d67cb33f1c5e7091b808ae9b4c28e4205b4f6dad19c52225fec2daf6402c73,matched,/Users/julian/PycharmProjects/PythonProject/MasterThesis/QAOA/Code/optimal_results/optimal_results_misc.csv,4.780776406404414,0.5470120538179639,0.6051181255088041,0.5872842701386803
/Users/julian/PycharmProjects/PythonProject/MasterThesis/QAOA/Results/warm_start_cache_experiments/Exp4b_tf829_upto10_L2M2_kbest8_gpseed42_alg17start43/triangleFree_connected_4to15vertices_829instances_AdjacencyList__filehash_af0e2099/hog_idx000181_34ec164a14aa_seed42_L2_M2_amplified.npz,triangleFree_connected_4to15vertices_829instances_AdjacencyList__filehash_af0e2099,181,3889162a8ad7a7c0,6,8,2,2,amplified,"[1, 1, 1]",scs,1e-07,100000,42,42,46,8,43,"[43, 44, 45, 46, 47, 48, 49, 50]","[{""seed"": 43, ""actual_energy"": 6.0009598140419556}, {""seed"": 44, ""actual_energy"": 6.049061296190333}, {""seed"": 45, ""actual_energy"": 5.9063399251703395}, {""seed"": 46, ""actual_energy"": 6.138980588691278}, {""seed"": 47, ""actual_energy"": 6.048616783144587}, {""seed"": 48, ""actual_energy"": 6.06818927608047}, {""seed"": 49, ""actual_energy"": 5.967438891855759}, {""seed"": 50, ""actual_energy"": 6.092936425577202}]",10.828427068642286,5.609964749833102,6.138980588691278,6.321509031334991,True,6.321509031334991,0.5180775300300843,0.5669318867621103,0.583788300116206,56.186877965927124,2026-09-02 12:47:54,2,2.804982374916551,3.069490294345639,3.1607545156674957,f467f9bfbecf21b45816e077677b422180c0875102efb3c32b4be03315605d37,matched,/Users/julian/PycharmProjects/PythonProject/MasterThesis/QAOA/Code/optimal_results/optimal_results_misc.csv,5.414213562373084,0.5180775273458385,0.5669318838247418,0.5837882970915017
/Users/julian/PycharmProjects/PythonProject/MasterThesis/QAOA/Results/warm_start_cache_experiments/Exp4b_tf829_upto10_L2M2_kbest8_gpseed42_alg17start43/triangleFree_connected_4to15vertices_829instances_AdjacencyList__filehash_af0e2099/hog_idx000193_aac00977767b_seed42_L2_M2_amplified.npz,triangleFree_connected_4to15vertices_829instances_AdjacencyList__filehash_af0e2099,193,7f3e036fb81cabe8,6,7,2,2,amplified,"[1, 1, 1]",scs,1e-07,100000,42,42,44,8,43,"[43, 44, 45, 46, 47, 48, 49, 50]","[{""seed"": 43, ""actual_energy"": 5.715265018688698}, {""seed"": 44, ""actual_energy"": 5.852876978351583}, {""seed"": 45, ""actual_energy"": 5.758812443627783}, {""seed"": 46, ""actual_energy"": 5.744773479174382}, {""seed"": 47, ""actual_energy"": 5.667319096742333}, {""seed"": 48, ""actual_energy"": 5.833318132919916}, {""seed"": 49, ""actual_energy"": 5.80231158522432}, {""seed"": 50, ""actual_energy"": 5.65939354227388}]",9.758770492144157,5.239419991803626,5.852876978351583,5.710792536390216,True,5.710792536390216,0.5368934535371415,0.5997555719814467,0.5851959056714597,61.33565664291382,2026-09-02 13:28:03,2,2.619709995901813,2.9264384891757915,2.855396268195108,65a88f6fac6a81d0ca8b0ccd6f1b9f820ed5b426bb78696985ff52c85380cd95,matched,/Users/julian/PycharmProjects/PythonProject/MasterThesis/QAOA/Code/optimal_results/optimal_results_misc.csv,4.879385241571823,0.536893454032318,0.5997555725346011,0.5851959062111857
/Users/julian/PycharmProjects/PythonProject/MasterThesis/QAOA/Results/warm_start_cache_experiments/Exp4b_tf829_upto10_L2M2_kbest8_gpseed42_alg17start43/triangleFree_connected_4to15vertices_829instances_AdjacencyList__filehash_af0e2099/hog_idx000215_58e50da9a158_seed42_L2_M2_amplified.npz,triangleFree_connected_4to15vertices_829instances_AdjacencyList__filehash_af0e2099,215,37030392039aa9ee,9,8,2,2,amplified,"[1, 1, 1]",scs,1e-07,100000,42,42,45,8,43,"[43, 44, 45, 46, 47, 48, 49, 50]","[{""seed"": 43, ""actual_energy"": 6.891062657691835}, {""seed"": 44, ""actual_energy"": 6.868424951064798}, {""seed"": 45, ""actual_energy"": 6.915827425902091}, {""seed"": 46, ""actual_energy"": 6.667164388002957}, {""seed"": 47, ""actual_energy"": 6.782975157522621}, {""seed"": 48, ""actual_energy"": 6.757362816225831}, {""seed"": 49, ""actual_energy"": 6.808809810598876}, {""seed"": 50, ""actual_energy"": 6.908623853000201}]",10.695850496569694,6.320887653815561,6.915827425902091,6.2586091710349185,True,6.2586091710349185,0.5909663430545103,0.6465897619006634,0.5851436660452706,1761.1356287002563,2026-09-02 13:32:54,2,3.1604438269077804,3.4579137129510453,3.1293045855174593,cc4662152741969fb29c8839d1253570ca930a6ba8068f5dc6d394bcf7a95ff5,matched,/Users/julian/PycharmProjects/PythonProject/MasterThesis/QAOA/Code/optimal_results/optimal_results_misc.csv,5.336726728681849,0.592206419324828,0.647946557646795,0.586371524084087
/Users/julian/PycharmProjects/PythonProject/MasterThesis/QAOA/Results/warm_start_cache_experiments/Exp4b_tf829_upto10_L2M2_kbest8_gpseed42_alg17start43/triangleFree_connected_4to15vertices_829instances_AdjacencyList__filehash_af0e2099/hog_idx000236_b07e1ca4e5a8_seed42_L2_M2_amplified.npz,triangleFree_connected_4to15vertices_829instances_AdjacencyList__filehash_af0e2099,236,add18610d9fc75be,7,9,2,2,amplified,"[1, 1, 1]",scs,1e-07,100000,42,42,49,8,43,"[43, 44, 45, 46, 47, 48, 49, 50]","[{""seed"": 43, ""actual_energy"": 6.53595337384892}, {""seed"": 44, ""actual_energy"": 6.682596308506089}, {""seed"": 45, ""actual_energy"": 6.462281553095911}, {""seed"": 46, ""actual_energy"": 6.588382918079434}, {""seed"": 47, ""actual_energy"": 6.547871357764469}, {""seed"": 48, ""actual_energy"": 6.512278875882763}, {""seed"": 49, ""actual_energy"": 6.688142800701909}, {""seed"": 50, ""actual_energy"": 6.652816791902136}]",11.793148758158718,6.120530863827587,6.688142800701909,6.874043548642029,True,6.874043548642029,0.5189903891946831,0.5671210410260388,0.5828844941760307,205.22289633750916,2026-09-02 13:06:19,2,3.0602654319137934,3.3440714003509546,3.4370217743210145,8f847d69e4fa46cdb11a88a2bdfd4877799f967e88349337b8c8618a16e5f831,matched,/Users/julian/PycharmProjects/PythonProject/MasterThesis/QAOA/Code/optimal_results/optimal_results_misc.csv,5.885579977571018,0.5199598754202583,0.5681804364386626,0.5839733360890417
/Users/julian/PycharmProjects/PythonProject/MasterThesis/QAOA/Results/warm_start_cache_experiments/Exp4b_tf829_upto10_L2M2_kbest8_gpseed42_alg17start43/triangleFree_connected_4to15vertices_829instances_AdjacencyList__filehash_af0e2099/hog_idx000246_1d7e86d6a4b8_seed42_L2_M2_amplified.npz,triangleFree_connected_4to15vertices_829instances_AdjacencyList__filehash_af0e2099,246,176506c299bacb50,8,7,2,2,amplified,"[1, 1, 1]",scs,1e-07,100000,42,42,49,8,43,"[43, 44, 45, 46, 47, 48, 49, 50]","[{""seed"": 43, ""actual_energy"": 6.575857282771979}, {""seed"": 44, ""actual_energy"": 6.6130790172898015}, {""seed"": 45, ""actual_energy"": 6.484720755331913}, {""seed"": 46, ""actual_energy"": 6.678524935550399}, {""seed"": 47, ""actual_energy"": 6.639458592164948}, {""seed"": 48, ""actual_energy"": 6.676662550607253}, {""seed"": 49, ""actual_energy"": 6.737156882975138}, {""seed"": 50, ""actual_energy"": 6.625492993134671}]",8.891504393535547,6.253451912563215,6.737156882975138,5.206963413019976,True,5.206963413019976,0.7033063962842674,0.7577071983311734,0.5856110712609703,640.736081123352,2026-09-02 13:37:42,2,3.1267259562816077,3.368578441487569,2.603481706509988,d81d87cba0959456f3050e669702135d9b54fdd84cfe9574b2cd2a980dadc3eb,matched,/Users/julian/PycharmProjects/PythonProject/MasterThesis/QAOA/Code/optimal_results/optimal_results_misc.csv,4.4421805098275975,0.7038718821453199,0.758316424565625,0.5860819254756106
/Users/julian/PycharmProjects/PythonProject/MasterThesis/QAOA/Results/warm_start_cache_experiments/Exp4b_tf829_upto10_L2M2_kbest8_gpseed42_alg17start43/triangleFree_connected_4to15vertices_829instances_AdjacencyList__filehash_af0e2099/hog_idx000257_6c027932a52c_seed42_L2_M2_amplified.npz,triangleFree_connected_4to15vertices_829instances_AdjacencyList__filehash_af0e2099,257,df7b03ac05e7bd74,8,10,2,2,amplified,"[1, 1, 1]",scs,1e-07,100000,42,42,46,8,43,"[43, 44, 45, 46, 47, 48, 49, 50]","[{""seed"": 43, ""actual_energy"": 6.311943065079205}, {""seed"": 44, ""actual_energy"": 6.339837485744096}, {""seed"": 45, ""actual_energy"": 6.388181668760856}, {""seed"": 46, ""actual_energy"": 6.423922209889738}, {""seed"": 47, ""actual_energy"": 6.327263407560596}, {""seed"": 48, ""actual_energy"": 6.354974791836035}, {""seed"": 49, ""actual_energy"": 6.343828596732406}, {""seed"": 50, ""actual_energy"": 6.422982270374419}]",12.30771358911533,6.006527858552062,6.423922209889738,7.197168041653381,True,7.197168041653381,0.48802954464784604,0.5219427770541323,0.5847688922513111,602.7972855567932,2026-09-02 13:03:22,2,3.003263929276031,3.211961104944869,3.5985840208266904,e7343d6e9b79550321f7bd69e066c58aec697d5f2baab11951865196f92f6747,matched,/Users/julian/PycharmProjects/PythonProject/MasterThesis/QAOA/Code/optimal_results/optimal_results_misc.csv,5.912229178484429,0.5079748836877638,0.5432741201294635,0.6086678834985841
/Users/julian/PycharmProjects/PythonProject/MasterThesis/QAOA/Results/warm_start_cache_experiments/Exp4b_tf829_upto10_L2M2_kbest8_gpseed42_alg17start43/triangleFree_connected_4to15vertices_829instances_AdjacencyList__filehash_af0e2099/hog_idx000260_077fb7fd9f2d_seed42_L2_M2_amplified.npz,triangleFree_connected_4to15vertices_829instances_AdjacencyList__filehash_af0e2099,260,507b0576a2660bf7,9,10,2,2,amplified,"[1, 1, 1]",scs,1e-07,100000,42,42,44,8,43,"[43, 44, 45, 46, 47, 48, 49, 50]","[{""seed"": 43, ""actual_energy"": 8.287614157018767}, {""seed"": 44, ""actual_energy"": 8.912242561759419}, {""seed"": 45, ""actual_energy"": 8.541479317360729}, {""seed"": 46, ""actual_energy"": 8.719992788819484}, {""seed"": 47, ""actual_energy"": 8.654847640650853}, {""seed"": 48, ""actual_energy"": 8.736808394231076}, {""seed"": 49, ""actual_energy"": 8.616538472956515}, {""seed"": 50, ""actual_energy"": 8.818885906700096}]",13.729092453082426,8.02462838935905,8.912242561759419,8.01831409095934,True,8.01831409095934,0.5844980953243838,0.6491501599407221,0.5840381742901793,1967.8393909931183,2026-09-02 13:26:07,2,4.012314194679525,4.456121280879709,4.00915704547967,b3ed8a6debbc21fb81569b901677f294130bf9c7fe0f13c8287377f7be4363f9,matched,/Users/julian/PycharmProjects/PythonProject/MasterThesis/QAOA/Code/optimal_results/optimal_results_misc.csv,6.85898965947649,0.5849716057139768,0.6496760459061286,0.5845113120910679
/Users/julian/PycharmProjects/PythonProject/MasterThesis/QAOA/Results/warm_start_cache_experiments/Exp4b_tf829_upto10_L2M2_kbest8_gpseed42_alg17start43/triangleFree_connected_4to15vertices_829instances_AdjacencyList__filehash_af0e2099/hog_idx000275_9b0e6360a300_seed42_L2_M2_amplified.npz,triangleFree_connected_4to15vertices_829instances_AdjacencyList__filehash_af0e2099,275,0150958ebce2cc99,8,7,2,2,amplified,"[1, 1, 1]",scs,1e-07,100000,42,42,49,8,43,"[43, 44, 45, 46, 47, 48, 49, 50]","[{""seed"": 43, ""actual_energy"": 6.222590368283974}, {""seed"": 44, ""actual_energy"": 6.4494076699315235}, {""seed"": 45, ""actual_energy"": 6.54610693363948}, {""seed"": 46, ""actual_energy"": 6.465805162793955}, {""seed"": 47, ""actual_energy"": 6.489845039641349}, {""seed"": 48, ""actual_energy"": 6.495970246710315}, {""seed"": 49, ""actual_energy"": 6.6906798026055885}, {""seed"": 50, ""actual_energy"": 6.296512249526709}]",9.530440959120918,5.887591274120629,6.6906798026055885,5.636527054967856,True,5.636527054967856,0.6177669322305624,0.702032553509752,0.5914235321476422,672.7841703891754,2026-09-02 13:14:46,2,2.9437956370603144,3.3453399013027942,2.818263527483928,df70a38dfa1bded40746c480d1e935ff3ef993c0bd98b79a43c7f8dd7cde0735,matched,/Users/julian/PycharmProjects/PythonProject/MasterThesis/QAOA/Code/optimal_results/optimal_results_misc.csv,4.763288747970685,0.6180174649950555,0.7023172598402768,0.5916633814577374
/Users/julian/PycharmProjects/PythonProject/MasterThesis/QAOA/Results/warm_start_cache_experiments/Exp4b_tf829_upto10_L2M2_kbest8_gpseed42_alg17start43/triangleFree_connected_4to15vertices_829instances_AdjacencyList__filehash_af0e2099/hog_idx000314_e0800c0d9b4d_seed42_L2_M2_amplified.npz,triangleFree_connected_4to15vertices_829instances_AdjacencyList__filehash_af0e2099,314,2e402b3f66c9fa44,8,10,2,2,amplified,"[1, 1, 1]",scs,1e-07,100000,42,42,49,8,43,"[43, 44, 45, 46, 47, 48, 49, 50]","[{""seed"": 43, ""actual_energy"": 8.735570155565492}, {""seed"": 44, ""actual_energy"": 8.684412195623786}, {""seed"": 45, ""actual_energy"": 8.749628598650816}, {""seed"": 46, ""actual_energy"": 8.699521693179264}, {""seed"": 47, ""actual_energy"": 8.809998151047207}, {""seed"": 48, ""actual_energy"": 8.792569932938223}, {""seed"": 49, ""actual_energy"": 8.823963044844438}, {""seed"": 50, ""actual_energy"": 8.740775504590035}]",11.960090624885673,8.39003635012125,8.823963044844438,6.9897779878860575,True,6.9897779878860575,0.7015027405113371,0.7377839618108066,0.5844251692660458,602.59863448143,2026-09-02 13:03:22,2,4.195018175060625,4.411981522422219,3.4948889939430288,1e76e7b90c039d0bd8ff6e0e6ff3c5fcd79c1fe4bdc133d15d8d49fbaca08787,matched,/Users/julian/PycharmProjects/PythonProject/MasterThesis/QAOA/Code/optimal_results/optimal_results_misc.csv,5.976242246496124,0.701949151663015,0.7382534610287874,0.5847970764558758
/Users/julian/PycharmProjects/PythonProject/MasterThesis/QAOA/Results/warm_start_cache_experiments/Exp4b_tf829_upto10_L2M2_kbest8_gpseed42_alg17start43/triangleFree_connected_4to15vertices_829instances_AdjacencyList__filehash_af0e2099/hog_idx000321_f5f76262c0fb_seed42_L2_M2_amplified.npz,triangleFree_connected_4to15vertices_829instances_AdjacencyList__filehash_af0e2099,321,67c0dd044db156fa,7,8,2,2,amplified,"[1, 1, 1]",scs,1e-07,100000,42,42,44,8,43,"[43, 44, 45, 46, 47, 48, 49, 50]","[{""seed"": 43, ""actual_energy"": 7.8905099436595}, {""seed"": 44, ""actual_energy"": 8.004157988582588}, {""seed"": 45, ""actual_energy"": 7.892109445186566}, {""seed"": 46, ""actual_energy"": 7.945717374984376}, {""seed"": 47, ""actual_energy"": 7.96783710868178}, {""seed"": 48, ""actual_energy"": 7.71272008019501}, {""seed"": 49, ""actual_energy"": 7.959518852447088}, {""seed"": 50, ""actual_energy"": 7.992887251955324}]",10.45718509841489,7.438806422229364,8.004157988582588,6.135691107111244,True,6.135691107111244,0.7113583963773334,0.7654218523678868,0.5867440472141301,207.61570763587952,2026-09-02 12:56:47,2,3.719403211114682,4.002078994291294,3.067845553555622,ac2ff25e208740eb2e4791c250e9cf5ad3e0602599b474e84fb8a16ee3e8b6ed,matched,/Users/julian/PycharmProjects/PythonProject/MasterThesis/QAOA/Code/optimal_results/optimal_results_misc.csv,5.22567598878964,0.711755420560654,0.7658490505107353,0.5870715214905985
/Users/julian/PycharmProjects/PythonProject/MasterThesis/QAOA/Results/warm_start_cache_experiments/Exp4b_tf829_upto10_L2M2_kbest8_gpseed42_alg17start43/triangleFree_connected_4to15vertices_829instances_AdjacencyList__filehash_af0e2099/hog_idx000347_f37bd80880f6_seed42_L2_M2_amplified.npz,triangleFree_connected_4to15vertices_829instances_AdjacencyList__filehash_af0e2099,347,2feb5af6449c0fd5,8,10,2,2,amplified,"[1, 1, 1]",scs,1e-07,100000,42,42,50,8,43,"[43, 44, 45, 46, 47, 48, 49, 50]","[{""seed"": 43, ""actual_energy"": 7.213144336582108}, {""seed"": 44, ""actual_energy"": 7.367375695932835}, {""seed"": 45, ""actual_energy"": 7.267343709834816}, {""seed"": 46, ""actual_energy"": 7.190141123813282}, {""seed"": 47, ""actual_energy"": 7.1926687934194105}, {""seed"": 48, ""actual_energy"": 7.264665161136749}, {""seed"": 49, ""actual_energy"": 7.220582110040545}, {""seed"": 50, ""actual_energy"": 7.374953810779414}]",13.448489054831427,6.727515000016956,7.374953810779414,7.876169329338048,True,7.876169329338048,0.5002431851331334,0.5483853078744136,0.5856545889449567,654.3101851940155,2026-09-02 12:57:52,2,3.363757500008478,3.687476905389707,3.938084664669024,a59904644c4a5024f683b5541b47460b02d15ba6c3def5b1a214a1e4d0317ad2,matched,/Users/julian/PycharmProjects/PythonProject/MasterThesis/QAOA/Code/optimal_results/optimal_results_misc.csv,6.720955162283017,0.5004880137997908,0.5486536982248102,0.5859412196005948
/Users/julian/PycharmProjects/PythonProject/MasterThesis/QAOA/Results/warm_start_cache_experiments/Exp4b_tf829_upto10_L2M2_kbest8_gpseed42_alg17start43/triangleFree_connected_4to15vertices_829instances_AdjacencyList__filehash_af0e2099/hog_idx000351_1749d7417c8e_seed42_L2_M2_amplified.npz,triangleFree_connected_4to15vertices_829instances_AdjacencyList__filehash_af0e2099,351,fc7972039cc4fec9,8,9,2,2,amplified,"[1, 1, 1]",scs,1e-07,100000,42,42,47,8,43,"[43, 44, 45, 46, 47, 48, 49, 50]","[{""seed"": 43, ""actual_energy"": 7.975806091612336}, {""seed"": 44, ""actual_energy"": 8.179128622169308}, {""seed"": 45, ""actual_energy"": 8.016409596147868}, {""seed"": 46, ""actual_energy"": 7.728369379826247}, {""seed"": 47, ""actual_energy"": 8.241908730348293}, {""seed"": 48, ""actual_energy"": 8.220699497208681}, {""seed"": 49, ""actual_energy"": 7.856778784253876}, {""seed"": 50, ""actual_energy"": 8.16270550979188}]",12.058325816487077,7.354900078504416,8.241908730348293,7.1512202938475395,True,7.1512202938475395,0.6099437177628944,0.6835035688851031,0.5930525018713491,619.437272310257,2026-09-02 13:13:13,2,3.677450039252208,4.120954365174146,3.5756101469237698,e22cd0133e0066b4360b5f29e844e6ce33b4f4f7360b7228d4948e5c3909d86d,matched,/Users/julian/PycharmProjects/PythonProject/MasterThesis/QAOA/Code/optimal_results/optimal_results_misc.csv,6.018595290502526,0.6110146739813697,0.6847036835450793,0.5940938000211046
/Users/julian/PycharmProjects/PythonProject/MasterThesis/QAOA/Results/warm_start_cache_experiments/Exp4b_tf829_upto10_L2M2_kbest8_gpseed42_alg17start43/triangleFree_connected_4to15vertices_829instances_AdjacencyList__filehash_af0e2099/hog_idx000363_8cab4b0faa44_seed42_L2_M2_amplified.npz,triangleFree_connected_4to15vertices_829instances_AdjacencyList__filehash_af0e2099,363,356d52a6d694048c,9,13,2,2,amplified,"[1, 1, 1]",scs,1e-07,100000,42,42,48,8,43,"[43, 44, 45, 46, 47, 48, 49, 50]","[{""seed"": 43, ""actual_energy"": 10.235208116489346}, {""seed"": 44, ""actual_energy"": 10.315140413863489}, {""seed"": 45, ""actual_energy"": 10.361722878421652}, {""seed"": 46, ""actual_energy"": 10.069257311795788}, {""seed"": 47, ""actual_energy"": 10.261205367776109}, {""seed"": 48, ""actual_energy"": 10.428633307845885}, {""seed"": 49, ""actual_energy"": 10.105444170305622}, {""seed"": 50, ""actual_energy"": 10.325704646904864}]",15.760566977408807,9.7651892999726,10.428633307845885,9.22295272872351,True,9.22295272872351,0.6195963199782102,0.6616915065805872,0.5851916838996775,1655.8364596366882,2026-09-02 13:30:30,2,4.8825946499863,5.214316653922943,4.611476364361755,e5675303d06cdb2d1a28f6e0d961dd1bd3d87c25528434dfef52147db3e1ead9,matched,/Users/julian/PycharmProjects/PythonProject/MasterThesis/QAOA/Code/optimal_results/optimal_results_misc.csv,7.558496415206146,0.6459743289900252,0.689861629547486,0.6101049879555952
/Users/julian/PycharmProjects/PythonProject/MasterThesis/QAOA/Results/warm_start_cache_experiments/Exp4b_tf829_upto10_L2M2_kbest8_gpseed42_alg17start43/triangleFree_connected_4to15vertices_829instances_AdjacencyList__filehash_af0e2099/hog_idx000364_dbfb0c8e8189_seed42_L2_M2_amplified.npz,triangleFree_connected_4to15vertices_829instances_AdjacencyList__filehash_af0e2099,364,e79a7bf7cbd4b047,8,14,2,2,amplified,"[1, 1, 1]",scs,1e-07,100000,42,42,48,8,43,"[43, 44, 45, 46, 47, 48, 49, 50]","[{""seed"": 43, ""actual_energy"": 8.56421162651689}, {""seed"": 44, ""actual_energy"": 8.577615798113815}, {""seed"": 45, ""actual_energy"": 8.608898383023003}, {""seed"": 46, ""actual_energy"": 8.6304800449456}, {""seed"": 47, ""actual_energy"": 8.624004262499172}, {""seed"": 48, ""actual_energy"": 8.67931042259499}, {""seed"": 49, ""actual_energy"": 8.674003036335812}, {""seed"": 50, ""actual_energy"": 8.535758034663388}]",17.77817443593904,8.098959426820771,8.67931042259499,10.371719670833881,True,10.371719670833881,0.45555630337660064,0.48820031853493007,0.5833962147354782,1414.8160231113434,2026-09-02 13:26:29,2,4.049479713410386,4.339655211297495,5.185859835416941,2110f3f20a9015cc50eb49e5f51c28f022a68ee78391bca0d6140da12be79187,matched,/Users/julian/PycharmProjects/PythonProject/MasterThesis/QAOA/Code/optimal_results/optimal_results_misc.csv,8.888969400889271,0.4555623414571848,0.48820678928913247,0.5834039472447882
/Users/julian/PycharmProjects/PythonProject/MasterThesis/QAOA/Results/warm_start_cache_experiments/Exp4b_tf829_upto10_L2M2_kbest8_gpseed42_alg17start43/triangleFree_connected_4to15vertices_829instances_AdjacencyList__filehash_af0e2099/hog_idx000367_b417dc0a3a99_seed42_L2_M2_amplified.npz,triangleFree_connected_4to15vertices_829instances_AdjacencyList__filehash_af0e2099,367,9cfd8c576ef18d15,8,13,2,2,amplified,"[1, 1, 1]",scs,1e-07,100000,42,42,43,8,43,"[43, 44, 45, 46, 47, 48, 49, 50]","[{""seed"": 43, ""actual_energy"": 7.286575673553757}, {""seed"": 44, ""actual_energy"": 7.283155853438934}, {""seed"": 45, ""actual_energy"": 7.160428197417386}, {""seed"": 46, ""actual_energy"": 7.216649631352123}, {""seed"": 47, ""actual_energy"": 7.24159540693252}, {""seed"": 48, ""actual_energy"": 7.140704258796503}, {""seed"": 49, ""actual_energy"": 7.191092911175435}, {""seed"": 50, ""actual_energy"": 7.245135375369331}]",16.541190939229672,6.799346351352631,7.286575673553757,9.662049297431569,True,9.662049297431569,0.4110554298256156,0.44051094629907556,0.5841205347866889,646.2953503131866,2026-09-02 13:04:05,2,3.3996731756763157,3.6432878367768784,4.831024648715784,814bfd1cb6aa3e23ef3308980825b99900a5891be296416e487538bfceb324b2,matched,/Users/julian/PycharmProjects/PythonProject/MasterThesis/QAOA/Code/optimal_results/optimal_results_misc.csv,8.269903533154938,0.41108982251687193,0.44054780351071127,0.5841694077019984
/Users/julian/PycharmProjects/PythonProject/MasterThesis/QAOA/Results/warm_start_cache_experiments/Exp4b_tf829_upto10_L2M2_kbest8_gpseed42_alg17start43/triangleFree_connected_4to15vertices_829instances_AdjacencyList__filehash_af0e2099/hog_idx000372_ad33026960cc_seed42_L2_M2_amplified.npz,triangleFree_connected_4to15vertices_829instances_AdjacencyList__filehash_af0e2099,372,fa611beae6d5507c,10,15,2,2,amplified,"[1, 1, 1]",scs,1e-07,100000,42,42,44,8,43,"[43, 44, 45, 46, 47, 48, 49, 50]","[{""seed"": 43, ""actual_energy"": 11.286209254796155}, {""seed"": 44, ""actual_energy"": 11.360677692787426}, {""seed"": 45, ""actual_energy"": 11.297643333646473}, {""seed"": 46, ""actual_energy"": 11.229531067216538}, {""seed"": 47, ""actual_energy"": 11.205635930269779}, {""seed"": 48, ""actual_energy"": 11.332891785544884}, {""seed"": 49, ""actual_energy"": 11.240354623028434}, {""seed"": 50, ""actual_energy"": 11.240611020132336}]",18.154856283021275,10.796528248707197,11.360677692787426,10.634801070771598,True,10.634801070771598,0.5946909234860918,0.6257652231272204,0.5857827186832342,4078.719667196274,2026-09-02 13:54:57,2,5.398264124353599,5.680338846393713,5.317400535385799,985089b415babfcb4e15cd1fc87b135b5d981e2945fddfecb7c78d3fb1a9bf1f,matched,/Users/julian/PycharmProjects/PythonProject/MasterThesis/QAOA/Code/optimal_results/optimal_results_misc.csv,8.943588601838165,0.6035903891245735,0.6351297112689464,0.5945488742955953
/Users/julian/PycharmProjects/PythonProject/MasterThesis/QAOA/Results/warm_start_cache_experiments/Exp4b_tf829_upto10_L2M2_kbest8_gpseed42_alg17start43/triangleFree_connected_4to15vertices_829instances_AdjacencyList__filehash_af0e2099/hog_idx000508_b0e1572b457a_seed42_L2_M2_amplified.npz,triangleFree_connected_4to15vertices_829instances_AdjacencyList__filehash_af0e2099,508,ebb55f872aba614f,9,9,2,2,amplified,"[1, 1, 1]",scs,1e-07,100000,42,42,47,8,43,"[43, 44, 45, 46, 47, 48, 49, 50]","[{""seed"": 43, ""actual_energy"": 7.54307064994776}, {""seed"": 44, ""actual_energy"": 7.442924046504559}, {""seed"": 45, ""actual_energy"": 7.679690802026547}, {""seed"": 46, ""actual_energy"": 7.3090126506707245}, {""seed"": 47, ""actual_energy"": 7.698826545802179}, {""seed"": 48, ""actual_energy"": 7.3980748733231625}, {""seed"": 49, ""actual_energy"": 7.606535587657251}, {""seed"": 50, ""actual_energy"": 7.3174743017112}]",11.795965921247403,6.760498149181627,7.698826545802179,7.010599843366158,True,7.010599843366158,0.5731195049490883,0.6526660552600207,0.5943218122339913,1835.6060132980347,2026-09-02 13:50:11,2,3.3802490745908136,3.8494132729010895,3.505299921683079,6f11db116c6f0f048b18e323e233dbb96bb7fc99325d9d6c6702b3f719d4debc,matched,/Users/julian/PycharmProjects/PythonProject/MasterThesis/QAOA/Code/optimal_results/optimal_results_misc.csv,5.865747584834349,0.5762690988153513,0.6562527993624531,0.5975879239580457
/Users/julian/PycharmProjects/PythonProject/MasterThesis/QAOA/Results/warm_start_cache_experiments/Exp4b_tf829_upto10_L2M2_kbest8_gpseed42_alg17start43/triangleFree_connected_4to15vertices_829instances_AdjacencyList__filehash_af0e2099/hog_idx000510_beff49c833e4_seed42_L2_M2_amplified.npz,triangleFree_connected_4to15vertices_829instances_AdjacencyList__filehash_af0e2099,510,c8ad93faa7706868,9,12,2,2,amplified,"[1, 1, 1]",scs,1e-07,100000,42,42,49,8,43,"[43, 44, 45, 46, 47, 48, 49, 50]","[{""seed"": 43, ""actual_energy"": 10.787235609954761}, {""seed"": 44, ""actual_energy"": 10.859654795203955}, {""seed"": 45, ""actual_energy"": 10.797886013778662}, {""seed"": 46, ""actual_energy"": 10.747717013805861}, {""seed"": 47, ""actual_energy"": 10.739234424433146}, {""seed"": 48, ""actual_energy"": 10.717835621186135}, {""seed"": 49, ""actual_energy"": 10.925240300594547}, {""seed"": 50, ""actual_energy"": 10.889480742871694}]",15.45272449166216,10.21113497182176,10.925240300594547,9.042217993736314,True,9.042217993736314,0.6607983580715098,0.7070106185151679,0.5851536406162701,1706.0518956184387,2026-09-02 13:48:02,2,5.10556748591088,5.4626201502972735,4.521108996868157,90f337a557ef142f0c01003e43b9a1c7a23f1b19f0af8f5e1bcf2ec6e8f360a0,matched,/Users/julian/PycharmProjects/PythonProject/MasterThesis/QAOA/Code/optimal_results/optimal_results_misc.csv,7.710086498776037,0.6621932823608893,0.7085030954146176,0.5863888813161662
/Users/julian/PycharmProjects/PythonProject/MasterThesis/QAOA/Results/warm_start_cache_experiments/Exp4b_tf829_upto10_L2M2_kbest8_gpseed42_alg17start43/triangleFree_connected_4to15vertices_829instances_AdjacencyList__filehash_af0e2099/hog_idx000518_ce7332573d75_seed42_L2_M2_amplified.npz,triangleFree_connected_4to15vertices_829instances_AdjacencyList__filehash_af0e2099,518,e2fc6bebc9cda5cb,7,9,2,2,amplified,"[1, 1, 1]",scs,1e-07,100000,42,42,47,8,43,"[43, 44, 45, 46, 47, 48, 49, 50]","[{""seed"": 43, ""actual_energy"": 6.604810533196123}, {""seed"": 44, ""actual_energy"": 6.594336757298401}, {""seed"": 45, ""actual_energy"": 6.682000177471012}, {""seed"": 46, ""actual_energy"": 6.6383619659065545}, {""seed"": 47, ""actual_energy"": 6.756738787871859}, {""seed"": 48, ""actual_energy"": 6.64598001369041}, {""seed"": 49, ""actual_energy"": 6.698619214120814}, {""seed"": 50, ""actual_energy"": 6.631543264881319}]",11.221537646083254,6.218386304039437,6.756738787871859,6.613641128516229,True,6.613641128516229,0.554147435062956,0.602122365131504,0.5893703106565474,189.89671325683594,2026-09-02 12:50:08,2,3.1091931520197185,3.3783693939359294,3.3068205642581145,2b7826d815f90009bde76763bdd84c6b12c953baa95a11ea288c9fec137970d1,matched,/Users/julian/PycharmProjects/PythonProject/MasterThesis/QAOA/Code/optimal_results/optimal_results_misc.csv,5.592366185521048,0.5559709519862264,0.6041037517683873,0.5913097344769125
/Users/julian/PycharmProjects/PythonProject/MasterThesis/QAOA/Results/warm_start_cache_experiments/Exp4b_tf829_upto10_L2M2_kbest8_gpseed42_alg17start43/triangleFree_connected_4to15vertices_829instances_AdjacencyList__filehash_af0e2099/hog_idx000528_7a2711adea08_seed42_L2_M2_amplified.npz,triangleFree_connected_4to15vertices_829instances_AdjacencyList__filehash_af0e2099,528,95d5156aeb42b41d,8,10,2,2,amplified,"[1, 1, 1]",scs,1e-07,100000,42,42,48,8,43,"[43, 44, 45, 46, 47, 48, 49, 50]","[{""seed"": 43, ""actual_energy"": 8.346604375933282}, {""seed"": 44, ""actual_energy"": 8.125078358882432}, {""seed"": 45, ""actual_energy"": 8.206731342403035}, {""seed"": 46, ""actual_energy"": 8.251151878290973}, {""seed"": 47, ""actual_energy"": 8.449658747347145}, {""seed"": 48, ""actual_energy"": 8.57553171183725}, {""seed"": 49, ""actual_energy"": 8.499312278071505}, {""seed"": 50, ""actual_energy"": 8.107003259934285}]",12.409740430848117,7.638675927321356,8.57553171183725,7.437361316584067,True,7.437361316584067,0.615538735067588,0.6910323192997819,0.5993164287382098,636.7915995121002,2026-09-02 13:45:05,2,3.819337963660678,4.287765855918625,3.7186806582920333,47a5e6915123edd556b232cee0c035289716d66876aa0693d07133a1522bdc24,matched,/Users/julian/PycharmProjects/PythonProject/MasterThesis/QAOA/Code/optimal_results/optimal_results_misc.csv,6.174173109045101,0.6185991056948803,0.6944680332394781,0.6022961443766784
/Users/julian/PycharmProjects/PythonProject/MasterThesis/QAOA/Results/warm_start_cache_experiments/Exp4b_tf829_upto10_L2M2_kbest8_gpseed42_alg17start43/triangleFree_connected_4to15vertices_829instances_AdjacencyList__filehash_af0e2099/hog_idx000534_3f103f1de7e6_seed42_L2_M2_amplified.npz,triangleFree_connected_4to15vertices_829instances_AdjacencyList__filehash_af0e2099,534,48e8747a2cdd8a14,7,9,2,2,amplified,"[1, 1, 1]",scs,1e-07,100000,42,42,50,8,43,"[43, 44, 45, 46, 47, 48, 49, 50]","[{""seed"": 43, ""actual_energy"": 8.077263094706373}, {""seed"": 44, ""actual_energy"": 8.09320748463218}, {""seed"": 45, ""actual_energy"": 8.16213125267393}, {""seed"": 46, ""actual_energy"": 8.22289741349617}, {""seed"": 47, ""actual_energy"": 8.063814904337507}, {""seed"": 48, ""actual_energy"": 7.859988191523593}, {""seed"": 49, ""actual_energy"": 8.217251125550447}, {""seed"": 50, ""actual_energy"": 8.233548940718393}]",11.3818016150424,7.7125380011450595,8.233548940718393,6.648525152441686,True,6.648525152441686,0.6776201397634647,0.7233959279203023,0.5841364466988136,205.23228001594543,2026-09-02 13:47:34,2,3.8562690005725297,4.116774470359196,3.324262576220843,d6259f650153a02d81346a34fd1523deb463b1107a78022d69b9df4cff0dc6ab,matched,/Users/julian/PycharmProjects/PythonProject/MasterThesis/QAOA/Code/optimal_results/optimal_results_misc.csv,5.592582720643354,0.6895327603002207,0.7361132907633801,0.5944056158436991
/Users/julian/PycharmProjects/PythonProject/MasterThesis/QAOA/Results/warm_start_cache_experiments/Exp4b_tf829_upto10_L2M2_kbest8_gpseed42_alg17start43/triangleFree_connected_4to15vertices_829instances_AdjacencyList__filehash_af0e2099/hog_idx000543_7e855118aa2f_seed42_L2_M2_amplified.npz,triangleFree_connected_4to15vertices_829instances_AdjacencyList__filehash_af0e2099,543,e7f4631006bfa0f9,8,7,2,2,amplified,"[1, 1, 1]",scs,1e-07,100000,42,42,47,8,43,"[43, 44, 45, 46, 47, 48, 49, 50]","[{""seed"": 43, ""actual_energy"": 5.403592121431081}, {""seed"": 44, ""actual_energy"": 5.436449980870226}, {""seed"": 45, ""actual_energy"": 5.427307203641968}, {""seed"": 46, ""actual_energy"": 4.966489620522111}, {""seed"": 47, ""actual_energy"": 5.514373819746215}, {""seed"": 48, ""actual_energy"": 5.131368822613216}, {""seed"": 49, ""actual_energy"": 5.17039175368584}, {""seed"": 50, ""actual_energy"": 5.248915281538432}]",9.700778653936975,4.787960982960594,5.514373819746215,5.70770781723812,True,5.70770781723812,0.49356460483895714,0.5684465151164185,0.5883762552320165,730.569272518158,2026-09-02 13:46:39,2,2.393980491480297,2.7571869098731074,2.85385390861906,9167c84c7f7a061d5543e65856a978676806e4076b1c01dfeb7fbcbe93c85d9b,matched,/Users/julian/PycharmProjects/PythonProject/MasterThesis/QAOA/Code/optimal_results/optimal_results_misc.csv,4.840256488757347,0.49459785799386646,0.569636529856906,0.5896079919003917
/Users/julian/PycharmProjects/PythonProject/MasterThesis/QAOA/Results/warm_start_cache_experiments/Exp4b_tf829_upto10_L2M2_kbest8_gpseed42_alg17start43/triangleFree_connected_4to15vertices_829instances_AdjacencyList__filehash_af0e2099/hog_idx000555_c95b4cbfe4c1_seed42_L2_M2_amplified.npz,triangleFree_connected_4to15vertices_829instances_AdjacencyList__filehash_af0e2099,555,2de5f8fd816fe75d,7,7,2,2,amplified,"[1, 1, 1]",scs,1e-07,100000,42,42,44,8,43,"[43, 44, 45, 46, 47, 48, 49, 50]","[{""seed"": 43, ""actual_energy"": 5.864944575402598}, {""seed"": 44, ""actual_energy"": 6.0182541684723265}, {""seed"": 45, ""actual_energy"": 5.907285130328248}, {""seed"": 46, ""actual_energy"": 5.916804699937263}, {""seed"": 47, ""actual_energy"": 5.922110713939374}, {""seed"": 48, ""actual_energy"": 5.803004655270601}, {""seed"": 49, ""actual_energy"": 5.881074202157146}, {""seed"": 50, ""actual_energy"": 5.83277678756782}]",9.6601628356258,5.377069477028854,6.0182541684723265,5.677524291996077,True,5.677524291996077,0.5566230682156529,0.6229971762253897,0.5877255268470098,208.99680042266846,2026-09-02 13:06:23,2,2.688534738514427,3.0091270842361633,2.8387621459980386,d85e658d6bbe34169085a753437c034c6de57780ac8028af0fe4be069d9f6509,matched,/Users/julian/PycharmProjects/PythonProject/MasterThesis/QAOA/Code/optimal_results/optimal_results_misc.csv,4.826179458139016,0.5570730972260884,0.6235008686138845,0.5882007021538876
/Users/julian/PycharmProjects/PythonProject/MasterThesis/QAOA/Results/warm_start_cache_experiments/Exp4b_tf829_upto10_L2M2_kbest8_gpseed42_alg17start43/triangleFree_connected_4to15vertices_829instances_AdjacencyList__filehash_af0e2099/hog_idx000559_05b06d608d5b_seed42_L2_M2_amplified.npz,triangleFree_connected_4to15vertices_829instances_AdjacencyList__filehash_af0e2099,559,1872d2e7cb6470aa,8,7,2,2,amplified,"[1, 1, 1]",scs,1e-07,100000,42,42,50,8,43,"[43, 44, 45, 46, 47, 48, 49, 50]","[{""seed"": 43, ""actual_energy"": 6.133004655359421}, {""seed"": 44, ""actual_energy"": 6.167978903691045}, {""seed"": 45, ""actual_energy"": 5.7626062844926995}, {""seed"": 46, ""actual_energy"": 5.996993534511359}, {""seed"": 47, ""actual_energy"": 6.141867778730523}, {""seed"": 48, ""actual_energy"": 5.964964827339916}, {""seed"": 49, ""actual_energy"": 6.08125220786227}, {""seed"": 50, ""actual_energy"": 6.260371057160743}]",9.461654546634687,5.485559206231631,6.260371057160743,5.595118765118417,True,5.595118765118417,0.5797674369946988,0.661657115708946,0.5913467604995665,607.1418128013611,2026-09-02 12:57:05,2,2.7427796031158156,3.1301855285803715,2.7975593825592084,bf4908abfacf34f70334f59a27be35ac2ed58b8db3c52b236c21032e1e187bb9,matched,/Users/julian/PycharmProjects/PythonProject/MasterThesis/QAOA/Code/optimal_results/optimal_results_misc.csv,4.723912748101652,0.5806160590535943,0.6626256020156734,0.5922123315430484
/Users/julian/PycharmProjects/PythonProject/MasterThesis/QAOA/Results/warm_start_cache_experiments/Exp4b_tf829_upto10_L2M2_kbest8_gpseed42_alg17start43/triangleFree_connected_4to15vertices_829instances_AdjacencyList__filehash_af0e2099/hog_idx000570_0045310b7fec_seed42_L2_M2_amplified.npz,triangleFree_connected_4to15vertices_829instances_AdjacencyList__filehash_af0e2099,570,4001e4461eb4a851,9,10,2,2,amplified,"[1, 1, 1]",scs,1e-07,100000,42,42,50,8,43,"[43, 44, 45, 46, 47, 48, 49, 50]","[{""seed"": 43, ""actual_energy"": 8.824035025790803}, {""seed"": 44, ""actual_energy"": 8.833110854722737}, {""seed"": 45, ""actual_energy"": 8.818169835786346}, {""seed"": 46, ""actual_energy"": 8.656505965026547}, {""seed"": 47, ""actual_energy"": 8.629360636374752}, {""seed"": 48, ""actual_energy"": 8.689038416913014}, {""seed"": 49, ""actual_energy"": 8.843226718862283}, {""seed"": 50, ""actual_energy"": 8.904679833197218}]",13.470910531245757,8.171715354004037,8.904679833197218,7.865313170528206,True,7.865313170528206,0.6066193769938384,0.6610302854096481,0.5838739075791962,1671.7743196487427,2026-09-02 13:30:46,2,4.085857677002019,4.452339916598609,3.932656585264103,0e6fdb658d7e5a9ccbcf891fa44656d725089163a6bb935424b292ebe6c0fc75,matched,/Users/julian/PycharmProjects/PythonProject/MasterThesis/QAOA/Code/optimal_results/optimal_results_misc.csv,6.607917064154341,0.6183276268956794,0.6737887103261343,0.5951431513263691
/Users/julian/PycharmProjects/PythonProject/MasterThesis/QAOA/Results/warm_start_cache_experiments/Exp4b_tf829_upto10_L2M2_kbest8_gpseed42_alg17start43/triangleFree_connected_4to15vertices_829instances_AdjacencyList__filehash_af0e2099/hog_idx000575_8e99e9ca6236_seed42_L2_M2_amplified.npz,triangleFree_connected_4to15vertices_829instances_AdjacencyList__filehash_af0e2099,575,f3aaafff3e4556b9,9,10,2,2,amplified,"[1, 1, 1]",scs,1e-07,100000,42,42,43,8,43,"[43, 44, 45, 46, 47, 48, 49, 50]","[{""seed"": 43, ""actual_energy"": 7.408671241170803}, {""seed"": 44, ""actual_energy"": 7.239102554131654}, {""seed"": 45, ""actual_energy"": 7.300738015791925}, {""seed"": 46, ""actual_energy"": 7.216417319772126}, {""seed"": 47, ""actual_energy"": 7.241767996084009}, {""seed"": 48, ""actual_energy"": 7.349389063391754}, {""seed"": 49, ""actual_energy"": 7.195647505626306}, {""seed"": 50, ""actual_energy"": 7.377754145448974}]",13.323020581509846,6.832499742610791,7.408671241170803,7.783231384163296,True,7.783231384163296,0.5128341355332868,0.5560804470611429,0.584194202549318,1641.825174331665,2026-09-02 13:30:55,2,3.4162498713053955,3.7043356205854017,3.891615692081648,ad3487e435d97a7de87f3b92ffb084349d12d6c7c13bf79ce7f325c19c564396,matched,/Users/julian/PycharmProjects/PythonProject/MasterThesis/QAOA/Code/optimal_results/optimal_results_misc.csv,6.503440051952481,0.5252988947410624,0.5695963353230689,0.5983934134848058
/Users/julian/PycharmProjects/PythonProject/MasterThesis/QAOA/Results/warm_start_cache_experiments/Exp4b_tf829_upto10_L2M2_kbest8_gpseed42_alg17start43/triangleFree_connected_4to15vertices_829instances_AdjacencyList__filehash_af0e2099/hog_idx000577_dcc615a8b2e3_seed42_L2_M2_amplified.npz,triangleFree_connected_4to15vertices_829instances_AdjacencyList__filehash_af0e2099,577,ac4f3ee8d0cef5c1,10,11,2,2,amplified,"[1, 1, 1]",scs,1e-07,100000,42,42,46,8,43,"[43, 44, 45, 46, 47, 48, 49, 50]","[{""seed"": 43, ""actual_energy"": 8.451093529577198}, {""seed"": 44, ""actual_energy"": 8.733245110601317}, {""seed"": 45, ""actual_energy"": 8.754929570668144}, {""seed"": 46, ""actual_energy"": 8.874241511222994}, {""seed"": 47, ""actual_energy"": 8.747336071713095}, {""seed"": 48, ""actual_energy"": 8.456970886408604}, {""seed"": 49, ""actual_energy"": 8.660208570202263}, {""seed"": 50, ""actual_energy"": 8.78910338079876}]",14.540748482829166,8.108760847415484,8.874241511222994,8.504189331269169,True,8.504189331269169,0.5576577338498725,0.6103015619658356,0.5848522406746509,4100.889219999313,2026-09-02 13:55:19,2,4.054380423707742,4.437120755611497,4.252094665634584,39b8037169002df95b552e212280e12951c720b6ab4da0477ef5cb831629ea59,matched,/Users/julian/PycharmProjects/PythonProject/MasterThesis/QAOA/Code/optimal_results/optimal_results_misc.csv,7.194048475587507,0.5635742429962759,0.6167765995278669,0.5910572718635085
/Users/julian/PycharmProjects/PythonProject/MasterThesis/QAOA/Results/warm_start_cache_experiments/Exp4b_tf829_upto10_L2M2_kbest8_gpseed42_alg17start43/triangleFree_connected_4to15vertices_829instances_AdjacencyList__filehash_af0e2099/hog_idx000595_5731d9e0139e_seed42_L2_M2_amplified.npz,triangleFree_connected_4to15vertices_829instances_AdjacencyList__filehash_af0e2099,595,ccf2fc985d793cd9,9,13,2,2,amplified,"[1, 1, 1]",scs,1e-07,100000,42,42,50,8,43,"[43, 44, 45, 46, 47, 48, 49, 50]","[{""seed"": 43, ""actual_energy"": 11.52145135264163}, {""seed"": 44, ""actual_energy"": 11.460668544314775}, {""seed"": 45, ""actual_energy"": 11.539680651519209}, {""seed"": 46, ""actual_energy"": 11.497932173824982}, {""seed"": 47, ""actual_energy"": 11.541044184628962}, {""seed"": 48, ""actual_energy"": 11.552555027860397}, {""seed"": 49, ""actual_energy"": 11.575584629770832}, {""seed"": 50, ""actual_energy"": 11.72967500737187}]",16.541986171076125,10.968346744563926,11.72967500737187,9.65976579692875,True,9.65976579692875,0.6630610515043363,0.7090850449313855,0.5839544113402159,1694.1954174041748,2026-09-02 13:55:16,2,5.484173372281963,5.864837503685935,4.829882898464375,8d07fc101bb1817cf7653c62d91c0f71a8e6b420bb39c74be7fd8a7b85fd8a84,matched,/Users/julian/PycharmProjects/PythonProject/MasterThesis/QAOA/Code/optimal_results/optimal_results_misc.csv,8.24234940833956,0.665365310372927,0.7115492456255164,0.5859837601130484
/Users/julian/PycharmProjects/PythonProject/MasterThesis/QAOA/Results/warm_start_cache_experiments/Exp4b_tf829_upto10_L2M2_kbest8_gpseed42_alg17start43/triangleFree_connected_4to15vertices_829instances_AdjacencyList__filehash_af0e2099/hog_idx000597_4905c4ec9e9d_seed42_L2_M2_amplified.npz,triangleFree_connected_4to15vertices_829instances_AdjacencyList__filehash_af0e2099,597,95bfc954acab9f8a,8,15,2,2,amplified,"[1, 1, 1]",scs,1e-07,100000,42,42,44,8,43,"[43, 44, 45, 46, 47, 48, 49, 50]","[{""seed"": 43, ""actual_energy"": 12.692760044733879}, {""seed"": 44, ""actual_energy"": 12.750212004222423}, {""seed"": 45, ""actual_energy"": 12.745535161939603}, {""seed"": 46, ""actual_energy"": 12.674342180503555}, {""seed"": 47, ""actual_energy"": 12.720113569842585}, {""seed"": 48, ""actual_energy"": 12.657621089412551}, {""seed"": 49, ""actual_energy"": 12.739287500405682}, {""seed"": 50, ""actual_energy"": 12.717211505367997}]",18.000000205932338,12.212106047349709,12.750212004222423,10.517860169492446,True,10.517860169492446,0.678450328201936,0.7083451032417366,0.5843255582867176,582.2833323478699,2026-09-02 13:03:01,2,6.106053023674854,6.375106002111211,5.258930084746223,74345e574c1e634f8fbf2520449ee7ebe9bd127f4b462f8e96ec8f984a53bb9b,matched,/Users/julian/PycharmProjects/PythonProject/MasterThesis/QAOA/Code/optimal_results/optimal_results_misc.csv,9.000000000000021,0.678450335963871,0.7083451113456884,0.5843255649718011
/Users/julian/PycharmProjects/PythonProject/MasterThesis/QAOA/Results/warm_start_cache_experiments/Exp4b_tf829_upto10_L2M2_kbest8_gpseed42_alg17start43/triangleFree_connected_4to15vertices_829instances_AdjacencyList__filehash_af0e2099/hog_idx000641_4addee89360a_seed42_L2_M2_amplified.npz,triangleFree_connected_4to15vertices_829instances_AdjacencyList__filehash_af0e2099,641,54db79f98d14845b,9,8,2,2,amplified,"[1, 1, 1]",scs,1e-07,100000,42,42,50,8,43,"[43, 44, 45, 46, 47, 48, 49, 50]","[{""seed"": 43, ""actual_energy"": 6.764329041806818}, {""seed"": 44, ""actual_energy"": 6.67820046521089}, {""seed"": 45, ""actual_energy"": 6.6964957715690785}, {""seed"": 46, ""actual_energy"": 6.610161878686668}, {""seed"": 47, ""actual_energy"": 6.754965534829823}, {""seed"": 48, ""actual_energy"": 6.797774146698217}, {""seed"": 49, ""actual_energy"": 6.649099499510344}, {""seed"": 50, ""actual_energy"": 6.837706130352372}]",10.71782873191415,6.2808697508464455,6.837706130352372,6.278728338725207,True,6.278728338725207,0.5860207237818694,0.6379749388970869,0.5858209247204362,1834.5355677604675,2026-09-02 13:23:54,2,3.1404348754232227,3.418853065176186,3.1393641693626035,437f543ee8d57161aecea2467c0221dbd129ad09b86b63e31ce562966221cd34,matched,/Users/julian/PycharmProjects/PythonProject/MasterThesis/QAOA/Code/optimal_results/optimal_results_misc.csv,5.34816466920271,0.5871986129199328,0.6392572548978489,0.5869984122666536
/Users/julian/PycharmProjects/PythonProject/MasterThesis/QAOA/Results/warm_start_cache_experiments/Exp4b_tf829_upto10_L2M2_kbest8_gpseed42_alg17start43/triangleFree_connected_4to15vertices_829instances_AdjacencyList__filehash_af0e2099/hog_idx000644_891140558a9b_seed42_L2_M2_amplified.npz,triangleFree_connected_4to15vertices_829instances_AdjacencyList__filehash_af0e2099,644,a49498c4d2e34ba0,9,8,2,2,amplified,"[1, 1, 1]",scs,1e-07,100000,42,42,43,8,43,"[43, 44, 45, 46, 47, 48, 49, 50]","[{""seed"": 43, ""actual_energy"": 6.659252682980271}, {""seed"": 44, ""actual_energy"": 6.2339014982960235}, {""seed"": 45, ""actual_energy"": 6.501986610285531}, {""seed"": 46, ""actual_energy"": 6.08124125847761}, {""seed"": 47, ""actual_energy"": 6.576447790116905}, {""seed"": 48, ""actual_energy"": 6.432270724128155}, {""seed"": 49, ""actual_energy"": 6.450520891037418}, {""seed"": 50, ""actual_energy"": 6.495153678959861}]",11.19609610358241,5.825120805185666,6.659252682980271,6.63940782893328,True,6.63940782893328,0.520281422318428,0.594783451425494,0.5930109716375935,1924.2016174793243,2026-09-02 13:42:34,2,2.912560402592833,3.3296263414901355,3.31970391446664,d9735c4f449a5ebdf23a6bffdc879934a9f14c1e887d59266f86c03a74bc689c,matched,/Users/julian/PycharmProjects/PythonProject/MasterThesis/QAOA/Code/optimal_results/optimal_results_misc.csv,5.593148553687507,0.5207371795395298,0.5953044710916798,0.5935304386431847
/Users/julian/PycharmProjects/PythonProject/MasterThesis/QAOA/Results/warm_start_cache_experiments/Exp4b_tf829_upto10_L2M2_kbest8_gpseed42_alg17start43/triangleFree_connected_4to15vertices_829instances_AdjacencyList__filehash_af0e2099/hog_idx000648_5b595ebfe017_seed42_L2_M2_amplified.npz,triangleFree_connected_4to15vertices_829instances_AdjacencyList__filehash_af0e2099,648,99d622afe95e71c9,9,8,2,2,amplified,"[1, 1, 1]",scs,1e-07,100000,42,42,50,8,43,"[43, 44, 45, 46, 47, 48, 49, 50]","[{""seed"": 43, ""actual_energy"": 7.124397664577425}, {""seed"": 44, ""actual_energy"": 7.127463214771056}, {""seed"": 45, ""actual_energy"": 7.167478556243892}, {""seed"": 46, ""actual_energy"": 6.991691537995703}, {""seed"": 47, ""actual_energy"": 7.085587389060668}, {""seed"": 48, ""actual_energy"": 7.176358021458521}, {""seed"": 49, ""actual_energy"": 6.97674112528531}, {""seed"": 50, ""actual_energy"": 7.2033377125169835}]",9.892086848124286,6.716949198820547,7.2033377125169835,5.798651259111705,True,5.798651259111705,0.6790224653248166,0.7281919197750334,0.586190896636864,2095.7900760173798,2026-09-02 13:28:15,2,3.3584745994102736,3.6016688562584918,2.8993256295558525,5f8c9a375d10d3288a2fee052851aa6e91d6c4602ec4d74b38c4c39e4031e35b,matched,/Users/julian/PycharmProjects/PythonProject/MasterThesis/QAOA/Code/optimal_results/optimal_results_misc.csv,4.942716035320278,0.6794795766964693,0.7286821315489775,0.5865855146922236
/Users/julian/PycharmProjects/PythonProject/MasterThesis/QAOA/Results/warm_start_cache_experiments/Exp4b_tf829_upto10_L2M2_kbest8_gpseed42_alg17start43/triangleFree_connected_4to15vertices_829instances_AdjacencyList__filehash_af0e2099/hog_idx000661_ed3dd0dfe9cd_seed42_L2_M2_amplified.npz,triangleFree_connected_4to15vertices_829instances_AdjacencyList__filehash_af0e2099,661,95c1bab778c29b7b,9,8,2,2,amplified,"[1, 1, 1]",scs,1e-07,100000,42,42,43,8,43,"[43, 44, 45, 46, 47, 48, 49, 50]","[{""seed"": 43, ""actual_energy"": 7.810477635188398}, {""seed"": 44, ""actual_energy"": 7.656326052764515}, {""seed"": 45, ""actual_energy"": 7.725915204323991}, {""seed"": 46, ""actual_energy"": 7.689088340431905}, {""seed"": 47, ""actual_energy"": 7.72696127363751}, {""seed"": 48, ""actual_energy"": 7.4888919116773796}, {""seed"": 49, ""actual_energy"": 7.730904245760284}, {""seed"": 50, ""actual_energy"": 7.474861983651509}]",10.633768042331232,7.088731432869388,7.810477635188398,6.2644926911561996,True,6.2644926911561996,0.6666246061274185,0.7344976497602927,0.5891131597208359,1669.4002346992493,2026-09-02 13:14:47,2,3.544365716434694,3.905238817594199,3.1322463455780998,6e6fffe3ec9cdf79cfcb26c2e5cbf87ed4361ec75c153f6285a434ec7ce23316,matched,/Users/julian/PycharmProjects/PythonProject/MasterThesis/QAOA/Code/optimal_results/optimal_results_misc.csv,5.30206513543455,0.6684877733295147,0.7365505171739335,0.5907596880779145
/Users/julian/PycharmProjects/PythonProject/MasterThesis/QAOA/Results/warm_start_cache_experiments/Exp4b_tf829_upto10_L2M2_kbest8_gpseed42_alg17start43/triangleFree_connected_4to15vertices_829instances_AdjacencyList__filehash_af0e2099/hog_idx000665_2d1022c51f87_seed42_L2_M2_amplified.npz,triangleFree_connected_4to15vertices_829instances_AdjacencyList__filehash_af0e2099,665,48e31ef36f1c2a46,9,8,2,2,amplified,"[1, 1, 1]",scs,1e-07,100000,42,42,50,8,43,"[43, 44, 45, 46, 47, 48, 49, 50]","[{""seed"": 43, ""actual_energy"": 6.734029805363789}, {""seed"": 44, ""actual_energy"": 6.46213203959233}, {""seed"": 45, ""actual_energy"": 6.391312085389078}, {""seed"": 46, ""actual_energy"": 6.514537919464986}, {""seed"": 47, ""actual_energy"": 6.737272900917045}, {""seed"": 48, ""actual_energy"": 6.680112932647045}, {""seed"": 49, ""actual_energy"": 6.731246520665899}, {""seed"": 50, ""actual_energy"": 6.97242284998129}]",11.388356739647794,6.023016962399236,6.97242284998129,6.758953357461094,True,6.758953357461094,0.5288749817109706,0.6122413452071861,0.5934968066051404,1822.3442730903625,2026-09-02 13:23:41,2,3.011508481199618,3.486211424990645,3.379476678730547,7f54c6f0cb7cec894c1dc195bd06aa347565c89f333eb6bd2528ab6c80692691,matched,/Users/julian/PycharmProjects/PythonProject/MasterThesis/QAOA/Code/optimal_results/optimal_results_misc.csv,5.685718199655416,0.5296619310788443,0.6131523411065162,0.5943799112195466
/Users/julian/PycharmProjects/PythonProject/MasterThesis/QAOA/Results/warm_start_cache_experiments/Exp4b_tf829_upto10_L2M2_kbest8_gpseed42_alg17start43/triangleFree_connected_4to15vertices_829instances_AdjacencyList__filehash_af0e2099/hog_idx000710_3e8fe74945f5_seed42_L2_M2_amplified.npz,triangleFree_connected_4to15vertices_829instances_AdjacencyList__filehash_af0e2099,710,2e8d5f5ca9a3240b,8,12,2,2,amplified,"[1, 1, 1]",scs,1e-07,100000,42,42,47,8,43,"[43, 44, 45, 46, 47, 48, 49, 50]","[{""seed"": 43, ""actual_energy"": 10.362759557474186}, {""seed"": 44, ""actual_energy"": 10.400957818827681}, {""seed"": 45, ""actual_energy"": 10.422327593673565}, {""seed"": 46, ""actual_energy"": 10.056053093178932}, {""seed"": 47, ""actual_energy"": 10.452241739983965}, {""seed"": 48, ""actual_energy"": 10.215392626524281}, {""seed"": 49, ""actual_energy"": 10.33331617597501}, {""seed"": 50, ""actual_energy"": 10.438609261167468}]",14.536607413831497,9.827101613794646,10.452241739983965,8.54952433372418,True,8.54952433372418,0.6760244212445482,0.7190289620148039,0.5881375268887952,617.3874132633209,2026-09-02 13:29:53,2,4.913550806897323,5.226120869991982,4.27476216686209,1d544ca0407fb62b49c1183575aead60a36e5afef850e81d53fc618a9e071320,matched,/Users/julian/PycharmProjects/PythonProject/MasterThesis/QAOA/Code/optimal_results/optimal_results_misc.csv,7.219115946911938,0.6806305429959402,0.7239280970722624,0.5921448274688912
/Users/julian/PycharmProjects/PythonProject/MasterThesis/QAOA/Results/warm_start_cache_experiments/Exp4b_tf829_upto10_L2M2_kbest8_gpseed42_alg17start43/triangleFree_connected_4to15vertices_829instances_AdjacencyList__filehash_af0e2099/hog_idx000714_d3f67ff61688_seed42_L2_M2_amplified.npz,triangleFree_connected_4to15vertices_829instances_AdjacencyList__filehash_af0e2099,714,7103a9a4b13b9f3e,9,14,2,2,amplified,"[1, 1, 1]",scs,1e-07,100000,42,42,45,8,43,"[43, 44, 45, 46, 47, 48, 49, 50]","[{""seed"": 43, ""actual_energy"": 10.96415456941527}, {""seed"": 44, ""actual_energy"": 11.033125561314339}, {""seed"": 45, ""actual_energy"": 11.060690868269887}, {""seed"": 46, ""actual_energy"": 10.906979258698387}, {""seed"": 47, ""actual_energy"": 10.818104480809966}, {""seed"": 48, ""actual_energy"": 11.014292254913977}, {""seed"": 49, ""actual_energy"": 10.821363722217376}, {""seed"": 50, ""actual_energy"": 10.883560160769091}]",17.609646979715006,10.323328207259896,11.060690868269887,10.286102442155952,True,10.286102442155952,0.5862314116320217,0.6281040659708269,0.5841174700438215,1657.1277701854706,2026-09-02 13:20:56,2,5.161664103629948,5.530345434134944,5.143051221077976,c406e756b478eb862630bc38651eeaaa5bb0ff74a2ecaee98c3ebee6ca02e403,matched,/Users/julian/PycharmProjects/PythonProject/MasterThesis/QAOA/Code/optimal_results/optimal_results_misc.csv,8.791169495586887,0.5871419162400489,0.6290796050413023,0.5850246913860273
/Users/julian/PycharmProjects/PythonProject/MasterThesis/QAOA/Results/warm_start_cache_experiments/Exp4b_tf829_upto10_L2M2_kbest8_gpseed42_alg17start43/triangleFree_connected_4to15vertices_829instances_AdjacencyList__filehash_af0e2099/hog_idx000742_dd8e31323ee8_seed42_L2_M2_amplified.npz,triangleFree_connected_4to15vertices_829instances_AdjacencyList__filehash_af0e2099,742,c8235250f493f983,8,12,2,2,amplified,"[1, 1, 1]",scs,1e-07,100000,42,42,43,8,43,"[43, 44, 45, 46, 47, 48, 49, 50]","[{""seed"": 43, ""actual_energy"": 9.505325258455027}, {""seed"": 44, ""actual_energy"": 9.370504570930255}, {""seed"": 45, ""actual_energy"": 9.490424698897206}, {""seed"": 46, ""actual_energy"": 9.383351004070176}, {""seed"": 47, ""actual_energy"": 9.440219974303746}, {""seed"": 48, ""actual_energy"": 9.34112416349941}, {""seed"": 49, ""actual_energy"": 9.481215500363659}, {""seed"": 50, ""actual_energy"": 9.431232861804077}]",14.879776747986709,8.985809859780971,9.505325258455027,8.683081837572907,True,8.683081837572907,0.6038941317447378,0.638808324845407,0.5835492013512744,644.5666320323944,2026-09-02 13:04:04,2,4.492904929890486,4.752662629227514,4.341540918786453,47cdcb285c1e5ecb1b8655d24a2983839ce601ff4abc4a985fce3c5e8367c3fe,matched,/Users/julian/PycharmProjects/PythonProject/MasterThesis/QAOA/Code/optimal_results/optimal_results_misc.csv,7.428834771071676,0.6047926853059277,0.6397588283608978,0.5844174830341727
/Users/julian/PycharmProjects/PythonProject/MasterThesis/QAOA/Results/warm_start_cache_experiments/Exp4b_tf829_upto10_L2M2_kbest8_gpseed42_alg17start43/triangleFree_connected_4to15vertices_829instances_AdjacencyList__filehash_af0e2099/hog_idx000743_ec27cbadb484_seed42_L2_M2_amplified.npz,triangleFree_connected_4to15vertices_829instances_AdjacencyList__filehash_af0e2099,743,73a42eef64068acd,7,8,2,2,amplified,"[1, 1, 1]",scs,1e-07,100000,42,42,49,8,43,"[43, 44, 45, 46, 47, 48, 49, 50]","[{""seed"": 43, ""actual_energy"": 7.217673569480108}, {""seed"": 44, ""actual_energy"": 7.293312720166326}, {""seed"": 45, ""actual_energy"": 7.29225653566637}, {""seed"": 46, ""actual_energy"": 7.303376594045189}, {""seed"": 47, ""actual_energy"": 7.202408986255173}, {""seed"": 48, ""actual_energy"": 7.048453765018751}, {""seed"": 49, ""actual_energy"": 7.4401455426024805}, {""seed"": 50, ""actual_energy"": 7.409669455767652}]",10.179144367940102,6.907825229571285,7.4401455426024805,5.967229805253582,True,5.967229805253582,0.6786253323342131,0.7309205247187296,0.5862211586317384,209.38076996803284,2026-09-02 13:13:59,2,3.4539126147856427,3.7200727713012403,2.983614902626791,cdcf5cba9215c38b317559cb2e4432f479f7f352e54d5e12f105d4d258e9a6c8,matched,/Users/julian/PycharmProjects/PythonProject/MasterThesis/QAOA/Code/optimal_results/optimal_results_misc.csv,5.040820639598967,0.6851885559372781,0.7379895134688226,0.5918907090620384
/Users/julian/PycharmProjects/PythonProject/MasterThesis/QAOA/Results/warm_start_cache_experiments/Exp4b_tf829_upto10_L2M2_kbest8_gpseed42_alg17start43/triangleFree_connected_4to15vertices_829instances_AdjacencyList__filehash_af0e2099/hog_idx000789_c1afdbc1b711_seed42_L2_M2_amplified.npz,triangleFree_connected_4to15vertices_829instances_AdjacencyList__filehash_af0e2099,789,e59f34e9d49c2cf9,9,10,2,2,amplified,"[1, 1, 1]",scs,1e-07,100000,42,42,49,8,43,"[43, 44, 45, 46, 47, 48, 49, 50]","[{""seed"": 43, ""actual_energy"": 8.753653535341645}, {""seed"": 44, ""actual_energy"": 8.697183952253095}, {""seed"": 45, ""actual_energy"": 8.842517347278894}, {""seed"": 46, ""actual_energy"": 8.740410842440326}, {""seed"": 47, ""actual_energy"": 8.794185417447967}, {""seed"": 48, ""actual_energy"": 8.534670694499619}, {""seed"": 49, ""actual_energy"": 8.848209291177554}, {""seed"": 50, ""actual_energy"": 8.773491221743088}]",12.780241995894976,8.219274971419175,8.848209291177554,7.4592135496270755,True,7.4592135496270755,0.6431235788852209,0.692335035128412,0.5836519803007628,1818.0128235816956,2026-09-02 13:23:37,2,4.109637485709587,4.424104645588777,3.7296067748135378,febf53b62b08df5398e78e79f615bc8391834a4d9b825dd71f042798c42fe77f,matched,/Users/julian/PycharmProjects/PythonProject/MasterThesis/QAOA/Code/optimal_results/optimal_results_misc.csv,6.36154977625587,0.6460119986875809,0.6954444751971447,0.5862732991155846
/Users/julian/PycharmProjects/PythonProject/MasterThesis/QAOA/Results/warm_start_cache_experiments/Exp4b_tf829_upto10_L2M2_kbest8_gpseed42_alg17start43/triangleFree_connected_4to15vertices_829instances_AdjacencyList__filehash_af0e2099/hog_idx000799_79c138f1713a_seed42_L2_M2_amplified.npz,triangleFree_connected_4to15vertices_829instances_AdjacencyList__filehash_af0e2099,799,0ccca5581eefeb8f,8,10,2,2,amplified,"[1, 1, 1]",scs,1e-07,100000,42,42,48,8,43,"[43, 44, 45, 46, 47, 48, 49, 50]","[{""seed"": 43, ""actual_energy"": 7.767007089605317}, {""seed"": 44, ""actual_energy"": 7.871242271936059}, {""seed"": 45, ""actual_energy"": 7.9845146471670345}, {""seed"": 46, ""actual_energy"": 7.923683360288415}, {""seed"": 47, ""actual_energy"": 7.929651281531465}, {""seed"": 48, ""actual_energy"": 8.017369104538009}, {""seed"": 49, ""actual_energy"": 7.949761771871817}, {""seed"": 50, ""actual_energy"": 7.835581877477007}]",13.312654406085832,7.347015303282947,8.017369104538009,7.802465518299377,True,7.802465518299377,0.5518820724381072,0.6022367035136807,0.586093898353773,621.8952543735504,2026-09-02 13:03:41,2,3.6735076516414735,4.008684552269004,3.9012327591496887,1786626bc6a09c0a58ea8325b9bff23014a58bf158cc9aab5b4e7792c5126fd4,matched,/Users/julian/PycharmProjects/PythonProject/MasterThesis/QAOA/Code/optimal_results/optimal_results_misc.csv,6.65020902248552,0.5523898029702076,0.6027907602174519,0.5866331037053029
/Users/julian/PycharmProjects/PythonProject/MasterThesis/QAOA/Results/warm_start_cache_experiments/Exp4b_tf829_upto10_L2M2_kbest8_gpseed42_alg17start43/triangleFree_connected_4to15vertices_829instances_AdjacencyList__filehash_af0e2099/hog_idx000800_c45373aeb17e_seed42_L2_M2_amplified.npz,triangleFree_connected_4to15vertices_829instances_AdjacencyList__filehash_af0e2099,800,1983ad6ed839a2ab,8,10,2,2,amplified,"[1, 1, 1]",scs,1e-07,100000,42,42,45,8,43,"[43, 44, 45, 46, 47, 48, 49, 50]","[{""seed"": 43, ""actual_energy"": 6.289786277013914}, {""seed"": 44, ""actual_energy"": 6.11699687097464}, {""seed"": 45, ""actual_energy"": 6.349263758040333}, {""seed"": 46, ""actual_energy"": 6.152461048772437}, {""seed"": 47, ""actual_energy"": 6.337771679107998}, {""seed"": 48, ""actual_energy"": 6.348155731026489}, {""seed"": 49, ""actual_energy"": 6.33800394192792}, {""seed"": 50, ""actual_energy"": 6.318840284294618}]",13.410712099645608,5.741715563164841,6.349263758040333,7.838339977098833,True,7.838339977098833,0.4281439733029965,0.47344717497947925,0.5844835023567444,567.272780418396,2026-09-02 12:56:25,2,2.8708577815824206,3.1746318790201666,3.9191699885494167,9fa1b58fb02d2e135315657af4ba62a4f819f8a66beb20100372811c02404e20,matched,/Users/julian/PycharmProjects/PythonProject/MasterThesis/QAOA/Code/optimal_results/optimal_results_misc.csv,6.699354140139737,0.4285275448242746,0.47387133335721066,0.5850071374891774
/Users/julian/PycharmProjects/PythonProject/MasterThesis/QAOA/Results/warm_start_cache_experiments/Exp4b_tf829_upto10_L2M2_kbest8_gpseed42_alg17start43/triangleFree_connected_4to15vertices_829instances_AdjacencyList__filehash_af0e2099/hog_idx000812_baebcad8e3f2_seed42_L2_M2_amplified.npz,triangleFree_connected_4to15vertices_829instances_AdjacencyList__filehash_af0e2099,812,24721168a90fc9f5,8,9,2,2,amplified,"[1, 1, 1]",scs,1e-07,100000,42,42,50,8,43,"[43, 44, 45, 46, 47, 48, 49, 50]","[{""seed"": 43, ""actual_energy"": 6.513998516370197}, {""seed"": 44, ""actual_energy"": 6.655577305886318}, {""seed"": 45, ""actual_energy"": 6.485466992441598}, {""seed"": 46, ""actual_energy"": 6.321845416426009}, {""seed"": 47, ""actual_energy"": 6.714741519479584}, {""seed"": 48, ""actual_energy"": 6.526845780588182}, {""seed"": 49, ""actual_energy"": 6.388915545950692}, {""seed"": 50, ""actual_energy"": 6.717276628956826}]",12.228744661767326,5.960181117490446,6.717276628956826,7.203087617959168,True,7.203087617959168,0.4873910840680737,0.5493022231429951,0.5890291945075384,585.2611100673676,2026-09-02 12:56:43,2,2.980090558745223,3.358638314478413,3.601543808979584,5afa3a4e3dd09679a0d3d1844775d5bf57ba063ceee8fe3962e2196da3143808,matched,/Users/julian/PycharmProjects/PythonProject/MasterThesis/QAOA/Code/optimal_results/optimal_results_misc.csv,6.11103422062276,0.4876573180834732,0.5496022756907656,0.5893509476391968
/Users/julian/PycharmProjects/PythonProject/MasterThesis/QAOA/Results/warm_start_cache_experiments/Exp4b_tf829_upto10_L2M2_kbest8_gpseed42_alg17start43/triangleFree_connected_4to15vertices_829instances_AdjacencyList__filehash_af0e2099/hog_idx000817_dfadeda18918_seed42_L2_M2_amplified.npz,triangleFree_connected_4to15vertices_829instances_AdjacencyList__filehash_af0e2099,817,1a33505ec3fbd92d,9,9,2,2,amplified,"[1, 1, 1]",scs,1e-07,100000,42,42,48,8,43,"[43, 44, 45, 46, 47, 48, 49, 50]","[{""seed"": 43, ""actual_energy"": 7.584275612847419}, {""seed"": 44, ""actual_energy"": 7.8719356610370514}, {""seed"": 45, ""actual_energy"": 7.816859211126612}, {""seed"": 46, ""actual_energy"": 7.713527074442132}, {""seed"": 47, ""actual_energy"": 7.716590134195545}, {""seed"": 48, ""actual_energy"": 7.934256635512896}, {""seed"": 49, ""actual_energy"": 7.657795916528957}, {""seed"": 50, ""actual_energy"": 7.7897570561664775}]",11.785337770526613,7.2497411746591105,7.934256635512896,6.876082236716345,True,6.876082236716345,0.6151492062272191,0.6732311614653335,0.5834437986081663,1680.5906131267548,2026-09-02 13:31:50,2,3.6248705873295552,3.967128317756448,3.4380411183581727,0152b7ce22b3c435c03962bce5ef13ec5981d9e2225230ca851c91efe620c082,matched,/Users/julian/PycharmProjects/PythonProject/MasterThesis/QAOA/Code/optimal_results/optimal_results_misc.csv,5.859305953267542,0.6186518704161683,0.677064544742558,0.586765931968596
