run_id,n,m,p,precision/iterations,singlet_injection,warm_start,parameter_vector,result,result_010101,approx_ratio,approx_ratio_010101,diff. approx. ratio,sdp ws greater,duration_seconds,finished_at,processor,hostname,total_ram_gb,physical_cores,logical_cores,python_version,peak_ram_mb,optimiser,n_start,n_end,start_index_singlet,compare_with_010101,warm_start_correlations,init_QAOAparams_close_to_zero,use_correlations_as_initial_params,time_limit,failed_instance_termination_thrsh,graph_generation_type,weighted,easiest_first,cpu_util_threshold,debug,rerun_exclude_finished_instances
6839d327,3,2,1,100.0,False,True,"[1, 1, 1]",0.9997552052270807,0.9997551650434412,0.6665034701513871,0.6665034433622942,0.0,True,0.33978986740112305,2026-04-10 14:40:32,Apple M4,Mac-mini-som-tillhor-Julian.local,16.0,10,10,3.13.1,209.3,ADAM,2,14,0,True,False,False,False,10800,10,line,False,True,85,False,True
2a5869f0,4,3,1,100.0,False,True,"[1, 1, 1]",1.4999999989912813,1.4999999999976212,0.6339814027858331,0.633981403211167,0.0,True,0.4322822093963623,2026-04-10 14:40:35,Apple M4,Mac-mini-som-tillhor-Julian.local,16.0,10,10,3.13.1,207.41,ADAM,2,14,0,True,False,False,False,10800,10,line,False,True,85,False,True
e777ed65,5,4,1,100.0,False,True,"[1, 1, 1]",1.9999994904416702,1.999999462902015,0.6830599352601333,0.6830599258545134,0.0,True,0.5323359966278076,2026-04-10 14:40:37,Apple M4,Mac-mini-som-tillhor-Julian.local,16.0,10,10,3.13.1,208.14,ADAM,2,14,0,True,False,False,False,10800,10,line,False,True,85,False,True
6a9b6b3c,6,5,1,100.0,False,True,"[1, 1, 1]",2.499999435536314,2.499999445676284,0.6677348919701693,0.6677348946784947,0.0,True,0.6665730476379395,2026-04-10 14:40:40,Apple M4,Mac-mini-som-tillhor-Julian.local,16.0,10,10,3.13.1,211.11,ADAM,2,14,0,True,False,False,False,10800,10,line,False,True,85,False,True
eb51c81a,7,6,1,100.0,False,True,"[1, 1, 1]",2.999999664111264,2.9999997093657105,0.6918818413540738,0.6918818517909848,0.0,True,0.9838237762451172,2026-04-10 14:40:45,Apple M4,Mac-mini-som-tillhor-Julian.local,16.0,10,10,3.13.1,213.02,ADAM,2,14,0,True,False,False,False,10800,10,line,False,True,85,False,True
a34e0d77,8,7,1,100.0,False,True,"[1, 1, 1]",3.499999730846466,3.4999996747638904,0.6829267767505299,0.6829267658075884,0.0,True,2.6646881103515625,2026-04-10 14:40:49,Apple M4,Mac-mini-som-tillhor-Julian.local,16.0,10,10,3.13.1,229.92,ADAM,2,14,0,True,False,False,False,10800,10,line,False,True,85,False,True
81f8c8a7,3,2,1,300.0,False,True,"[1, 1, 1]",0.9999998308780037,0.9999998266152195,0.6666665539186691,0.6666665510768129,0.0,True,0.9739608764648438,2026-04-10 14:41:08,Apple M4,Mac-mini-som-tillhor-Julian.local,16.0,10,10,3.13.1,208.78,ADAM,2,14,0,True,False,False,False,10800,10,line,False,True,85,False,True
13cb7ee2,9,8,1,100.0,False,True,"[1, 1, 1]",3.9999999283686503,3.99999982089139,0.6973500572469753,0.6973500385096566,0.0,True,15.508650779724121,2026-04-10 14:41:10,Apple M4,Mac-mini-som-tillhor-Julian.local,16.0,10,10,3.13.1,306.23,ADAM,2,14,0,True,False,False,False,10800,10,line,False,True,85,False,True
9d36815c,3,2,2,100.0,False,True,"[1, 1, 1]",0.9999993821461742,0.9999993708321381,0.6666662547641161,0.6666662472214254,0.0,True,1.0242910385131836,2026-04-10 14:42:46,Apple M4,Mac-mini-som-tillhor-Julian.local,16.0,10,10,3.13.1,211.36,ADAM,2,14,0,True,False,False,False,10800,10,line,False,True,85,False,True
d5b495a6,4,3,1,300.0,False,True,"[1, 1, 1]",1.4999999963831396,1.4999999989565387,0.6339814016834909,0.633981402771149,0.0,True,1.5318808555603027,2026-04-10 14:42:53,Apple M4,Mac-mini-som-tillhor-Julian.local,16.0,10,10,3.13.1,214.7,ADAM,2,14,0,True,False,False,False,10800,10,line,False,True,85,False,True
b24879e1,10,9,1,100.0,False,True,"[1, 1, 1]",4.499991259911356,4.49999083828902,0.6914553257392987,0.6914552609540596,0.0,True,130.2424132823944,2026-04-10 14:43:20,Apple M4,Mac-mini-som-tillhor-Julian.local,16.0,10,10,3.13.1,353.23,ADAM,2,14,0,True,False,False,False,10800,10,line,False,True,85,False,True
c943aa1a,5,4,1,300.0,False,True,"[1, 1, 1]",1.999994701157195,1.9999946803966406,0.6830582995755448,0.6830582924851915,0.0,True,2.016447067260742,2026-04-10 14:43:36,Apple M4,Mac-mini-som-tillhor-Julian.local,16.0,10,10,3.13.1,213.89,ADAM,2,14,0,True,False,False,False,10800,10,line,False,True,85,False,True
f53c1034,3,2,1,500.0,False,True,"[1, 1, 1]",0.9999997760165801,0.9999997782264123,0.6666665173443868,0.6666665188176082,0.0,True,2.1818490028381348,2026-04-10 14:43:42,Apple M4,Mac-mini-som-tillhor-Julian.local,16.0,10,10,3.13.1,213.27,ADAM,2,14,0,True,False,False,False,10800,10,line,False,True,85,False,True
b1395f17,4,3,2,100.0,False,True,"[1, 1, 1]",1.499998553367143,1.4999985292086404,0.63398079178662,0.6339807815759257,0.0,True,1.4358611106872559,2026-04-10 14:43:47,Apple M4,Mac-mini-som-tillhor-Julian.local,16.0,10,10,3.13.1,215.08,ADAM,2,14,0,True,False,False,False,10800,10,line,False,True,85,False,True
441b6c58,6,5,1,300.0,False,True,"[1, 1, 1]",2.4999996645614235,2.499999722279645,0.6677349531414059,0.6677349685575974,0.0,True,2.6660640239715576,2026-04-10 14:44:01,Apple M4,Mac-mini-som-tillhor-Julian.local,16.0,10,10,3.13.1,217.89,ADAM,2,14,0,True,False,False,False,10800,10,line,False,True,85,False,True
09f95633,5,4,2,100.0,False,True,"[1, 1, 1]",1.999797388362114,1.9997976864131464,0.6829909113258587,0.682991013119244,0.0,True,1.8183469772338867,2026-04-10 14:44:06,Apple M4,Mac-mini-som-tillhor-Julian.local,16.0,10,10,3.13.1,215.3,ADAM,2,14,0,True,False,False,False,10800,10,line,False,True,85,False,True
d1d76d0c,4,3,1,500.0,False,True,"[1, 1, 1]",1.499999997180269,1.4999999998920206,0.6339814020204011,0.6339814031665345,0.0,True,2.785299062728882,2026-04-10 14:44:13,Apple M4,Mac-mini-som-tillhor-Julian.local,16.0,10,10,3.13.1,215.06,ADAM,2,14,0,True,False,False,False,10800,10,line,False,True,85,False,True
52a828f0,7,6,1,300.0,False,True,"[1, 1, 1]",2.99999970704161,2.999999745548338,0.6918818512549838,0.6918818601356868,0.0,True,4.224569082260132,2026-04-10 14:44:21,Apple M4,Mac-mini-som-tillhor-Julian.local,16.0,10,10,3.13.1,223.67,ADAM,2,14,0,True,False,False,False,10800,10,line,False,True,85,False,True
e3609fd3,6,5,2,100.0,False,True,"[1, 1, 1]",2.499999959084674,2.499999984744385,0.6677350318068039,0.6677350386603592,0.0,True,2.421701669692993,2026-04-10 14:44:21,Apple M4,Mac-mini-som-tillhor-Julian.local,16.0,10,10,3.13.1,218.3,ADAM,2,14,0,True,False,False,False,10800,10,line,False,True,85,False,True
db138126,8,7,1,300.0,False,True,"[1, 1, 1]",3.4999993543141166,3.499999434830039,0.6829267032808032,0.6829267189912271,0.0,True,11.67682695388794,2026-04-10 14:44:37,Apple M4,Mac-mini-som-tillhor-Julian.local,16.0,10,10,3.13.1,259.42,ADAM,2,14,0,True,False,False,False,10800,10,line,False,True,85,False,True
7cac2e1b,5,4,1,500.0,False,True,"[1, 1, 1]",1.9999990816360191,1.9999990462624697,0.683059795640717,0.6830597835595866,0.0,True,3.662734031677246,2026-04-10 14:44:38,Apple M4,Mac-mini-som-tillhor-Julian.local,16.0,10,10,3.13.1,215.41,ADAM,2,14,0,True,False,False,False,10800,10,line,False,True,85,False,True
e5e47d8f,3,2,3,100.0,False,True,"[1, 1, 1]",0.9998823270117948,0.9998822925403565,0.6665882180078632,0.6665881950269044,0.0,True,2.103132963180542,2026-04-10 14:44:42,Apple M4,Mac-mini-som-tillhor-Julian.local,16.0,10,10,3.13.1,212.38,ADAM,2,14,0,True,False,False,False,10800,10,line,False,True,85,False,True
1297ae26,7,6,2,100.0,False,True,"[1, 1, 1]",2.9998367027313906,2.999836201515243,0.691844258010007,0.691844142415877,0.0,True,3.4998152256011963,2026-04-10 14:44:49,Apple M4,Mac-mini-som-tillhor-Julian.local,16.0,10,10,3.13.1,223.83,ADAM,2,14,0,True,False,False,False,10800,10,line,False,True,85,False,True
e7ae9697,6,5,1,500.0,False,True,"[1, 1, 1]",2.499999945079254,2.4999999783648112,0.66773502806604,0.6677350369564132,0.0,True,4.95060396194458,2026-04-10 14:45:10,Apple M4,Mac-mini-som-tillhor-Julian.local,16.0,10,10,3.13.1,215.02,ADAM,2,14,0,True,False,False,False,10800,10,line,False,True,85,False,True
2bb67f3a,9,8,1,300.0,False,True,"[1, 1, 1]",3.9999870727656064,3.999987159720799,0.6973478160330555,0.697347831192608,0.0,True,68.41139507293701,2026-04-10 14:45:51,Apple M4,Mac-mini-som-tillhor-Julian.local,16.0,10,10,3.13.1,406.03,ADAM,2,14,0,True,False,False,False,10800,10,line,False,True,85,False,True
0ded7e49,8,7,2,100.0,False,True,"[1, 1, 1]",3.499999505606626,3.4999994602864124,0.6829267328012929,0.6829267239583243,0.0,True,7.9204840660095215,2026-04-10 14:50:14,Apple M4,Mac-mini-som-tillhor-Julian.local,16.0,10,10,3.13.1,258.47,ADAM,2,14,0,True,False,False,False,10800,10,line,False,True,85,False,True
d0cbcffe,7,6,1,500.0,False,True,"[1, 1, 1]",2.9999999982449546,2.9999999981539474,0.6918819184144267,0.691881918393438,0.0,True,7.441690921783447,2026-04-10 14:51:04,Apple M4,Mac-mini-som-tillhor-Julian.local,16.0,10,10,3.13.1,223.0,ADAM,2,14,0,True,False,False,False,10800,10,line,False,True,85,False,True
bffbcfd8,10,9,1,300.0,False,True,"[1, 1, 1]",4.499999782633965,4.499999772753017,0.6914566353156061,0.691456633797329,0.0,True,473.7421567440033,2026-04-10 14:52:46,Apple M4,Mac-mini-som-tillhor-Julian.local,16.0,10,10,3.13.1,361.25,ADAM,2,14,0,True,False,False,False,10800,10,line,False,True,85,False,True
daf043d4,9,8,2,100.0,False,True,"[1, 1, 1]",3.999997429846845,3.9999975746326104,0.6973496216608865,0.6973496469024775,0.0,True,37.23426270484924,2026-04-10 14:56:04,Apple M4,Mac-mini-som-tillhor-Julian.local,16.0,10,10,3.13.1,383.17,ADAM,2,14,0,True,False,False,False,10800,10,line,False,True,85,False,True
34c5871b,4,3,3,100.0,False,True,"[1, 1, 1]",1.4999699608714363,1.4999698238884558,0.6339687070462537,0.6339686491498122,0.0,True,2.75347900390625,2026-04-10 14:56:11,Apple M4,Mac-mini-som-tillhor-Julian.local,16.0,10,10,3.13.1,212.56,ADAM,2,14,0,True,False,False,False,10800,10,line,False,True,85,False,True
6d116ecd,3,2,2,300.0,False,True,"[1, 1, 1]",0.9999997440710119,0.9999997366278687,0.6666664960473413,0.6666664910852458,0.0,True,3.4769439697265625,2026-04-10 14:56:20,Apple M4,Mac-mini-som-tillhor-Julian.local,16.0,10,10,3.13.1,212.98,ADAM,2,14,0,True,False,False,False,10800,10,line,False,True,85,False,True
a5b21d05,11,10,1,100.0,False,True,"[1, 1, 1]",4.999999999935422,4.999999999941285,0.7010656197329532,0.7010656197337753,0.0,True,1214.4189231395721,2026-04-10 15:01:29,Apple M4,Mac-mini-som-tillhor-Julian.local,16.0,10,10,3.13.1,470.02,ADAM,2,14,0,True,False,False,False,10800,10,line,False,True,85,False,True
c6139012,10,9,2,100.0,False,True,"[1, 1, 1]",4.499999317615292,4.499999085524537,0.6914565638622145,0.6914565281998366,0.0,True,285.15672302246094,2026-04-10 15:01:53,Apple M4,Mac-mini-som-tillhor-Julian.local,16.0,10,10,3.13.1,350.75,ADAM,2,14,0,True,False,False,False,10800,10,line,False,True,85,False,True
3e9291c5,8,7,1,500.0,False,True,"[1, 1, 1]",3.4999999997009614,3.4999999578671526,0.6829268292099437,0.6829268210472493,0.0,True,19.776432991027832,2026-04-10 15:07:02,Apple M4,Mac-mini-som-tillhor-Julian.local,16.0,10,10,3.13.1,258.2,ADAM,2,14,0,True,False,False,False,10800,10,line,False,True,85,False,True
094c09fa,11,10,2,100.0,False,True,"[1, 1, 1]",4.999070428558961,4.999072031846039,0.7009352816263267,0.7009355064282163,-1.0000000000287557e-06,False,2215.1782207489014,2026-04-10 15:44:28,Apple M4,Mac-mini-som-tillhor-Julian.local,16.0,10,10,3.13.1,446.77,ADAM,2,14,0,True,False,False,False,10800,10,line,False,True,85,False,True
f0208f0b,5,4,3,100.0,False,True,"[1, 1, 1]",1.9999999464732336,1.99999989900291,0.6830600910086181,0.6830600747960758,0.0,True,3.832066059112549,2026-04-10 15:50:43,Apple M4,Mac-mini-som-tillhor-Julian.local,16.0,10,10,3.13.1,213.84,ADAM,2,14,0,True,False,False,False,10800,10,line,False,True,85,False,True
f6f6e364,11,10,1,300.0,False,True,"[1, 1, 1]",4.999999898734931,4.999999969699493,0.7010656055433162,0.7010656154934791,0.0,True,3878.453270673752,2026-04-10 15:55:04,Apple M4,Mac-mini-som-tillhor-Julian.local,16.0,10,10,3.13.1,472.22,ADAM,2,14,0,True,False,False,False,10800,10,line,False,True,85,False,True
169d6e6c,9,8,1,500.0,False,True,"[1, 1, 1]",3.9999998276105955,3.9999995438019837,0.6973500396810662,0.6973499902025774,0.0,True,117.0753002166748,2026-04-10 16:02:00,Apple M4,Mac-mini-som-tillhor-Julian.local,16.0,10,10,3.13.1,390.86,ADAM,2,14,0,True,False,False,False,10800,10,line,False,True,85,False,True
9692b1d2,3,2,4,100.0,False,True,"[1, 1, 1]",0.9998643554501794,0.9998644763535702,0.6665762369667863,0.6665763175690468,0.0,True,3.62802791595459,2026-04-10 16:10:04,Apple M4,Mac-mini-som-tillhor-Julian.local,16.0,10,10,3.13.1,210.61,ADAM,2,14,0,True,False,False,False,10800,10,line,False,True,85,False,True
975eb698,4,3,2,300.0,False,True,"[1, 1, 1]",1.499999399496202,1.4999994179920721,0.6339811494066787,0.6339811572240373,0.0,True,4.868765830993652,2026-04-10 16:16:20,Apple M4,Mac-mini-som-tillhor-Julian.local,16.0,10,10,3.13.1,212.2,ADAM,2,14,0,True,False,False,False,10800,10,line,False,True,85,False,True
365cdc7a,10,9,1,500.0,False,True,"[1, 1, 1]",4.499999827151095,4.499999878313093,0.6914566421559765,0.6914566500173775,0.0,True,852.629096031189,2026-04-10 16:42:57,Apple M4,Mac-mini-som-tillhor-Julian.local,16.0,10,10,3.13.1,325.73,ADAM,2,14,0,True,False,False,False,10800,10,line,False,True,85,False,True
655e1da7,12,11,1,100.0,False,True,"[1, 1, 1]",5.49999999790702,5.499999323494004,0.6969082612654612,0.696908175810188,0.0,True,10243.4751663208,2026-04-10 17:32:38,Apple M4,Mac-mini-som-tillhor-Julian.local,16.0,10,10,3.13.1,1218.61,ADAM,2,14,0,True,False,False,False,10800,10,line,False,True,85,False,True
050d55fa,6,5,3,100.0,False,True,"[1, 1, 1]",2.499960124431682,2.4999599844375022,0.6677243922093168,0.6677243548177089,0.0,True,4.608580112457275,2026-04-10 17:38:09,Apple M4,Mac-mini-som-tillhor-Julian.local,16.0,10,10,3.13.1,214.61,ADAM,2,14,0,True,False,False,False,10800,10,line,False,True,85,False,True
c8595824,5,4,2,300.0,False,True,"[1, 1, 1]",1.9999907539823636,1.9999907501281469,0.6830569514967089,0.683056950180378,0.0,True,5.866065979003906,2026-04-10 17:54:17,Apple M4,Mac-mini-som-tillhor-Julian.local,16.0,10,10,3.13.1,215.11,ADAM,2,14,0,True,False,False,False,10800,10,line,False,True,85,False,True
22e1e99a,3,2,2,500.0,False,True,"[1, 1, 1]",0.9999990298073392,0.9999990303039363,0.6666660198715595,0.6666660202026242,0.0,True,6.075079917907715,2026-04-10 17:55:09,Apple M4,Mac-mini-som-tillhor-Julian.local,16.0,10,10,3.13.1,210.11,ADAM,2,14,0,True,False,False,False,10800,10,line,False,True,85,False,True
8ec12c3e,7,6,3,100.0,False,True,"[1, 1, 1]",2.9996345095071453,2.999634285696493,0.6917976267313527,0.6917975751145048,0.0,True,5.849473714828491,2026-04-10 18:00:29,Apple M4,Mac-mini-som-tillhor-Julian.local,16.0,10,10,3.13.1,222.66,ADAM,2,14,0,True,False,False,False,10800,10,line,False,True,85,False,True
0d373c13,4,3,4,100.0,False,True,"[1, 1, 1]",1.5045687425504592,1.5045686672156307,0.6359124017542093,0.6359123699136224,0.0,True,4.445811033248901,2026-04-10 18:00:37,Apple M4,Mac-mini-som-tillhor-Julian.local,16.0,10,10,3.13.1,211.97,ADAM,2,14,0,True,False,False,False,10800,10,line,False,True,85,False,True
b9bb13e8,8,7,3,100.0,False,True,"[1, 1, 1]",3.499983454770672,3.4999831901854352,0.6829236009308628,0.6829235493044752,0.0,True,13.505365133285522,2026-04-10 18:02:19,Apple M4,Mac-mini-som-tillhor-Julian.local,16.0,10,10,3.13.1,255.12,ADAM,2,14,0,True,False,False,False,10800,10,line,False,True,85,False,True
b892360a,6,5,2,300.0,False,True,"[1, 1, 1]",2.4999998115261004,2.4999997731098462,0.6677349923947917,0.66773498213404,0.0,True,7.456102132797241,2026-04-10 18:08:38,Apple M4,Mac-mini-som-tillhor-Julian.local,16.0,10,10,3.13.1,215.7,ADAM,2,14,0,True,False,False,False,10800,10,line,False,True,85,False,True
55e11504,3,2,5,100.0,False,True,"[1, 1, 1]",0.9999984972825727,0.99999854165882,0.6666656648550485,0.6666656944392133,0.0,True,5.15690279006958,2026-04-10 18:08:45,Apple M4,Mac-mini-som-tillhor-Julian.local,16.0,10,10,3.13.1,212.97,ADAM,2,14,0,True,False,False,False,10800,10,line,False,True,85,False,True
25225a41,5,4,4,100.0,False,True,"[1, 1, 1]",1.7198994263273162,1.7198987416974751,0.5873973450571435,0.5873971112354764,0.0,True,6.035617828369141,2026-04-10 18:08:56,Apple M4,Mac-mini-som-tillhor-Julian.local,16.0,10,10,3.13.1,213.91,ADAM,2,14,0,True,False,False,False,10800,10,line,False,True,85,False,True
b0ad7148,4,3,2,500.0,False,True,"[1, 1, 1]",1.499999999681233,1.4999999988666162,0.6339814030774442,0.6339814027331429,0.0,True,7.6829612255096436,2026-04-10 18:09:07,Apple M4,Mac-mini-som-tillhor-Julian.local,16.0,10,10,3.13.1,213.02,ADAM,2,14,0,True,False,False,False,10800,10,line,False,True,85,False,True
f7c2ff8f,3,2,3,300.0,False,True,"[1, 1, 1]",0.9999934152432983,0.9999933941471293,0.6666622768288656,0.6666622627647528,0.0,True,6.961535930633545,2026-04-10 18:09:26,Apple M4,Mac-mini-som-tillhor-Julian.local,16.0,10,10,3.13.1,210.64,ADAM,2,14,0,True,False,False,False,10800,10,line,False,True,85,False,True
8320e998,9,8,3,100.0,False,True,"[1, 1, 1]",3.999981564364623,3.999981551619741,0.6973468557121031,0.697346853490192,0.0,True,57.64449620246887,2026-04-10 18:10:07,Apple M4,Mac-mini-som-tillhor-Julian.local,16.0,10,10,3.13.1,383.16,ADAM,2,14,0,True,False,False,False,10800,10,line,False,True,85,False,True
ab349c4e,7,6,2,300.0,False,True,"[1, 1, 1]",2.9999913060854206,2.9999914445644187,0.6918799137650877,0.6918799457021261,0.0,True,10.242911100387573,2026-04-10 18:15:44,Apple M4,Mac-mini-som-tillhor-Julian.local,16.0,10,10,3.13.1,222.84,ADAM,2,14,0,True,False,False,False,10800,10,line,False,True,85,False,True
23e3ac2e,10,9,3,100.0,False,True,"[1, 1, 1]",4.499996392169051,4.499995912002647,0.6914561143468119,0.6914560405658646,0.0,True,385.60749316215515,2026-04-10 18:22:12,Apple M4,Mac-mini-som-tillhor-Julian.local,16.0,10,10,3.13.1,340.11,ADAM,2,14,0,True,False,False,False,10800,10,line,False,True,85,False,True
5b559bb0,6,5,4,100.0,False,True,"[1, 1, 1]",2.4999971163161723,2.4999970561424267,0.6677342725203451,0.6677342564482976,0.0,True,7.612932205200195,2026-04-10 18:25:39,Apple M4,Mac-mini-som-tillhor-Julian.local,16.0,10,10,3.13.1,217.34,ADAM,2,14,0,True,False,False,False,10800,10,line,False,True,85,False,True
6177b675,8,7,2,300.0,False,True,"[1, 1, 1]",3.499997073139129,3.499997169411516,0.6829262581734886,0.6829262769583446,0.0,True,23.80271005630493,2026-04-10 18:26:05,Apple M4,Mac-mini-som-tillhor-Julian.local,16.0,10,10,3.13.1,258.73,ADAM,2,14,0,True,False,False,False,10800,10,line,False,True,85,False,True
23121335,4,3,5,100.0,False,True,"[1, 1, 1]",1.6412983838678115,1.6412993877790139,0.6937017683295906,0.6937021926369458,0.0,True,7.288143873214722,2026-04-10 18:26:29,Apple M4,Mac-mini-som-tillhor-Julian.local,16.0,10,10,3.13.1,215.81,ADAM,2,14,0,True,False,False,False,10800,10,line,False,True,85,False,True
dc68036b,5,4,2,500.0,False,True,"[1, 1, 1]",1.9999990913107712,1.9999991375571002,0.6830597989449355,0.6830598147394468,0.0,True,10.188421249389648,2026-04-10 18:33:45,Apple M4,Mac-mini-som-tillhor-Julian.local,16.0,10,10,3.13.1,212.48,ADAM,2,14,0,True,False,False,False,10800,10,line,False,True,85,False,True
b613a2b3,9,8,2,300.0,False,True,"[1, 1, 1]",3.9999925603939013,3.9999923924505114,0.697348772732549,0.6973487434537154,0.0,True,124.01084923744202,2026-04-10 19:05:04,Apple M4,Mac-mini-som-tillhor-Julian.local,16.0,10,10,3.13.1,386.34,ADAM,2,14,0,True,False,False,False,10800,10,line,False,True,85,False,True
e5a46031,11,10,3,100.0,False,True,"[1, 1, 1]",4.999838318541469,4.999838887251101,0.7010429498796228,0.7010430296201768,0.0,True,2965.2131090164185,2026-04-10 19:15:44,Apple M4,Mac-mini-som-tillhor-Julian.local,16.0,10,10,3.13.1,469.98,ADAM,2,14,0,True,False,False,False,10800,10,line,False,True,85,False,True
d7230670,4,3,3,300.0,False,True,"[1, 1, 1]",1.4999996266539166,1.4999996512594662,0.6339812454158565,0.6339812558154971,0.0,True,8.706620931625366,2026-04-10 19:17:21,Apple M4,Mac-mini-som-tillhor-Julian.local,16.0,10,10,3.13.1,212.52,ADAM,2,14,0,True,False,False,False,10800,10,line,False,True,85,False,True
503f1aab,7,6,4,100.0,False,True,"[1, 1, 1]",2.999982588633348,2.9999829582554196,0.6918779032825987,0.6918779885275413,0.0,True,10.10166311264038,2026-04-10 19:17:35,Apple M4,Mac-mini-som-tillhor-Julian.local,16.0,10,10,3.13.1,211.36,ADAM,2,14,0,True,False,False,False,10800,10,line,False,True,85,False,True
487c9dae,11,10,1,500.0,False,True,"[1, 1, 1]",4.999998944459123,4.999999011372881,0.701065471741324,0.7010654811235111,0.0,True,6246.822429895401,2026-04-10 19:22:27,Apple M4,Mac-mini-som-tillhor-Julian.local,16.0,10,10,3.13.1,469.97,ADAM,2,14,0,True,False,False,False,10800,10,line,False,True,85,False,True
03454179,6,5,2,500.0,False,True,"[1, 1, 1]",2.4999998508633996,2.4999999422166357,0.667735002901549,0.6677350273014518,0.0,True,12.817521095275879,2026-04-10 19:29:45,Apple M4,Mac-mini-som-tillhor-Julian.local,16.0,10,10,3.13.1,214.02,ADAM,2,14,0,True,False,False,False,10800,10,line,False,True,85,False,True
49a32bcf,10,9,2,300.0,False,True,"[1, 1, 1]",4.499999252577677,4.499998657147889,0.6914565538687273,0.69145646237675,1.0000000000287557e-06,True,830.6233882904053,2026-04-10 19:31:53,Apple M4,Mac-mini-som-tillhor-Julian.local,16.0,10,10,3.13.1,331.66,ADAM,2,14,0,True,False,False,False,10800,10,line,False,True,85,False,True
47f92fce,5,4,5,100.0,False,True,"[1, 1, 1]",1.999791207251432,1.9997908254462182,0.6829888002907896,0.6829886698928341,0.0,True,8.856195211410522,2026-04-10 19:36:39,Apple M4,Mac-mini-som-tillhor-Julian.local,16.0,10,10,3.13.1,214.95,ADAM,2,14,0,True,False,False,False,10800,10,line,False,True,85,False,True
e7da8757,8,7,4,100.0,False,True,"[1, 1, 1]",3.49998836263656,3.4999884909869596,0.6829245585632312,0.6829245836072116,0.0,True,19.83800196647644,2026-04-10 19:37:42,Apple M4,Mac-mini-som-tillhor-Julian.local,16.0,10,10,3.13.1,257.31,ADAM,2,14,0,True,False,False,False,10800,10,line,False,True,85,False,True
e002fdf5,5,4,3,300.0,False,True,"[1, 1, 1]",1.6967767357985668,1.696776737587846,0.5795002512973247,0.5795002519084174,0.0,True,11.724642753601074,2026-04-10 20:13:21,Apple M4,Mac-mini-som-tillhor-Julian.local,16.0,10,10,3.13.1,212.98,ADAM,2,14,0,True,False,False,False,10800,10,line,False,True,85,False,True
4fe98e58,3,2,3,500.0,False,True,"[1, 1, 1]",0.9999977039462927,0.9999977436850144,0.6666651359641952,0.6666651624566763,0.0,True,11.316981077194214,2026-04-10 20:20:32,Apple M4,Mac-mini-som-tillhor-Julian.local,16.0,10,10,3.13.1,210.78,ADAM,2,14,0,True,False,False,False,10800,10,line,False,True,85,False,True
5a69c332,7,6,2,500.0,False,True,"[1, 1, 1]",2.999999761955564,2.999999810907895,0.691881863919641,0.6918818752093853,0.0,True,17.917407989501953,2026-04-10 20:27:51,Apple M4,Mac-mini-som-tillhor-Julian.local,16.0,10,10,3.13.1,216.92,ADAM,2,14,0,True,False,False,False,10800,10,line,False,True,85,False,True
5c4e55d3,9,8,4,100.0,False,True,"[1, 1, 1]",3.7497390462889837,3.7497384172484445,0.6537201963544254,0.6537200866890593,0.0,True,79.95350003242493,2026-04-10 20:36:12,Apple M4,Mac-mini-som-tillhor-Julian.local,16.0,10,10,3.13.1,393.38,ADAM,2,14,0,True,False,False,False,10800,10,line,False,True,85,False,True
3f5341a2,3,2,4,300.0,False,True,"[1, 1, 1]",0.9999999995884586,0.9999999999010433,0.6666666663923058,0.6666666666006955,0.0,True,10.978816986083984,2026-04-10 20:43:20,Apple M4,Mac-mini-som-tillhor-Julian.local,16.0,10,10,3.13.1,213.03,ADAM,2,14,0,True,False,False,False,10800,10,line,False,True,85,False,True
2a5b447d,6,5,5,100.0,False,True,"[1, 1, 1]",2.499995576196012,2.499995484970336,0.6677338611634647,0.6677338367976324,0.0,True,11.630939722061157,2026-04-10 20:53:36,Apple M4,Mac-mini-som-tillhor-Julian.local,16.0,10,10,3.13.1,215.31,ADAM,2,14,0,True,False,False,False,10800,10,line,False,True,85,False,True
61b30c21,8,7,2,500.0,False,True,"[1, 1, 1]",3.4999999369469426,3.4999999941790243,0.682926816965257,0.6829268281324925,0.0,True,39.275771141052246,2026-04-10 21:07:24,Apple M4,Mac-mini-som-tillhor-Julian.local,16.0,10,10,3.13.1,259.64,ADAM,2,14,0,True,False,False,False,10800,10,line,False,True,85,False,True
c5cc7917,6,5,3,300.0,False,True,"[1, 1, 1]",2.4999993302810353,2.4999993058297023,0.6677348638571141,0.6677348573263093,0.0,True,14.101185083389282,2026-04-10 21:07:50,Apple M4,Mac-mini-som-tillhor-Julian.local,16.0,10,10,3.13.1,217.22,ADAM,2,14,0,True,False,False,False,10800,10,line,False,True,85,False,True
37207085,10,9,4,100.0,False,True,"[1, 1, 1]",4.499988550779543,4.499987935982997,0.6914549094621302,0.6914548149943142,0.0,True,476.76378989219666,2026-04-10 21:08:29,Apple M4,Mac-mini-som-tillhor-Julian.local,16.0,10,10,3.13.1,350.14,ADAM,2,14,0,True,False,False,False,10800,10,line,False,True,85,False,True
1a711067,7,6,5,100.0,False,True,"[1, 1, 1]",2.999858845216364,2.9998590910793013,0.6918493646716707,0.6918494213743775,0.0,True,14.376581192016602,2026-04-10 21:13:55,Apple M4,Mac-mini-som-tillhor-Julian.local,16.0,10,10,3.13.1,225.77,ADAM,2,14,0,True,False,False,False,10800,10,line,False,True,85,False,True
343d6969,9,8,2,500.0,False,True,"[1, 1, 1]",3.9999998667948624,3.9999997279259705,0.697350046512354,0.6973500223022961,0.0,True,206.0087239742279,2026-04-10 21:17:58,Apple M4,Mac-mini-som-tillhor-Julian.local,16.0,10,10,3.13.1,390.86,ADAM,2,14,0,True,False,False,False,10800,10,line,False,True,85,False,True
5fd2f33b,4,3,3,500.0,False,True,"[1, 1, 1]",1.4999999882072257,1.499999986076978,0.633981398227906,0.6339813973275477,0.0,True,15.258563041687012,2026-04-10 21:25:16,Apple M4,Mac-mini-som-tillhor-Julian.local,16.0,10,10,3.13.1,213.42,ADAM,2,14,0,True,False,False,False,10800,10,line,False,True,85,False,True
127b1edd,11,10,2,300.0,False,True,"[1, 1, 1]",4.999998229385999,4.99999842359069,0.7010653714786874,0.701065398708734,0.0,True,6265.988268136978,2026-04-10 21:29:08,Apple M4,Mac-mini-som-tillhor-Julian.local,16.0,10,10,3.13.1,468.92,ADAM,2,14,0,True,False,False,False,10800,10,line,False,True,85,False,True
2c681b75,7,6,3,300.0,False,True,"[1, 1, 1]",2.9999978802816534,2.9999980381279205,0.6918814299542558,0.6918814663579153,0.0,True,18.63263487815857,2026-04-10 21:31:41,Apple M4,Mac-mini-som-tillhor-Julian.local,16.0,10,10,3.13.1,224.06,ADAM,2,14,0,True,False,False,False,10800,10,line,False,True,85,False,True
a6053430,4,3,4,300.0,False,True,"[1, 1, 1]",1.5177467340531565,1.5177467348577052,0.6414821361171413,0.6414821364571873,0.0,True,14.782071113586426,2026-04-10 21:32:28,Apple M4,Mac-mini-som-tillhor-Julian.local,16.0,10,10,3.13.1,211.88,ADAM,2,14,0,True,False,False,False,10800,10,line,False,True,85,False,True
81f0d4bf,8,7,5,100.0,False,True,"[1, 1, 1]",3.4999731582899254,3.4999734670310456,0.6829215918614489,0.6829216521036187,0.0,True,27.115565061569214,2026-04-10 21:53:14,Apple M4,Mac-mini-som-tillhor-Julian.local,16.0,10,10,3.13.1,257.83,ADAM,2,14,0,True,False,False,False,10800,10,line,False,True,85,False,True
03bc6362,11,10,4,100.0,False,True,"[1, 1, 1]",4.999906340030683,4.999906266051644,0.701052487385121,0.7010524770122889,0.0,True,3813.7527689933777,2026-04-10 22:17:31,Apple M4,Mac-mini-som-tillhor-Julian.local,16.0,10,10,3.13.1,472.09,ADAM,2,14,0,True,False,False,False,10800,10,line,False,True,85,False,True
e3130661,8,7,3,300.0,False,True,"[1, 1, 1]",3.4999994257945146,3.4999991111801085,0.682926717228198,0.6829266558400212,0.0,True,38.53545904159546,2026-04-10 22:21:56,Apple M4,Mac-mini-som-tillhor-Julian.local,16.0,10,10,3.13.1,251.77,ADAM,2,14,0,True,False,False,False,10800,10,line,False,True,85,False,True
11688f82,10,9,2,500.0,False,True,"[1, 1, 1]",4.499999954349792,4.499999988581096,0.6914566617009514,0.6914566669608322,0.0,True,1341.354201078415,2026-04-10 22:22:35,Apple M4,Mac-mini-som-tillhor-Julian.local,16.0,10,10,3.13.1,356.8,ADAM,2,14,0,True,False,False,False,10800,10,line,False,True,85,False,True
b0a634e6,9,8,5,100.0,False,True,"[1, 1, 1]",3.999547526689814,3.9995484944273367,0.6972711866614042,0.6972713553743614,0.0,True,101.1873300075531,2026-04-10 22:31:16,Apple M4,Mac-mini-som-tillhor-Julian.local,16.0,10,10,3.13.1,395.7,ADAM,2,14,0,True,False,False,False,10800,10,line,False,True,85,False,True
f82d6cd8,3,2,5,300.0,False,True,"[1, 1, 1]",0.9999999998664225,0.9999999999674413,0.666666666577615,0.6666666666449609,0.0,True,15.29191517829895,2026-04-10 22:37:39,Apple M4,Mac-mini-som-tillhor-Julian.local,16.0,10,10,3.13.1,211.34,ADAM,2,14,0,True,False,False,False,10800,10,line,False,True,85,False,True
6d2e1af4,5,4,3,500.0,False,True,"[1, 1, 1]",1.9999997315621072,1.999999743400422,0.6830600176100093,0.6830600216531496,0.0,True,18.38789677619934,2026-04-10 22:38:02,Apple M4,Mac-mini-som-tillhor-Julian.local,16.0,10,10,3.13.1,211.52,ADAM,2,14,0,True,False,False,False,10800,10,line,False,True,85,False,True
076521de,5,4,4,300.0,False,True,"[1, 1, 1]",1.6973818550875819,1.6973818487297472,0.5797069177211687,0.579706915549777,0.0,True,18.818362951278687,2026-04-10 22:38:26,Apple M4,Mac-mini-som-tillhor-Julian.local,16.0,10,10,3.13.1,214.31,ADAM,2,14,0,True,False,False,False,10800,10,line,False,True,85,False,True
5bf0f291,3,2,4,500.0,False,True,"[1, 1, 1]",0.9999999994264765,0.9999999997775012,0.6666666662843177,0.6666666665183342,0.0,True,18.54344081878662,2026-04-10 22:45:44,Apple M4,Mac-mini-som-tillhor-Julian.local,16.0,10,10,3.13.1,211.67,ADAM,2,14,0,True,False,False,False,10800,10,line,False,True,85,False,True
9a8e43bd,9,8,3,300.0,False,True,"[1, 1, 1]",3.9999990247514203,3.999999129174108,0.6973498997125908,0.6973499179173829,0.0,True,180.37181520462036,2026-04-10 22:55:47,Apple M4,Mac-mini-som-tillhor-Julian.local,16.0,10,10,3.13.1,396.56,ADAM,2,14,0,True,False,False,False,10800,10,line,False,True,85,False,True
7a02737f,10,9,5,100.0,False,True,"[1, 1, 1]",4.499983732787895,4.499984185515165,0.6914541691438068,0.6914542387085381,0.0,True,640.826416015625,2026-04-10 23:13:28,Apple M4,Mac-mini-som-tillhor-Julian.local,16.0,10,10,3.13.1,325.16,ADAM,2,14,0,True,False,False,False,10800,10,line,False,True,85,False,True
dee8efae,10,9,3,300.0,False,True,"[1, 1, 1]",4.4999998466418845,4.499999894235594,0.6914566451508735,0.6914566524639818,0.0,True,1173.2248749732971,2026-04-11 00:11:56,Apple M4,Mac-mini-som-tillhor-Julian.local,16.0,10,10,3.13.1,336.16,ADAM,2,14,0,True,False,False,False,10800,10,line,False,True,85,False,True
668ecb5e,6,5,3,500.0,False,True,"[1, 1, 1]",2.499999937224259,2.499999999833879,0.6677350259680178,0.6677350426906729,0.0,True,22.821489810943604,2026-04-11 00:12:52,Apple M4,Mac-mini-som-tillhor-Julian.local,16.0,10,10,3.13.1,215.38,ADAM,2,14,0,True,False,False,False,10800,10,line,False,True,85,False,True
da9d2a41,6,5,4,300.0,False,True,"[1, 1, 1]",2.4999989073257627,2.4999989433574514,0.6677347508882913,0.6677347605121398,0.0,True,23.907703161239624,2026-04-11 00:13:44,Apple M4,Mac-mini-som-tillhor-Julian.local,16.0,10,10,3.13.1,215.89,ADAM,2,14,0,True,False,False,False,10800,10,line,False,True,85,False,True
57cfa7db,3,2,10,100.0,False,True,"[1, 1, 1]",0.9999990288588892,0.9999990590202195,0.6666660192392595,0.666666039346813,0.0,True,19.141403198242188,2026-04-11 00:39:04,Apple M4,Mac-mini-som-tillhor-Julian.local,16.0,10,10,3.13.1,211.88,ADAM,2,14,0,True,False,False,False,10800,10,line,False,True,85,False,True
4e3897b5,11,10,2,500.0,False,True,"[1, 1, 1]",4.999999908936262,4.999999975919909,0.7010656069736767,0.7010656163656631,0.0,True,10763.466923952103,2026-04-11 01:21:22,Apple M4,Mac-mini-som-tillhor-Julian.local,16.0,10,10,3.13.1,470.59,ADAM,2,14,0,True,False,False,False,10800,10,line,False,True,85,False,True
3413fc53,4,3,5,300.0,False,True,"[1, 1, 1]",1.4999963177557663,1.4999962886180302,0.6339798468959282,0.6339798345807397,0.0,True,20.122602939605713,2026-04-11 01:26:46,Apple M4,Mac-mini-som-tillhor-Julian.local,16.0,10,10,3.13.1,213.45,ADAM,2,14,0,True,False,False,False,10800,10,line,False,True,85,False,True
404379a0,7,6,3,500.0,False,True,"[1, 1, 1]",2.99999949556014,2.9999994727719272,0.691881802481582,0.691881797225998,0.0,True,30.965067863464355,2026-04-11 01:27:07,Apple M4,Mac-mini-som-tillhor-Julian.local,16.0,10,10,3.13.1,224.27,ADAM,2,14,0,True,False,False,False,10800,10,line,False,True,85,False,True
3b85772d,4,3,4,500.0,False,True,"[1, 1, 1]",1.5177467291383813,1.517746734749684,0.6414821340398906,0.6414821364115317,0.0,True,23.448421955108643,2026-04-11 01:27:12,Apple M4,Mac-mini-som-tillhor-Julian.local,16.0,10,10,3.13.1,212.09,ADAM,2,14,0,True,False,False,False,10800,10,line,False,True,85,False,True
04bb2bbc,7,6,4,300.0,False,True,"[1, 1, 1]",2.9999947334212984,2.9999947345488582,0.6918807042023289,0.691880704462375,0.0,True,31.23462700843811,2026-04-11 01:27:49,Apple M4,Mac-mini-som-tillhor-Julian.local,16.0,10,10,3.13.1,224.06,ADAM,2,14,0,True,False,False,False,10800,10,line,False,True,85,False,True
66aa41ff,11,10,5,100.0,False,True,"[1, 1, 1]",4.9998639299349845,4.999866033293208,0.7010465409331162,0.7010468358515435,0.0,True,4739.14662194252,2026-04-11 01:31:52,Apple M4,Mac-mini-som-tillhor-Julian.local,16.0,10,10,3.13.1,470.44,ADAM,2,14,0,True,False,False,False,10800,10,line,False,True,85,False,True
fd8e50a1,8,7,3,500.0,False,True,"[1, 1, 1]",3.4999999729655444,3.4999999756479943,0.682926823993277,0.6829268245166819,0.0,True,67.4844982624054,2026-04-11 01:46:30,Apple M4,Mac-mini-som-tillhor-Julian.local,16.0,10,10,3.13.1,258.91,ADAM,2,14,0,True,False,False,False,10800,10,line,False,True,85,False,True
5731d5f8,5,4,5,300.0,False,True,"[1, 1, 1]",1.7221820359511353,1.7221820392497087,0.5881769248466993,0.5881769259732612,0.0,True,28.20805311203003,2026-04-11 01:54:02,Apple M4,Mac-mini-som-tillhor-Julian.local,16.0,10,10,3.13.1,214.06,ADAM,2,14,0,True,False,False,False,10800,10,line,False,True,85,False,True
5148d044,3,2,5,500.0,False,True,"[1, 1, 1]",0.9999999984510479,0.9999999999512151,0.666666665634032,0.6666666666341434,0.0,True,26.618304014205933,2026-04-11 02:13:55,Apple M4,Mac-mini-som-tillhor-Julian.local,16.0,10,10,3.13.1,210.88,ADAM,2,14,0,True,False,False,False,10800,10,line,False,True,85,False,True
1bc8a7f1,8,7,4,300.0,False,True,"[1, 1, 1]",3.4999994709477154,3.499999444848106,0.6829267260385786,0.682926720945972,0.0,True,59.276089906692505,2026-04-11 02:35:49,Apple M4,Mac-mini-som-tillhor-Julian.local,16.0,10,10,3.13.1,259.52,ADAM,2,14,0,True,False,False,False,10800,10,line,False,True,85,False,True
aee6e34d,4,3,10,100.0,False,True,"[1, 1, 1]",1.6422184051614412,1.6422185184860174,0.6940906192567377,0.6940906671538535,0.0,True,25.778822898864746,2026-04-11 02:47:26,Apple M4,Mac-mini-som-tillhor-Julian.local,16.0,10,10,3.13.1,211.77,ADAM,2,14,0,True,False,False,False,10800,10,line,False,True,85,False,True
f71acd06,11,10,3,300.0,False,True,"[1, 1, 1]",4.999995512546234,4.999995827309681,0.7010649905420968,0.7010650346760631,0.0,True,8977.74321103096,2026-04-11 02:50:21,Apple M4,Mac-mini-som-tillhor-Julian.local,16.0,10,10,3.13.1,470.23,ADAM,2,14,0,True,False,False,False,10800,10,line,False,True,85,False,True
62358ad3,5,4,4,500.0,False,True,"[1, 1, 1]",1.697381848783071,1.6973818253518878,0.5797069155679887,0.5797069075655354,0.0,True,29.97326898574829,2026-04-11 02:54:02,Apple M4,Mac-mini-som-tillhor-Julian.local,16.0,10,10,3.13.1,213.91,ADAM,2,14,0,True,False,False,False,10800,10,line,False,True,85,False,True
009c79ed,9,8,4,300.0,False,True,"[1, 1, 1]",3.999997970959521,3.9999978655409634,0.6973497159971271,0.6973496976187175,0.0,True,240.2986102104187,2026-04-11 02:58:24,Apple M4,Mac-mini-som-tillhor-Julian.local,16.0,10,10,3.13.1,400.33,ADAM,2,14,0,True,False,False,False,10800,10,line,False,True,85,False,True
c9f76dd7,9,8,3,500.0,False,True,"[1, 1, 1]",3.999998804421774,3.999998602858939,0.6973498613008672,0.6973498261609029,0.0,True,297.5937399864197,2026-04-11 02:59:04,Apple M4,Mac-mini-som-tillhor-Julian.local,16.0,10,10,3.13.1,381.5,ADAM,2,14,0,True,False,False,False,10800,10,line,False,True,85,False,True
5911902a,6,5,5,300.0,False,True,"[1, 1, 1]",2.499999615630518,2.499999567002617,0.6677349400722536,0.6677349270840324,0.0,True,33.94737672805786,2026-04-11 03:05:31,Apple M4,Mac-mini-som-tillhor-Julian.local,16.0,10,10,3.13.1,217.31,ADAM,2,14,0,True,False,False,False,10800,10,line,False,True,85,False,True
8d216884,6,5,4,500.0,False,True,"[1, 1, 1]",2.4999997770314457,2.499999685706702,0.6677349831814758,0.6677349587891832,0.0,True,39.58776092529297,2026-04-11 03:17:53,Apple M4,Mac-mini-som-tillhor-Julian.local,16.0,10,10,3.13.1,216.02,ADAM,2,14,0,True,False,False,False,10800,10,line,False,True,85,False,True
570113bf,10,9,3,500.0,False,True,"[1, 1, 1]",4.499999758918852,4.4999996096581905,0.6914566316716122,0.6914566087366611,0.0,True,1944.5878548622131,2026-04-11 03:37:46,Apple M4,Mac-mini-som-tillhor-Julian.local,16.0,10,10,3.13.1,359.5,ADAM,2,14,0,True,False,False,False,10800,10,line,False,True,85,False,True
4e9c04a6,10,9,4,300.0,False,True,"[1, 1, 1]",4.49999994487022,4.499999973538381,0.6914566602443485,0.6914566646494132,0.0,True,1525.9001450538635,2026-04-11 03:41:48,Apple M4,Mac-mini-som-tillhor-Julian.local,16.0,10,10,3.13.1,350.22,ADAM,2,14,0,True,False,False,False,10800,10,line,False,True,85,False,True
4fd44711,5,4,10,100.0,False,True,"[1, 1, 1]",2.0909228354861713,2.090922998024393,0.7141129902616705,0.7141130457733582,0.0,True,30.447196006774902,2026-04-11 03:46:38,Apple M4,Mac-mini-som-tillhor-Julian.local,16.0,10,10,3.13.1,216.73,ADAM,2,14,0,True,False,False,False,10800,10,line,False,True,85,False,True
4647e9f5,4,3,5,500.0,False,True,"[1, 1, 1]",1.5859146608230794,1.5858963472190313,0.6702936013622482,0.6702858610393201,7.999999999896978e-06,True,34.68987488746643,2026-04-11 03:47:03,Apple M4,Mac-mini-som-tillhor-Julian.local,16.0,10,10,3.13.1,212.0,ADAM,2,14,0,True,False,False,False,10800,10,line,False,True,85,False,True
60cda5e9,7,6,5,300.0,False,True,"[1, 1, 1]",2.999998320692382,2.999998388934233,0.6918815315249959,0.6918815472634301,0.0,True,43.79992699623108,2026-04-11 03:47:25,Apple M4,Mac-mini-som-tillhor-Julian.local,16.0,10,10,3.13.1,224.64,ADAM,2,14,0,True,False,False,False,10800,10,line,False,True,85,False,True
2e455bf4,7,6,4,500.0,False,True,"[1, 1, 1]",2.999999104251635,2.9999990570043056,0.6918817122351557,0.6918817013386314,0.0,True,52.76226305961609,2026-04-11 03:55:21,Apple M4,Mac-mini-som-tillhor-Julian.local,16.0,10,10,3.13.1,224.11,ADAM,2,14,0,True,False,False,False,10800,10,line,False,True,85,False,True
24b361f3,6,5,10,100.0,False,True,"[1, 1, 1]",2.5631015023343022,2.563100287321526,0.684589076478179,0.6845887519555358,0.0,True,41.441258907318115,2026-04-11 04:34:42,Apple M4,Mac-mini-som-tillhor-Julian.local,16.0,10,10,3.13.1,220.52,ADAM,2,14,0,True,False,False,False,10800,10,line,False,True,85,False,True
bcf91866,8,7,5,300.0,False,True,"[1, 1, 1]",3.4999998855702157,3.4999998403125763,0.6829268069405299,0.682926798109771,0.0,True,73.27800798416138,2026-04-11 04:41:00,Apple M4,Mac-mini-som-tillhor-Julian.local,16.0,10,10,3.13.1,259.12,ADAM,2,14,0,True,False,False,False,10800,10,line,False,True,85,False,True
dda5f441,5,4,5,500.0,False,True,"[1, 1, 1]",1.6264165611576524,1.6264165618169797,0.555470137007395,0.555470137232575,0.0,True,46.02755784988403,2026-04-11 04:41:48,Apple M4,Mac-mini-som-tillhor-Julian.local,16.0,10,10,3.13.1,214.3,ADAM,2,14,0,True,False,False,False,10800,10,line,False,True,85,False,True
31ef9e8c,8,7,4,500.0,False,True,"[1, 1, 1]",3.4999999599560563,3.499999958981879,0.6829268214548403,0.6829268212647569,0.0,True,98.92446994781494,2026-04-11 04:50:30,Apple M4,Mac-mini-som-tillhor-Julian.local,16.0,10,10,3.13.1,257.8,ADAM,2,14,0,True,False,False,False,10800,10,line,False,True,85,False,True
25d1624c,3,2,15,100.0,False,True,"[1, 1, 1]",0.9999954955617452,0.9999954158450597,0.6666636637078301,0.6666636105633731,0.0,True,39.77476787567139,2026-04-11 05:28:34,Apple M4,Mac-mini-som-tillhor-Julian.local,16.0,10,10,3.13.1,215.06,ADAM,2,14,0,True,False,False,False,10800,10,line,False,True,85,False,True
279c548c,9,8,5,300.0,False,True,"[1, 1, 1]",3.999994131869829,3.999994214362391,0.6973490466997609,0.6973490610813095,0.0,True,304.8661859035492,2026-04-11 05:40:41,Apple M4,Mac-mini-som-tillhor-Julian.local,16.0,10,10,3.13.1,402.58,ADAM,2,14,0,True,False,False,False,10800,10,line,False,True,85,False,True
47bde5a8,7,6,10,100.0,False,True,"[1, 1, 1]",2.9153643621779732,2.915374152055446,0.6723626296535916,0.6723648874666618,-1.999999999946489e-06,False,53.20734691619873,2026-04-11 05:48:39,Apple M4,Mac-mini-som-tillhor-Julian.local,16.0,10,10,3.13.1,226.23,ADAM,2,14,0,True,False,False,False,10800,10,line,False,True,85,False,True
60dddf0e,9,8,4,500.0,False,True,"[1, 1, 1]",3.999999904956852,3.9999998453349086,0.6973500531654205,0.6973500427710789,0.0,True,399.18505597114563,2026-04-11 06:02:21,Apple M4,Mac-mini-som-tillhor-Julian.local,16.0,10,10,3.13.1,401.14,ADAM,2,14,0,True,False,False,False,10800,10,line,False,True,85,False,True
23be27e2,6,5,5,500.0,False,True,"[1, 1, 1]",2.4999996797705566,2.49999971304693,0.6677349572036743,0.6677349660915944,0.0,True,58.187143087387085,2026-04-11 06:32:53,Apple M4,Mac-mini-som-tillhor-Julian.local,16.0,10,10,3.13.1,215.86,ADAM,2,14,0,True,False,False,False,10800,10,line,False,True,85,False,True
f0d774f6,10,9,5,300.0,False,True,"[1, 1, 1]",4.499997198121227,4.499997386121545,0.6914562381870354,0.6914562670746074,0.0,True,1880.80038022995,2026-04-11 06:40:43,Apple M4,Mac-mini-som-tillhor-Julian.local,16.0,10,10,3.13.1,332.59,ADAM,2,14,0,True,False,False,False,10800,10,line,False,True,85,False,True
71ab792e,8,7,10,100.0,False,True,"[1, 1, 1]",3.499925527213695,3.499926494074489,0.6829122979929161,0.6829124866486809,0.0,True,78.4222161769867,2026-04-11 06:41:14,Apple M4,Mac-mini-som-tillhor-Julian.local,16.0,10,10,3.13.1,261.52,ADAM,2,14,0,True,False,False,False,10800,10,line,False,True,85,False,True
ccbb67b2,7,6,5,500.0,False,True,"[1, 1, 1]",2.7207580466802925,2.7207580434851346,0.6274810993266356,0.627481098589745,0.0,True,76.48622179031372,2026-04-11 06:48:48,Apple M4,Mac-mini-som-tillhor-Julian.local,16.0,10,10,3.13.1,226.3,ADAM,2,14,0,True,False,False,False,10800,10,line,False,True,85,False,True
a88dfe04,9,8,10,100.0,False,True,"[1, 1, 1]",3.7311506079033467,3.7311504397856257,0.6504795341533032,0.650479504844077,0.0,True,216.4046950340271,2026-04-11 07:12:06,Apple M4,Mac-mini-som-tillhor-Julian.local,16.0,10,10,3.13.1,387.48,ADAM,2,14,0,True,False,False,False,10800,10,line,False,True,85,False,True
1793f9f5,4,3,15,100.0,False,True,"[1, 1, 1]",1.6422269985555984,1.6422270199766462,0.6940942512914616,0.694094260345159,0.0,True,53.61121416091919,2026-04-11 07:19:06,Apple M4,Mac-mini-som-tillhor-Julian.local,16.0,10,10,3.13.1,217.98,ADAM,2,14,0,True,False,False,False,10800,10,line,False,True,85,False,True
8607f88a,3,2,10,300.0,False,True,"[1, 1, 1]",0.9999999984690564,0.9999999986133442,0.6666666656460376,0.6666666657422294,0.0,True,53.05914783477783,2026-04-11 07:19:58,Apple M4,Mac-mini-som-tillhor-Julian.local,16.0,10,10,3.13.1,215.23,ADAM,2,14,0,True,False,False,False,10800,10,line,False,True,85,False,True
d51be743,10,9,4,500.0,False,True,"[1, 1, 1]",4.499999817990218,4.499999914106898,0.6914566407483432,0.6914566555173475,0.0,True,2432.4492008686066,2026-04-11 07:27:41,Apple M4,Mac-mini-som-tillhor-Julian.local,16.0,10,10,3.13.1,351.66,ADAM,2,14,0,True,False,False,False,10800,10,line,False,True,85,False,True
9810edb2,10,9,10,100.0,False,True,"[1, 1, 1]",4.49980505521069,4.4998040219649225,0.6914267140766271,0.6914265553111436,0.0,True,1184.611242055893,2026-04-11 07:54:26,Apple M4,Mac-mini-som-tillhor-Julian.local,16.0,10,10,3.13.1,353.17,ADAM,2,14,0,True,False,False,False,10800,10,line,False,True,85,False,True
7e39ab15,8,7,5,500.0,False,True,"[1, 1, 1]",3.4999995135098922,3.4999997242225285,0.6829267343433936,0.6829267754580544,0.0,True,125.82340002059937,2026-04-11 07:55:05,Apple M4,Mac-mini-som-tillhor-Julian.local,16.0,10,10,3.13.1,259.27,ADAM,2,14,0,True,False,False,False,10800,10,line,False,True,85,False,True
b0ab663c,5,4,15,100.0,False,True,"[1, 1, 1]",2.183890682335672,2.1838890701559635,0.7458643040763907,0.7458637534685668,0.0,True,71.67170715332031,2026-04-11 09:54:39,Apple M4,Mac-mini-som-tillhor-Julian.local,16.0,10,10,3.13.1,219.28,ADAM,2,14,0,True,False,False,False,10800,10,line,False,True,85,False,True
b1affaaf,9,8,5,500.0,False,True,"[1, 1, 1]",3.7514729395363364,3.751472828119255,0.654022478998664,0.6540224595744866,0.0,True,484.8135039806366,2026-04-11 10:02:24,Apple M4,Mac-mini-som-tillhor-Julian.local,16.0,10,10,3.13.1,396.81,ADAM,2,14,0,True,False,False,False,10800,10,line,False,True,85,False,True
64d078d5,3,2,20,100.0,False,True,"[1, 1, 1]",0.9999985281497776,0.9999984937600617,0.666665685433185,0.6666656625067078,0.0,True,70.02106380462646,2026-04-11 10:18:31,Apple M4,Mac-mini-som-tillhor-Julian.local,16.0,10,10,3.13.1,213.88,ADAM,2,14,0,True,False,False,False,10800,10,line,False,True,85,False,True
b5c88f51,4,3,10,300.0,False,True,"[1, 1, 1]",1.6422285213654715,1.6422285213473855,0.6940948949135551,0.694094894905911,0.0,True,75.81870007514954,2026-04-11 10:26:30,Apple M4,Mac-mini-som-tillhor-Julian.local,16.0,10,10,3.13.1,214.3,ADAM,2,14,0,True,False,False,False,10800,10,line,False,True,85,False,True
8b860cf5,11,10,10,100.0,False,True,"[1, 1, 1]",4.738157559640572,4.738157783792584,0.6643518731969394,0.6643519046259933,0.0,True,9127.663434028625,2026-04-11 10:33:27,Apple M4,Mac-mini-som-tillhor-Julian.local,16.0,10,10,3.13.1,473.7,ADAM,2,14,0,True,False,False,False,10800,10,line,False,True,85,False,True
d4f8c6b8,6,5,15,100.0,False,True,"[1, 1, 1]",2.6624240261366445,2.662462757180499,0.7111175283484628,0.711127873178552,-9.99999999995449e-06,False,91.03858304023743,2026-04-11 10:35:00,Apple M4,Mac-mini-som-tillhor-Julian.local,16.0,10,10,3.13.1,223.02,ADAM,2,14,0,True,False,False,False,10800,10,line,False,True,85,False,True
1d3ecc1b,5,4,10,300.0,False,True,"[1, 1, 1]",2.1654644523637336,2.165464449484874,0.7395711927471768,0.7395711917639597,0.0,True,100.44124007225037,2026-04-11 10:44:31,Apple M4,Mac-mini-som-tillhor-Julian.local,16.0,10,10,3.13.1,217.02,ADAM,2,14,0,True,False,False,False,10800,10,line,False,True,85,False,True
45651dbc,3,2,10,500.0,False,True,"[1, 1, 1]",0.9999999987864111,0.9999999986273472,0.6666666658576074,0.6666666657515649,0.0,True,94.21971726417542,2026-04-11 10:54:02,Apple M4,Mac-mini-som-tillhor-Julian.local,16.0,10,10,3.13.1,212.75,ADAM,2,14,0,True,False,False,False,10800,10,line,False,True,85,False,True
f5e611f9,7,6,15,100.0,False,True,"[1, 1, 1]",2.8317520847274107,2.830370071836428,0.6530793553338123,0.6527606254235304,0.00031799999999992945,True,110.57969307899475,2026-04-11 11:02:52,Apple M4,Mac-mini-som-tillhor-Julian.local,16.0,10,10,3.13.1,233.31,ADAM,2,14,0,True,False,False,False,10800,10,line,False,True,85,False,True
0590466e,4,3,20,100.0,False,True,"[1, 1, 1]",1.642224297993163,1.6422242807644905,0.6940931098872202,0.6940931026054482,0.0,True,97.08332300186157,2026-04-11 11:03:31,Apple M4,Mac-mini-som-tillhor-Julian.local,16.0,10,10,3.13.1,218.44,ADAM,2,14,0,True,False,False,False,10800,10,line,False,True,85,False,True
75eb4b47,10,9,5,500.0,False,True,"[1, 1, 1]",4.499999228620767,4.4999992400633255,0.6914565501875793,0.6914565519458091,0.0,True,3006.716860294342,2026-04-11 11:15:37,Apple M4,Mac-mini-som-tillhor-Julian.local,16.0,10,10,3.13.1,335.98,ADAM,2,14,0,True,False,False,False,10800,10,line,False,True,85,False,True
a95e1d03,8,7,15,100.0,False,True,"[1, 1, 1]",3.6012411880149218,3.601240479367849,0.7026812074175457,0.7026810691449462,0.0,True,156.65221905708313,2026-04-11 11:24:21,Apple M4,Mac-mini-som-tillhor-Julian.local,16.0,10,10,3.13.1,264.95,ADAM,2,14,0,True,False,False,False,10800,10,line,False,True,85,False,True
1be81e12,6,5,10,300.0,False,True,"[1, 1, 1]",2.6145431541327824,2.614543170888478,0.6983288339029867,0.6983288383783327,0.0,True,124.46962523460388,2026-04-11 11:24:41,Apple M4,Mac-mini-som-tillhor-Julian.local,16.0,10,10,3.13.1,219.62,ADAM,2,14,0,True,False,False,False,10800,10,line,False,True,85,False,True
8952cf97,5,4,20,100.0,False,True,"[1, 1, 1]",2.1874271268382577,2.187426669805107,0.7470721061606072,0.7470719500700501,0.0,True,125.10639095306396,2026-04-11 11:32:32,Apple M4,Mac-mini-som-tillhor-Julian.local,16.0,10,10,3.13.1,219.16,ADAM,2,14,0,True,False,False,False,10800,10,line,False,True,85,False,True
d24c9019,4,3,10,500.0,False,True,"[1, 1, 1]",1.6422285124324236,1.6422285241713512,0.6940948911379643,0.6940948960994722,0.0,True,126.85555601119995,2026-04-11 11:33:26,Apple M4,Mac-mini-som-tillhor-Julian.local,16.0,10,10,3.13.1,214.7,ADAM,2,14,0,True,False,False,False,10800,10,line,False,True,85,False,True
ba42b9d6,3,2,15,300.0,False,True,"[1, 1, 1]",0.9999999998054846,0.9999999996466369,0.6666666665369897,0.6666666664310913,0.0,True,120.99238610267639,2026-04-11 11:41:30,Apple M4,Mac-mini-som-tillhor-Julian.local,16.0,10,10,3.13.1,214.41,ADAM,2,14,0,True,False,False,False,10800,10,line,False,True,85,False,True
1571197e,9,8,15,100.0,False,True,"[1, 1, 1]",3.791438089974558,3.7914409728357925,0.66098990410993,0.6609904067008007,0.0,True,373.46243596076965,2026-04-11 11:44:50,Apple M4,Mac-mini-som-tillhor-Julian.local,16.0,10,10,3.13.1,367.09,ADAM,2,14,0,True,False,False,False,10800,10,line,False,True,85,False,True
d238ef2a,7,6,10,300.0,False,True,"[1, 1, 1]",2.74291099843063,2.7429109586148956,0.6325901749148132,0.6325901657322176,0.0,True,151.5279619693756,2026-04-11 11:50:08,Apple M4,Mac-mini-som-tillhor-Julian.local,16.0,10,10,3.13.1,230.16,ADAM,2,14,0,True,False,False,False,10800,10,line,False,True,85,False,True
e4b9159d,6,5,20,100.0,False,True,"[1, 1, 1]",2.6539707010778772,2.6539087403110413,0.7088596958007151,0.7088431464505986,1.7000000000044757e-05,True,158.90573382377625,2026-04-11 12:06:43,Apple M4,Mac-mini-som-tillhor-Julian.local,16.0,10,10,3.13.1,223.14,ADAM,2,14,0,True,False,False,False,10800,10,line,False,True,85,False,True
8e9ed82b,8,7,10,300.0,False,True,"[1, 1, 1]",3.4999964336015172,3.4999963040212454,0.6829261333856619,0.6829261081017064,0.0,True,240.73574829101562,2026-04-11 12:17:45,Apple M4,Mac-mini-som-tillhor-Julian.local,16.0,10,10,3.13.1,262.84,ADAM,2,14,0,True,False,False,False,10800,10,line,False,True,85,False,True
5f59be92,10,9,15,100.0,False,True,"[1, 1, 1]",4.559402269070862,4.559402789487713,0.7005842454011774,0.7005843253668889,0.0,True,1857.430951833725,2026-04-11 12:25:06,Apple M4,Mac-mini-som-tillhor-Julian.local,16.0,10,10,3.13.1,361.42,ADAM,2,14,0,True,False,False,False,10800,10,line,False,True,85,False,True
e74584ab,5,4,10,500.0,False,True,"[1, 1, 1]",2.0744365800373927,2.0744365787364054,0.7084824385373609,0.7084824380930347,0.0,True,167.81557416915894,2026-04-11 12:34:53,Apple M4,Mac-mini-som-tillhor-Julian.local,16.0,10,10,3.13.1,217.09,ADAM,2,14,0,True,False,False,False,10800,10,line,False,True,85,False,True
997dd291,9,8,10,300.0,False,True,"[1, 1, 1]",3.766328863207906,3.7663288738332996,0.6566124238507508,0.6566124257031555,0.0,True,679.2428638935089,2026-04-11 13:19:58,Apple M4,Mac-mini-som-tillhor-Julian.local,16.0,10,10,3.13.1,392.62,ADAM,2,14,0,True,False,False,False,10800,10,line,False,True,85,False,True
f5940324,4,3,15,300.0,False,True,"[1, 1, 1]",1.6422285225930715,1.6422285245040198,0.6940948954324055,0.6940948962400759,0.0,True,166.59706091880798,2026-04-11 13:29:49,Apple M4,Mac-mini-som-tillhor-Julian.local,16.0,10,10,3.13.1,216.92,ADAM,2,14,0,True,False,False,False,10800,10,line,False,True,85,False,True
71242f01,7,6,20,100.0,False,True,"[1, 1, 1]",3.1772737867871195,3.1772775660500154,0.7327660947387268,0.7327669663399482,-9.999999999177334e-07,False,188.64771699905396,2026-04-11 13:38:50,Apple M4,Mac-mini-som-tillhor-Julian.local,16.0,10,10,3.13.1,230.28,ADAM,2,14,0,True,False,False,False,10800,10,line,False,True,85,False,True
90ba9195,6,5,10,500.0,False,True,"[1, 1, 1]",2.499999096999435,2.4999992321817857,0.6677348015489943,0.6677348376553914,0.0,True,206.57101821899414,2026-04-11 13:48:23,Apple M4,Mac-mini-som-tillhor-Julian.local,16.0,10,10,3.13.1,220.52,ADAM,2,14,0,True,False,False,False,10800,10,line,False,True,85,False,True
e144366e,8,7,20,100.0,False,True,"[1, 1, 1]",3.395040282340517,3.3950393471156963,0.6624468843591252,0.6624467018762334,0.0,True,264.9944529533386,2026-04-11 14:04:56,Apple M4,Mac-mini-som-tillhor-Julian.local,16.0,10,10,3.13.1,264.0,ADAM,2,14,0,True,False,False,False,10800,10,line,False,True,85,False,True
8c877a20,5,4,15,300.0,False,True,"[1, 1, 1]",2.1856435652881907,2.185643589812743,0.7464629662869504,0.7464629746628221,0.0,True,215.91748571395874,2026-04-11 14:14:19,Apple M4,Mac-mini-som-tillhor-Julian.local,16.0,10,10,3.13.1,220.42,ADAM,2,14,0,True,False,False,False,10800,10,line,False,True,85,False,True
4dd9124d,3,2,15,500.0,False,True,"[1, 1, 1]",0.9999970071157733,0.9999944699339574,0.6666646714105156,0.6666629799559716,1.999999999946489e-06,True,197.38331604003906,2026-04-11 14:14:20,Apple M4,Mac-mini-som-tillhor-Julian.local,16.0,10,10,3.13.1,219.17,ADAM,2,14,0,True,False,False,False,10800,10,line,False,True,85,False,True
6715ae78,7,6,10,500.0,False,True,"[1, 1, 1]",2.9999994330275217,2.9999998330726174,0.6918817880598528,0.6918818803211756,0.0,True,251.4371519088745,2026-04-11 14:16:07,Apple M4,Mac-mini-som-tillhor-Julian.local,16.0,10,10,3.13.1,229.2,ADAM,2,14,0,True,False,False,False,10800,10,line,False,True,85,False,True
777f702a,3,2,20,300.0,False,True,"[1, 1, 1]",0.9999999996152602,0.9999999991391456,0.6666666664101735,0.6666666660927637,0.0,True,209.76099610328674,2026-04-11 14:24:45,Apple M4,Mac-mini-som-tillhor-Julian.local,16.0,10,10,3.13.1,214.75,ADAM,2,14,0,True,False,False,False,10800,10,line,False,True,85,False,True
345118ff,9,8,20,100.0,False,True,"[1, 1, 1]",3.8612545930927307,3.8612516220499185,0.6731615399394579,0.6731610219752299,1.0000000000287557e-06,True,553.5725619792938,2026-04-11 14:28:45,Apple M4,Mac-mini-som-tillhor-Julian.local,16.0,10,10,3.13.1,395.22,ADAM,2,14,0,True,False,False,False,10800,10,line,False,True,85,False,True
12570adf,10,9,10,300.0,False,True,"[1, 1, 1]",4.49999941042613,4.499999841129131,0.691456578123253,0.6914566443038,0.0,True,3574.3432750701904,2026-04-11 14:36:59,Apple M4,Mac-mini-som-tillhor-Julian.local,16.0,10,10,3.13.1,360.75,ADAM,2,14,0,True,False,False,False,10800,10,line,False,True,85,False,True
8c473ff7,8,7,10,500.0,False,True,"[1, 1, 1]",3.4999997398797045,3.4999997541766583,0.6829267785131131,0.6829267813027626,0.0,True,402.1801452636719,2026-04-11 14:50:46,Apple M4,Mac-mini-som-tillhor-Julian.local,16.0,10,10,3.13.1,263.28,ADAM,2,14,0,True,False,False,False,10800,10,line,False,True,85,False,True
40a16d9e,10,9,20,100.0,False,True,"[1, 1, 1]",4.595738732682049,4.595735872058744,0.7061675987526197,0.7061671591977172,1.0000000000287557e-06,True,2533.670686006546,2026-04-11 15:17:39,Apple M4,Mac-mini-som-tillhor-Julian.local,16.0,10,10,3.13.1,350.39,ADAM,2,14,0,True,False,False,False,10800,10,line,False,True,85,False,True
ca4ec2e5,6,5,15,300.0,False,True,"[1, 1, 1]",2.6214976202345874,2.6214952296524134,0.700186330190862,0.7001856916806659,0.0,True,273.5279121398926,2026-04-11 15:22:16,Apple M4,Mac-mini-som-tillhor-Julian.local,16.0,10,10,3.13.1,223.25,ADAM,2,14,0,True,False,False,False,10800,10,line,False,True,85,False,True
c16e0029,9,8,10,500.0,False,True,"[1, 1, 1]",4.018672989201285,4.018673306927227,0.7006054723154262,0.7006055277069783,-9.999999999177334e-07,False,1112.682746887207,2026-04-11 15:55:53,Apple M4,Mac-mini-som-tillhor-Julian.local,16.0,10,10,3.13.1,385.75,ADAM,2,14,0,True,False,False,False,10800,10,line,False,True,85,False,True
3740adff,4,3,15,500.0,False,True,"[1, 1, 1]",1.6422249364271886,1.6422255799498704,0.6940933797240865,0.694093651711695,-1.0000000000287557e-06,False,277.8664481639862,2026-04-11 16:01:20,Apple M4,Mac-mini-som-tillhor-Julian.local,16.0,10,10,3.13.1,217.69,ADAM,2,14,0,True,False,False,False,10800,10,line,False,True,85,False,True
fbf9fcb3,7,6,15,300.0,False,True,"[1, 1, 1]",3.2438680324079723,3.2438511732625837,0.7481245462195507,0.7481206580402637,4.000000000004e-06,True,332.2574121952057,2026-04-11 16:03:07,Apple M4,Mac-mini-som-tillhor-Julian.local,16.0,10,10,3.13.1,230.59,ADAM,2,14,0,True,False,False,False,10800,10,line,False,True,85,False,True
e6e10172,4,3,20,300.0,False,True,"[1, 1, 1]",1.6422285226785904,1.6422285225246285,0.6940948954685504,0.6940948954034778,0.0,True,298.6779890060425,2026-04-11 16:13:18,Apple M4,Mac-mini-som-tillhor-Julian.local,16.0,10,10,3.13.1,218.45,ADAM,2,14,0,True,False,False,False,10800,10,line,False,True,85,False,True
833d348d,8,7,15,300.0,False,True,"[1, 1, 1]",3.446915657183331,3.446915621322295,0.6725689087186988,0.6725689017214235,0.0,True,483.18889594078064,2026-04-11 17:00:55,Apple M4,Mac-mini-som-tillhor-Julian.local,16.0,10,10,3.13.1,262.88,ADAM,2,14,0,True,False,False,False,10800,10,line,False,True,85,False,True
b52c544c,5,4,15,500.0,False,True,"[1, 1, 1]",2.1823507195617258,2.1823506737370226,0.745338360506054,0.7453383448555405,0.0,True,353.30724573135376,2026-04-11 17:39:52,Apple M4,Mac-mini-som-tillhor-Julian.local,16.0,10,10,3.13.1,218.75,ADAM,2,14,0,True,False,False,False,10800,10,line,False,True,85,False,True
9cc5e437,5,4,20,300.0,False,True,"[1, 1, 1]",2.1875498962852036,2.187549898420129,0.7471140356165313,0.7471140363456725,0.0,True,381.2971410751343,2026-04-11 17:51:18,Apple M4,Mac-mini-som-tillhor-Julian.local,16.0,10,10,3.13.1,222.55,ADAM,2,14,0,True,False,False,False,10800,10,line,False,True,85,False,True
cffc5c78,10,9,10,500.0,False,True,"[1, 1, 1]",4.499999522773855,4.499999692231794,0.6914565953862716,0.6914566214246765,0.0,True,6112.187241792679,2026-04-11 18:02:12,Apple M4,Mac-mini-som-tillhor-Julian.local,16.0,10,10,3.13.1,351.73,ADAM,2,14,0,True,False,False,False,10800,10,line,False,True,85,False,True
42097d76,3,2,20,500.0,False,True,"[1, 1, 1]",0.9999845766800121,0.9999971923627546,0.6666563844533414,0.6666647949085031,-8.999999999925734e-06,False,340.20511293411255,2026-04-11 18:04:00,Apple M4,Mac-mini-som-tillhor-Julian.local,16.0,10,10,3.13.1,216.97,ADAM,2,14,0,True,False,False,False,10800,10,line,False,True,85,False,True
97b51a5a,9,8,15,300.0,False,True,"[1, 1, 1]",3.8723740161044975,3.8723737721771347,0.6751000725426252,0.6751000300169343,0.0,True,1136.2897469997406,2026-04-11 18:27:13,Apple M4,Mac-mini-som-tillhor-Julian.local,16.0,10,10,3.13.1,398.56,ADAM,2,14,0,True,False,False,False,10800,10,line,False,True,85,False,True
df95a9da,6,5,15,500.0,False,True,"[1, 1, 1]",2.583367892100485,2.5833952650417795,0.6900021079328218,0.6900094190816718,-6.999999999979245e-06,False,442.5586700439453,2026-04-11 18:41:40,Apple M4,Mac-mini-som-tillhor-Julian.local,16.0,10,10,3.13.1,218.8,ADAM,2,14,0,True,False,False,False,10800,10,line,False,True,85,False,True
df4d052f,6,5,20,300.0,False,True,"[1, 1, 1]",2.641394987027748,2.6413950231838275,0.7055007978172403,0.7055008074743129,0.0,True,479.04982018470764,2026-04-11 18:51:28,Apple M4,Mac-mini-som-tillhor-Julian.local,16.0,10,10,3.13.1,224.33,ADAM,2,14,0,True,False,False,False,10800,10,line,False,True,85,False,True
01e5c0a3,7,6,15,500.0,False,True,"[1, 1, 1]",2.950999889479672,2.9509290258266274,0.6805811553228025,0.6805648122293882,1.6000000000016e-05,True,567.2144558429718,2026-04-11 19:23:55,Apple M4,Mac-mini-som-tillhor-Julian.local,16.0,10,10,3.13.1,231.14,ADAM,2,14,0,True,False,False,False,10800,10,line,False,True,85,False,True
c549df8c,4,3,20,500.0,False,True,"[1, 1, 1]",1.6421411659640965,1.6422263970046767,0.6940579737802606,0.6940939970433967,-3.6000000000036e-05,False,493.85358810424805,2026-04-11 19:44:58,Apple M4,Mac-mini-som-tillhor-Julian.local,16.0,10,10,3.13.1,217.67,ADAM,2,14,0,True,False,False,False,10800,10,line,False,True,85,False,True
890295f7,10,9,15,300.0,False,True,"[1, 1, 1]",4.511881604769094,4.51188281450714,0.6932823609049008,0.693282546789665,-1.0000000000287557e-06,False,5590.334506988525,2026-04-11 19:58:48,Apple M4,Mac-mini-som-tillhor-Julian.local,16.0,10,10,3.13.1,372.16,ADAM,2,14,0,True,False,False,False,10800,10,line,False,True,85,False,True
177af71e,7,6,20,300.0,False,True,"[1, 1, 1]",3.1430186630647117,3.1430187290107545,0.7248659278285774,0.7248659430375356,0.0,True,584.372082233429,2026-04-11 20:02:29,Apple M4,Mac-mini-som-tillhor-Julian.local,16.0,10,10,3.13.1,230.12,ADAM,2,14,0,True,False,False,False,10800,10,line,False,True,85,False,True
d6601dab,8,7,15,500.0,False,True,"[1, 1, 1]",3.4929306943430616,3.4929308505430146,0.6815474525547437,0.6815474830327833,0.0,True,756.7224907875061,2026-04-11 20:18:27,Apple M4,Mac-mini-som-tillhor-Julian.local,16.0,10,10,3.13.1,261.8,ADAM,2,14,0,True,False,False,False,10800,10,line,False,True,85,False,True
7cc91f95,8,7,20,300.0,False,True,"[1, 1, 1]",3.4655163205581854,3.465516372876677,0.6761983064503776,0.6761983166588639,0.0,True,778.5736429691315,2026-04-11 20:26:58,Apple M4,Mac-mini-som-tillhor-Julian.local,16.0,10,10,3.13.1,265.05,ADAM,2,14,0,True,False,False,False,10800,10,line,False,True,85,False,True
4e89069c,5,4,20,500.0,False,True,"[1, 1, 1]",2.187401355548052,2.187483052520509,0.7470633044904549,0.7470912064619225,-2.799999999991698e-05,False,611.3521389961243,2026-04-11 20:35:45,Apple M4,Mac-mini-som-tillhor-Julian.local,16.0,10,10,3.13.1,221.42,ADAM,2,14,0,True,False,False,False,10800,10,line,False,True,85,False,True
e36dcf78,9,8,15,500.0,False,True,"[1, 1, 1]",3.6739874285793253,3.673987958462476,0.6405138473813329,0.6405139397598459,0.0,True,1869.8834800720215,2026-04-11 21:05:10,Apple M4,Mac-mini-som-tillhor-Julian.local,16.0,10,10,3.13.1,365.14,ADAM,2,14,0,True,False,False,False,10800,10,line,False,True,85,False,True
34648954,9,8,20,300.0,False,True,"[1, 1, 1]",4.141192904791908,4.141192373035823,0.7219652902356883,0.7219651975306526,0.0,True,1669.3694689273834,2026-04-11 21:12:14,Apple M4,Mac-mini-som-tillhor-Julian.local,16.0,10,10,3.13.1,380.52,ADAM,2,14,0,True,False,False,False,10800,10,line,False,True,85,False,True
a1f6424f,6,5,20,500.0,False,True,"[1, 1, 1]",2.7785392905653565,2.7785151622506836,0.7421312207706614,0.7421247762421698,5.999999999950489e-06,True,790.970908164978,2026-04-11 21:25:39,Apple M4,Mac-mini-som-tillhor-Julian.local,16.0,10,10,3.13.1,225.61,ADAM,2,14,0,True,False,False,False,10800,10,line,False,True,85,False,True
8684f85d,7,6,20,500.0,False,True,"[1, 1, 1]",3.1225573083412463,3.1229114386126584,0.7201469807060069,0.7202286528165724,-8.20000000000265e-05,False,1003.2423541545868,2026-04-11 22:22:18,Apple M4,Mac-mini-som-tillhor-Julian.local,16.0,10,10,3.13.1,230.45,ADAM,2,14,0,True,False,False,False,10800,10,line,False,True,85,False,True
ee632282,10,9,20,300.0,False,True,"[1, 1, 1]",4.254271217533228,4.254346362231335,0.653698711974989,0.6537102584866833,-1.0999999999983245e-05,False,7715.368129968643,2026-04-11 23:20:54,Apple M4,Mac-mini-som-tillhor-Julian.local,16.0,10,10,3.13.1,353.95,ADAM,2,14,0,True,False,False,False,10800,10,line,False,True,85,False,True
2d409e0c,10,9,15,500.0,False,True,"[1, 1, 1]",4.522781462551076,4.522780932013462,0.6949572007607676,0.6949571192399296,0.0,True,9400.41136431694,2026-04-11 23:34:05,Apple M4,Mac-mini-som-tillhor-Julian.local,16.0,10,10,3.13.1,367.28,ADAM,2,14,0,True,False,False,False,10800,10,line,False,True,85,False,True
dc08caba,8,7,20,500.0,False,True,"[1, 1, 1]",3.54847665157148,3.5484933415105253,0.6923856881115082,0.6923889446849806,-3.000000000086267e-06,False,1295.5620050430298,2026-04-11 23:49:31,Apple M4,Mac-mini-som-tillhor-Julian.local,16.0,10,10,3.13.1,263.88,ADAM,2,14,0,True,False,False,False,10800,10,line,False,True,85,False,True
dd20afa3,9,8,20,500.0,False,True,"[1, 1, 1]",3.867476194953368,3.8674463328015847,0.6742461985623027,0.6742409924688956,5.000000000032756e-06,True,2847.054517030716,2026-04-12 00:38:06,Apple M4,Mac-mini-som-tillhor-Julian.local,16.0,10,10,3.13.1,387.33,ADAM,2,14,0,True,False,False,False,10800,10,line,False,True,85,False,True
