cache_file,cache_dataset,graph_index,graph_hash,n_vertices,n_edges,lasserre_level,initial_solver_level_M,warm_start_mode,parameter_vector,sdp_solver_mode,sdp_scs_eps,sdp_scs_max_iters,sdp_seed,gp_rounding_seed,algorithm17_seed,algorithm17_num_seeds,algorithm17_seed_start,algorithm17_seeds_tried_json,algorithm17_candidate_energies_json,algorithm17_beta_mode,algorithm17_beta_star,algorithm17_beta_optimisation_time_seconds,sdp_objective_value,rounded_solution_energy,algorithm17_actual_energy,algorithm17_analytic_F_value,algorithm17_F_bound_applicable,algorithm17_lower_bound_energy,rounded_energy_over_sdp_objective,algorithm17_energy_over_sdp_objective,algorithm17_lower_bound_over_sdp_objective,warm_start_compute_time_seconds,cache_created_at,exact_comparison_normalisation_factor,rounded_solution_energy_normalized,algorithm17_actual_energy_normalized,algorithm17_lower_bound_energy_normalized,canonical_graph_hash,exact_result_match_status,exact_result_source,exact_optimal_energy,rounded_energy_over_exact_optimum,algorithm17_energy_over_exact_optimum,algorithm17_lower_bound_over_exact_optimum
/home/i6408800/MasterThesis/QAOA/Results/warm_start_cache/experiment_3/3regular_connected_74instances__filehash_688b5b4e/hog_idx000000_a9ba2966dd1c_seed42_L2_M2_betaanalytic_instance_amplified.npz,3regular_connected_74instances__filehash_688b5b4e,0,f793499c6d3605b3,6,9,2,2,amplified,"[1, 1, 1]",scs,1e-06,100000,42,42,43,1,43,[43],"[{""seed"": 43, ""actual_energy"": 6.36183214608061}]",analytic_instance,0.39675331930992974,0.16233053617179394,12.000000147928356,6.015859378354575,6.36183214608061,6.993832995782769,True,6.993832995782769,0.5013216086829078,0.5301526723046665,0.5828194091306044,84.64966487884521,2026-09-03 13:15:36,2,3.0079296891772875,3.180916073040305,3.4969164978913847,08d3f73c9bb85e738fdeb35ef3ff83284b6cb907fb916a10893f334e560d8b70,matched,/home/i6408800/MasterThesis/QAOA/Code/optimal_results/optimal_results_misc.csv,5.999999999999998,0.5013216148628814,0.530152678840051,0.5828194163152309
/home/i6408800/MasterThesis/QAOA/Results/warm_start_cache/experiment_3/3regular_connected_74instances__filehash_688b5b4e/hog_idx000001_a22c7db1ef39_seed42_L2_M2_betaanalytic_instance_amplified.npz,3regular_connected_74instances__filehash_688b5b4e,1,275678f066530529,6,12,2,2,amplified,"[1, 1, 1]",scs,1e-06,100000,42,42,43,1,43,[43],"[{""seed"": 43, ""actual_energy"": 7.9048382794245455}]",analytic_instance,0.10274356328948961,0.20471264608204365,11.999999812684758,7.7441043617053476,7.9048382794245455,7.803736731545322,False,,0.6453420402156457,0.6587365335679949,,100.75263738632202,2026-09-03 14:12:38,2,3.8720521808526738,3.9524191397122728,,f3a092a114238bb2b7c56ad17fbd442cc45336efbb282c5dd2c84041a6bbfc08,matched,/home/i6408800/MasterThesis/QAOA/Code/optimal_results/optimal_results_misc.csv,6.0,0.6453420301421123,0.6587365232853788,
/home/i6408800/MasterThesis/QAOA/Results/warm_start_cache/experiment_3/3regular_connected_74instances__filehash_688b5b4e/hog_idx000002_540db7fbc12d_seed42_L2_M2_betaanalytic_instance_amplified.npz,3regular_connected_74instances__filehash_688b5b4e,2,5b1ade82e6645ebe,9,21,2,2,amplified,"[1, 1, 1]",scs,1e-06,100000,42,42,43,1,43,[43],"[{""seed"": 43, ""actual_energy"": 15.596845663754804}]",analytic_instance,0.04962243956552353,0.3637233283370733,21.000000004354114,15.52627312375017,15.596845663754804,13.55366357468438,False,,0.7393463390729035,0.7427069362152845,,2989.429557323456,2026-09-03 14:04:02,2,7.763136561875085,7.798422831877402,,cd9bcd808ab520435daf63d69946e0560802e346fb5ec709633381e1bb22894a,matched,/home/i6408800/MasterThesis/QAOA/Code/optimal_results/optimal_results_misc.csv,10.499999999999996,0.7393463392261989,0.7427069363692766,
/home/i6408800/MasterThesis/QAOA/Results/warm_start_cache/experiment_3/3regular_connected_74instances__filehash_688b5b4e/hog_idx000003_4ed1edf72722_seed42_L2_M2_betaanalytic_instance_amplified.npz,3regular_connected_74instances__filehash_688b5b4e,3,85ab669976cf0d62,9,18,2,2,amplified,"[1, 1, 1]",scs,1e-06,100000,42,42,43,1,43,[43],"[{""seed"": 43, ""actual_energy"": 12.154841316177409}]",analytic_instance,0.10266708192452935,0.1715694647282362,20.00335157504061,12.020591728845167,12.154841316177409,12.241492548087775,False,,0.6009288835298973,0.6076402382160666,,1994.5749018192291,2026-09-03 14:44:07,2,6.0102958644225835,6.0774206580887045,,70d2891338a5f8f718c797e403f60011bb05be7f5fabfa11c1b2c3f8fabde86f,matched,/home/i6408800/MasterThesis/QAOA/Code/optimal_results/optimal_results_misc.csv,9.610770467448297,0.6253708674845029,0.6323551976059508,
/home/i6408800/MasterThesis/QAOA/Results/warm_start_cache/experiment_3/3regular_connected_74instances__filehash_688b5b4e/hog_idx000004_999bf100dc61_seed42_L2_M2_betaanalytic_instance_amplified.npz,3regular_connected_74instances__filehash_688b5b4e,4,e334a3d22fe78d12,5,8,2,2,amplified,"[1, 1, 1]",scs,1e-06,100000,42,42,43,1,43,[43],"[{""seed"": 43, ""actual_energy"": 4.376071053681033}]",analytic_instance,0.05942908794928802,0.133585873991251,8.24732846795717,4.363129620012764,4.376071053681033,5.250909663501547,False,,0.5290355097368268,0.5306046764941046,,26.11881995201111,2026-09-03 13:14:53,2,2.181564810006382,2.1880355268405167,,752f8dcc1d528e665105f45260671f094c5a2c5c2ce004f0aa1fd966e9d1e7c8,matched,/home/i6408800/MasterThesis/QAOA/Code/optimal_results/optimal_results_misc.csv,4.000000000000007,0.5453912025015945,0.5470088817101282,
/home/i6408800/MasterThesis/QAOA/Results/warm_start_cache/experiment_3/3regular_connected_74instances__filehash_688b5b4e/hog_idx000005_4a9383daebd6_seed42_L2_M2_betaanalytic_instance_amplified.npz,3regular_connected_74instances__filehash_688b5b4e,5,fd4a085f26fe59f5,5,9,2,2,amplified,"[1, 1, 1]",scs,1e-06,100000,42,42,43,1,43,[43],"[{""seed"": 43, ""actual_energy"": 5.500947469913659}]",analytic_instance,0.0,0.11036127991974354,8.37674531452853,5.500947469913659,5.500947469913659,5.611117041143271,False,,0.6566926966697768,0.6566926966697768,,16.290492296218872,2026-09-03 13:14:28,2,2.7504737349568296,2.7504737349568296,,f7bb96cf4c981920d3f79e1db4cf7fcba786c9a7572db53e5bce61c4d1e0039b,matched,/home/i6408800/MasterThesis/QAOA/Code/optimal_results/optimal_results_misc.csv,4.000000000000009,0.6876184337392058,0.6876184337392058,
/home/i6408800/MasterThesis/QAOA/Results/warm_start_cache/experiment_3/3regular_connected_74instances__filehash_688b5b4e/hog_idx000006_b429b5be497c_seed42_L2_M2_betaanalytic_instance_amplified.npz,3regular_connected_74instances__filehash_688b5b4e,6,c72923f1cb8f6559,7,12,2,2,amplified,"[1, 1, 1]",scs,1e-06,100000,42,42,43,1,43,[43],"[{""seed"": 43, ""actual_energy"": 8.444767862690998}]",analytic_instance,0.26067016797248316,0.21084087155759335,15.000000119378921,8.112687128844582,8.444767862690998,8.799471548068432,True,8.799471548068432,0.5408458042852663,0.5629845196988342,0.5866314318691337,397.94621539115906,2026-09-03 13:49:48,2,4.056343564422291,4.222383931345499,4.399735774034216,6857d54b451f036212442e1a6a63762c7636f9b590a1ae95004cf4f58812ed74,matched,/home/i6408800/MasterThesis/QAOA/Code/optimal_results/optimal_results_misc.csv,7.500000000000019,0.5408458085896375,0.5629845241793985,0.586631436537894
/home/i6408800/MasterThesis/QAOA/Results/warm_start_cache/experiment_3/3regular_connected_74instances__filehash_688b5b4e/hog_idx000007_7189ac572306_seed42_L2_M2_betaanalytic_instance_amplified.npz,3regular_connected_74instances__filehash_688b5b4e,7,30b19c56eeb9121d,7,15,2,2,amplified,"[1, 1, 1]",scs,1e-06,100000,42,42,43,1,43,[43],"[{""seed"": 43, ""actual_energy"": 9.108042878227737}]",analytic_instance,0.07585948259063516,0.15241698175668716,14.99999482923863,9.005773203692842,9.108042878227737,9.712759898885423,False,,0.6003850872093905,0.6072030678619935,,290.805881023407,2026-09-03 14:09:00,2,4.502886601846421,4.5540214391138685,,a775cb6d9cd362359f2f90d62770cc52429a2cc8b714529cf04668d15a9eede8,matched,/home/i6408800/MasterThesis/QAOA/Code/optimal_results/optimal_results_misc.csv,7.500000000000016,0.6003848802461882,0.6072028585485145,
/home/i6408800/MasterThesis/QAOA/Results/warm_start_cache/experiment_3/3regular_connected_74instances__filehash_688b5b4e/hog_idx000008_67abb1e2c5d1_seed42_L2_M2_betaanalytic_instance_amplified.npz,3regular_connected_74instances__filehash_688b5b4e,8,7322b59d58c77e93,10,24,2,2,amplified,"[1, 1, 1]",scs,1e-06,100000,42,42,43,1,43,[43],"[{""seed"": 43, ""actual_energy"": 13.713097705072009}]",analytic_instance,0.042274940364081706,0.2272855695337057,24.000000156850973,13.662644020345564,13.713097705072009,15.47836407364234,False,,0.5692768304605808,0.5713790673104436,,5850.982871055603,2026-09-03 14:51:49,2,6.831322010172782,6.8565488525360045,,15b2af1310dcc701b71527625b6a75e2c30c8ff559a26d49b9f3f44947d28652,matched,/home/i6408800/MasterThesis/QAOA/Code/optimal_results/optimal_results_misc.csv,12.000000000000028,0.5692768341810638,0.5713790710446657,
/home/i6408800/MasterThesis/QAOA/Results/warm_start_cache/experiment_3/3regular_connected_74instances__filehash_688b5b4e/hog_idx000009_2de39476f3bc_seed42_L2_M2_betaanalytic_instance_amplified.npz,3regular_connected_74instances__filehash_688b5b4e,9,31129e446cfff786,8,18,2,2,amplified,"[1, 1, 1]",scs,1e-06,100000,42,42,43,1,43,[43],"[{""seed"": 43, ""actual_energy"": 12.611702355502933}]",analytic_instance,0.06002648069097361,0.31716482155025005,17.99999992343628,12.525342424000264,12.611702355502933,11.631141493875699,False,,0.6958523598487394,0.7006501338415174,,1044.7595930099487,2026-09-03 13:32:07,2,6.262671212000132,6.3058511777514665,,830f49a476855cc454c3d3c2419de9edecc1c02624a20ee84c8145f8fdbb0b5f,matched,/home/i6408800/MasterThesis/QAOA/Code/optimal_results/optimal_results_misc.csv,9.000000000000016,0.6958523568889023,0.7006501308612728,
/home/i6408800/MasterThesis/QAOA/Results/warm_start_cache/experiment_3/3regular_connected_74instances__filehash_688b5b4e/hog_idx000010_d1549d6b471b_seed42_L2_M2_betaanalytic_instance_amplified.npz,3regular_connected_74instances__filehash_688b5b4e,10,8a68b3e33b1e706b,7,18,2,2,amplified,"[1, 1, 1]",scs,1e-06,100000,42,42,43,1,43,[43],"[{""seed"": 43, ""actual_energy"": 10.431010537221868}]",analytic_instance,0.0,0.18329355120658875,15.120717008060605,10.431010537221868,10.431010537221868,10.771360563495746,False,,0.689848935844859,0.689848935844859,,377.5012090206146,2026-09-03 13:20:29,2,5.215505268610934,5.215505268610934,,15beddca529a07c77f4593c2e76c8430b1f30fadf779bd7f0b29d83652f63fd5,matched,/home/i6408800/MasterThesis/QAOA/Code/optimal_results/optimal_results_misc.csv,7.500000000000024,0.6954007024814556,0.6954007024814556,
/home/i6408800/MasterThesis/QAOA/Results/warm_start_cache/experiment_3/3regular_connected_74instances__filehash_688b5b4e/hog_idx000011_99c8241ba89f_seed42_L2_M2_betaanalytic_instance_amplified.npz,3regular_connected_74instances__filehash_688b5b4e,11,20ee673f5ab89450,7,16,2,2,amplified,"[1, 1, 1]",scs,1e-06,100000,42,42,43,1,43,[43],"[{""seed"": 43, ""actual_energy"": 11.258055695680856}]",analytic_instance,0.013751515889675107,0.2590603455901146,15.096354372245397,11.245715468709802,11.258055695680856,10.059720950508488,False,,0.7449292187645659,0.7457466496930384,,367.87073731422424,2026-09-03 14:17:00,2,5.622857734354901,5.629027847840428,,c1b72f2733e44ce12d0fc5cb40c5b8b7d40799be8c76eca680bfe3edc8a7e4e4,matched,/home/i6408800/MasterThesis/QAOA/Code/optimal_results/optimal_results_misc.csv,7.499999999999994,0.7497143645806541,0.7505370463787243,
/home/i6408800/MasterThesis/QAOA/Results/warm_start_cache/experiment_3/3regular_connected_74instances__filehash_688b5b4e/hog_idx000012_6ece2b4d9b8b_seed42_L2_M2_betaanalytic_instance_amplified.npz,3regular_connected_74instances__filehash_688b5b4e,12,0a3ff00f95bef525,6,10,2,2,amplified,"[1, 1, 1]",scs,1e-06,100000,42,42,43,1,43,[43],"[{""seed"": 43, ""actual_energy"": 6.5796454334083965}]",analytic_instance,0.25943254361717194,0.18010996654629707,11.999998952741809,6.337120097062784,6.5796454334083965,7.209173160559092,False,,0.5280933875094092,0.5483038339686731,,81.40868997573853,2026-09-03 13:15:34,2,3.168560048531392,3.2898227167041982,,c328b523a812b466177c97e5165a4b0d7d7f2ccb8f7649ffe51cb74a97314db5,matched,/home/i6408800/MasterThesis/QAOA/Code/optimal_results/optimal_results_misc.csv,6.000000000000009,0.5280933414218979,0.5483037861173655,
/home/i6408800/MasterThesis/QAOA/Results/warm_start_cache/experiment_3/3regular_connected_74instances__filehash_688b5b4e/hog_idx000013_030124ee77d6_seed42_L2_M2_betaanalytic_instance_amplified.npz,3regular_connected_74instances__filehash_688b5b4e,13,6f44f27cd0c3964f,6,11,2,2,amplified,"[1, 1, 1]",scs,1e-06,100000,42,42,43,1,43,[43],"[{""seed"": 43, ""actual_energy"": 7.8738222169486765}]",analytic_instance,0.1654575739185844,0.1846252977848053,11.999999883859982,7.619995145801992,7.8738222169486765,7.488970860989731,False,,0.6349996016292382,0.6561518577628471,,105.67225623130798,2026-09-03 13:36:44,2,3.809997572900996,3.9369111084743382,,f31c18a825b2f43c0a9235aa712619e091bc9bd46f34fe83828ebda3d987cbe0,matched,/home/i6408800/MasterThesis/QAOA/Code/optimal_results/optimal_results_misc.csv,5.9999999999999885,0.6349995954835006,0.656151851412391,
/home/i6408800/MasterThesis/QAOA/Results/warm_start_cache/experiment_3/3regular_connected_74instances__filehash_688b5b4e/hog_idx000014_45020a415089_seed42_L2_M2_betaanalytic_instance_amplified.npz,3regular_connected_74instances__filehash_688b5b4e,14,88a689a03409a679,6,13,2,2,amplified,"[1, 1, 1]",scs,1e-06,100000,42,42,43,1,43,[43],"[{""seed"": 43, ""actual_energy"": 8.160336228275055}]",analytic_instance,0.05946972589791466,0.21910337917506695,11.99999985492972,8.065870935542284,8.160336228275055,8.137953725367499,False,,0.6721559194210109,0.6800280272439092,,100.91221714019775,2026-09-03 14:12:38,2,4.032935467771142,4.0801681141375274,,d0a978b2c1d07c4fdff01e4f8332feb015557635610fa30af6b11c228ed0eae7,matched,/home/i6408800/MasterThesis/QAOA/Code/optimal_results/optimal_results_misc.csv,5.999999999999995,0.6721559112951909,0.6800280190229219,
/home/i6408800/MasterThesis/QAOA/Results/warm_start_cache/experiment_3/3regular_connected_74instances__filehash_688b5b4e/hog_idx000015_97717e7fe5fd_seed42_L2_M2_betaanalytic_instance_amplified.npz,3regular_connected_74instances__filehash_688b5b4e,15,3645c70867e6a494,6,11,2,2,amplified,"[1, 1, 1]",scs,1e-06,100000,42,42,43,1,43,[43],"[{""seed"": 43, ""actual_energy"": 7.45489139662186}]",analytic_instance,0.16545707902686216,0.18012066558003426,11.999996811135654,7.298212560511718,7.45489139662186,7.488969394320163,False,,0.6081845416608099,0.6212411148062917,,88.49786019325256,2026-09-03 13:15:51,2,3.649106280255859,3.72744569831093,,c1b117501d7e94bc3718ee9d1e5262770f356d9a3fd74d90b3ae1e1512bcaae4,matched,/home/i6408800/MasterThesis/QAOA/Code/optimal_results/optimal_results_misc.csv,6.000000000000002,0.608184380042643,0.6212409497184881,
/home/i6408800/MasterThesis/QAOA/Results/warm_start_cache/experiment_3/3regular_connected_74instances__filehash_688b5b4e/hog_idx000016_b6ea059f6f43_seed42_L2_M2_betaanalytic_instance_amplified.npz,3regular_connected_74instances__filehash_688b5b4e,16,05b6ee10fddc5ffb,7,13,2,2,amplified,"[1, 1, 1]",scs,1e-06,100000,42,42,43,1,43,[43],"[{""seed"": 43, ""actual_energy"": 8.62074348956032}]",analytic_instance,0.17794375367232895,0.22274990752339363,15.000000000770013,8.387507380102475,8.62074348956032,9.075462245774009,False,,0.5591671586447939,0.5747162326078521,,401.0489583015442,2026-09-03 13:28:37,2,4.1937536900512375,4.31037174478016,,f58ebdbf623cf7a56b1538ae2b3955a3e58c11667e97207d35453120d8ae501f,matched,/home/i6408800/MasterThesis/QAOA/Code/optimal_results/optimal_results_misc.csv,7.500000000000014,0.5591671586734973,0.5747162326373536,
/home/i6408800/MasterThesis/QAOA/Results/warm_start_cache/experiment_3/3regular_connected_74instances__filehash_688b5b4e/hog_idx000017_49b12f80590a_seed42_L2_M2_betaanalytic_instance_amplified.npz,3regular_connected_74instances__filehash_688b5b4e,17,095d7c50aab7446c,7,14,2,2,amplified,"[1, 1, 1]",scs,1e-06,100000,42,42,43,1,43,[43],"[{""seed"": 43, ""actual_energy"": 8.820814019913445}]",analytic_instance,0.11871613396803418,0.24057536013424397,15.000000302287331,8.66249054622413,8.820814019913445,9.3842157365097,False,,0.5774993581102261,0.588054256143473,,338.3641982078552,2026-09-03 13:20:12,2,4.331245273112065,4.410407009956723,,c13f972818e2435ce8ad2965a1f6503044deecf68290ffbc603f8ccc0f22667c,matched,/home/i6408800/MasterThesis/QAOA/Code/optimal_results/optimal_results_misc.csv,7.500000000000019,0.577499369748274,0.5880542679942282,
/home/i6408800/MasterThesis/QAOA/Results/warm_start_cache/experiment_3/3regular_connected_74instances__filehash_688b5b4e/hog_idx000018_13f6a57774d6_seed42_L2_M2_betaanalytic_instance_amplified.npz,3regular_connected_74instances__filehash_688b5b4e,18,fccee3d43695ce20,7,13,2,2,amplified,"[1, 1, 1]",scs,1e-06,100000,42,42,43,1,43,[43],"[{""seed"": 43, ""actual_energy"": 8.620762408657152}]",analytic_instance,0.1779436249801754,0.2150113806128502,14.999998886634078,8.387637228888972,8.620762408657152,9.075461786297046,False,,0.5591758567637544,0.5747175365685381,,399.9895398616791,2026-09-03 13:28:37,2,4.193818614444486,4.310381204328576,,f809b1342b5201beacfd85f46dcf69a75757acd6aba6b77934457f3cfa0be1db,matched,/home/i6408800/MasterThesis/QAOA/Code/optimal_results/optimal_results_misc.csv,7.500000000000035,0.5591758152592622,0.5747174939104741,
/home/i6408800/MasterThesis/QAOA/Results/warm_start_cache/experiment_3/3regular_connected_74instances__filehash_688b5b4e/hog_idx000019_2dffcde9f7f7_seed42_L2_M2_betaanalytic_instance_amplified.npz,3regular_connected_74instances__filehash_688b5b4e,19,de8eabd532f065e2,7,14,2,2,amplified,"[1, 1, 1]",scs,1e-06,100000,42,42,43,1,43,[43],"[{""seed"": 43, ""actual_energy"": 10.965689767099626}]",analytic_instance,0.1170992024772185,0.14085490070283413,15.00193629095043,10.819285289624569,10.965689767099626,9.38306029240893,False,,0.7211925900625942,0.7309516288050378,,470.2652907371521,2026-09-03 14:18:43,2,5.409642644812284,5.482844883549813,,e0834b91709f6a9a63d8111dbc5e2fa4f4af67fcf57d0792964988323b165c5a,matched,/home/i6408800/MasterThesis/QAOA/Code/optimal_results/optimal_results_misc.csv,7.500000000000003,0.721285685974971,0.7310459844733082,
/home/i6408800/MasterThesis/QAOA/Results/warm_start_cache/experiment_3/3regular_connected_74instances__filehash_688b5b4e/hog_idx000020_6ad7f7f002a9_seed42_L2_M2_betaanalytic_instance_amplified.npz,3regular_connected_74instances__filehash_688b5b4e,20,e87fc3bcdda28a56,7,15,2,2,amplified,"[1, 1, 1]",scs,1e-06,100000,42,42,43,1,43,[43],"[{""seed"": 43, ""actual_energy"": 10.769046784877933}]",analytic_instance,0.07454688186509557,0.25327995605766773,15.001931980192731,10.691406416757388,10.769046784877933,9.712126554355002,False,,0.7126686370044477,0.7178439949665457,,495.11796045303345,2026-09-03 13:22:32,2,5.345703208378694,5.384523392438966,,274a7c02df76a169fbdb187eaccb1d9ad1248b72142bf6085735b21af694ba86,matched,/home/i6408800/MasterThesis/QAOA/Code/optimal_results/optimal_results_misc.csv,7.500000000000024,0.7127604277838236,0.7179364523251932,
/home/i6408800/MasterThesis/QAOA/Results/warm_start_cache/experiment_3/3regular_connected_74instances__filehash_688b5b4e/hog_idx000021_7e81fec7d5b3_seed42_L2_M2_betaanalytic_instance_amplified.npz,3regular_connected_74instances__filehash_688b5b4e,21,02ae425fce1e2730,7,17,2,2,amplified,"[1, 1, 1]",scs,1e-06,100000,42,42,43,1,43,[43],"[{""seed"": 43, ""actual_energy"": 9.918921049321769}]",analytic_instance,0.01875422173640567,0.298113327473402,15.001939751000954,9.893629122386404,9.918921049321769,10.40275591847462,False,,0.6594899917343212,0.6611759021802472,,434.80674862861633,2026-09-03 13:21:40,2,4.946814561193202,4.9594605246608845,,b47a63c5ff20537281152f96d4bf08d37813191bc7d12a65cca862f93df0f308,matched,/home/i6408800/MasterThesis/QAOA/Code/optimal_results/optimal_results_misc.csv,7.5000000000000195,0.6595752748257585,0.6612614032881162,
/home/i6408800/MasterThesis/QAOA/Results/warm_start_cache/experiment_3/3regular_connected_74instances__filehash_688b5b4e/hog_idx000022_e17eb587f1c9_seed42_L2_M2_betaanalytic_instance_amplified.npz,3regular_connected_74instances__filehash_688b5b4e,22,12fa0493685952a0,9,21,2,2,amplified,"[1, 1, 1]",scs,1e-06,100000,42,42,43,1,43,[43],"[{""seed"": 43, ""actual_energy"": 14.209429254931706}]",analytic_instance,0.0,0.2119905725121498,19.589052443661014,14.209429254931704,14.209429254931706,13.095827815503576,False,,0.7253760382641607,0.7253760382641609,,2990.6667740345,2026-09-03 14:11:43,2,7.104714627465852,7.104714627465853,,f1eaf66617b0367e132d1acfd27a7f8e86fbbe5af49ce47cfb35ec328a66be05,matched,/home/i6408800/MasterThesis/QAOA/Code/optimal_results/optimal_results_misc.csv,9.266478447977926,0.766711396066129,0.7667113960661291,
/home/i6408800/MasterThesis/QAOA/Results/warm_start_cache/experiment_3/3regular_connected_74instances__filehash_688b5b4e/hog_idx000023_1ae2dc343611_seed42_L2_M2_betaanalytic_instance_amplified.npz,3regular_connected_74instances__filehash_688b5b4e,23,2ca7f0bc2cca9671,8,17,2,2,amplified,"[1, 1, 1]",scs,1e-06,100000,42,42,43,1,43,[43],"[{""seed"": 43, ""actual_energy"": 10.288795067586545}]",analytic_instance,0.03229286339408024,0.2858667057007551,17.155024031699508,10.270764315544683,10.288795067586545,11.012191967597179,False,,0.5987029978253655,0.5997540457287985,,1115.7086918354034,2026-09-03 13:32:48,2,5.135382157772342,5.144397533793272,,6132c9e944cd99919f82facef347514c5eeb075c4851258d3592e2ba87b9e62d,matched,/home/i6408800/MasterThesis/QAOA/Code/optimal_results/optimal_results_misc.csv,8.56532429344029,0.5995549008815987,0.600607444336122,
/home/i6408800/MasterThesis/QAOA/Results/warm_start_cache/experiment_3/3regular_connected_74instances__filehash_688b5b4e/hog_idx000024_a69579939a42_seed42_L2_M2_betaanalytic_instance_amplified.npz,3regular_connected_74instances__filehash_688b5b4e,24,fe7e18fe74fd1312,8,18,2,2,amplified,"[1, 1, 1]",scs,1e-06,100000,42,42,43,1,43,[43],"[{""seed"": 43, ""actual_energy"": 11.798433587667423}]",analytic_instance,0.011148750641543734,0.3161552678793669,17.730882604897143,11.7912508536077,11.798433587667423,11.523430106457885,False,,0.6650120649014415,0.6654171622798281,,1129.2142434120178,2026-09-03 13:40:41,2,5.89562542680385,5.899216793833712,,ebf71df43f5eccaff636d86b371ed5fd8f097b2d56cca0724b959d291fc63ea4,matched,/home/i6408800/MasterThesis/QAOA/Code/optimal_results/optimal_results_misc.csv,8.853976658550735,0.6658731611981544,0.6662787831201857,
/home/i6408800/MasterThesis/QAOA/Results/warm_start_cache/experiment_3/3regular_connected_74instances__filehash_688b5b4e/hog_idx000025_eca90ffba1fe_seed42_L2_M2_betaanalytic_instance_amplified.npz,3regular_connected_74instances__filehash_688b5b4e,25,a30e439cb83ad073,9,18,2,2,amplified,"[1, 1, 1]",scs,1e-06,100000,42,42,43,1,43,[43],"[{""seed"": 43, ""actual_energy"": 12.102812812155562}]",analytic_instance,0.0,0.29262449964880943,17.756486394160255,12.10281281215557,12.102812812155562,11.504564541560228,False,,0.6815995317708765,0.6815995317708761,,3106.1088292598724,2026-09-03 14:14:30,2,6.051406406077785,6.051406406077781,,0579dd2b627535d06f52d8e52e364a636f5eb06211de9a88ed929ea858cd41f8,matched,/home/i6408800/MasterThesis/QAOA/Code/optimal_results/optimal_results_misc.csv,8.469001749928564,0.7145359730417848,0.7145359730417844,
/home/i6408800/MasterThesis/QAOA/Results/warm_start_cache/experiment_3/3regular_connected_74instances__filehash_688b5b4e/hog_idx000026_a3142afda75b_seed42_L2_M2_betaanalytic_instance_amplified.npz,3regular_connected_74instances__filehash_688b5b4e,26,38399a057ce85c77,8,18,2,2,amplified,"[1, 1, 1]",scs,1e-06,100000,42,42,43,1,43,[43],"[{""seed"": 43, ""actual_energy"": 11.390140451041717}]",analytic_instance,0.0,0.30717624723911285,17.242002868768342,11.390140451041717,11.390140451041717,11.365723208828527,False,,0.6606042544902647,0.6606042544902647,,1318.2182867527008,2026-09-03 13:43:51,2,5.695070225520858,5.695070225520858,,798cf0b8d4ef3252cfab1900cbc9e8406543250306c61d3fec5aa085bcdfd691,matched,/home/i6408800/MasterThesis/QAOA/Code/optimal_results/optimal_results_misc.csv,8.618033988749874,0.6608317201992123,0.6608317201992123,
/home/i6408800/MasterThesis/QAOA/Results/warm_start_cache/experiment_3/3regular_connected_74instances__filehash_688b5b4e/hog_idx000027_31c4bde253cf_seed42_L2_M2_betaanalytic_instance_amplified.npz,3regular_connected_74instances__filehash_688b5b4e,27,74bbde01794c8622,9,18,2,2,amplified,"[1, 1, 1]",scs,1e-06,100000,42,42,43,1,43,[43],"[{""seed"": 43, ""actual_energy"": 12.018210094094336}]",analytic_instance,0.05219519011407606,0.28384497947990894,19.109089982129824,11.981334219394515,12.018210094094336,11.928845905060701,False,,0.6269965880426046,0.6289263437104206,,3093.966786623001,2026-09-03 14:05:49,2,5.990667109697258,6.009105047047168,,b7fbf963ef4e9dd329a5ef1c638f6d1519b0d264234a341685124c7c560ab9db,matched,/home/i6408800/MasterThesis/QAOA/Code/optimal_results/optimal_results_misc.csv,9.286791329103725,0.6450739439921734,0.6470593377300652,
/home/i6408800/MasterThesis/QAOA/Results/warm_start_cache/experiment_3/3regular_connected_74instances__filehash_688b5b4e/hog_idx000028_bb93c54317f3_seed42_L2_M2_betaanalytic_instance_amplified.npz,3regular_connected_74instances__filehash_688b5b4e,28,ce2e05f693a70d57,10,23,2,2,amplified,"[1, 1, 1]",scs,1e-06,100000,42,42,43,1,43,[43],"[{""seed"": 43, ""actual_energy"": 17.57702225092965}]",analytic_instance,0.07387073516040576,0.21957975812256336,24.264351969517804,17.436634637267687,17.57702225092965,15.254354519783977,False,,0.7186111815049722,0.7243969372440221,,6099.060490846634,2026-09-03 14:56:03,2,8.718317318633844,8.788511125464826,,75ca0459dd5082ad390df13b3c84ef4cdad4054adcf4365b3d777faabee62f88,matched,/home/i6408800/MasterThesis/QAOA/Code/optimal_results/optimal_results_misc.csv,12.09354336612349,0.7209067727044871,0.7267110109418601,
/home/i6408800/MasterThesis/QAOA/Results/warm_start_cache/experiment_3/3regular_connected_74instances__filehash_688b5b4e/hog_idx000029_0b701c6408b0_seed42_L2_M2_betaanalytic_instance_amplified.npz,3regular_connected_74instances__filehash_688b5b4e,29,e4740fdcdd02733d,10,24,2,2,amplified,"[1, 1, 1]",scs,1e-06,100000,42,42,43,1,43,[43],"[{""seed"": 43, ""actual_energy"": 15.304031201563566}]",analytic_instance,0.04985144462316629,0.22765238769352436,24.911192360893093,15.219233741026724,15.304031201563566,15.766403143790289,False,,0.6109395937594172,0.6143435841950562,,5903.94451379776,2026-09-03 14:52:40,2,7.609616870513362,7.652015600781783,,c6dd76baab261e116a3f6c41238ce77b1e5d1505bc919880044f3f8373daf074,matched,/home/i6408800/MasterThesis/QAOA/Code/optimal_results/optimal_results_misc.csv,12.399369924001801,0.6137099640670626,0.6171293902579329,
/home/i6408800/MasterThesis/QAOA/Results/warm_start_cache/experiment_3/3regular_connected_74instances__filehash_688b5b4e/hog_idx000030_d8a5ca7eb05b_seed42_L2_M2_betaanalytic_instance_amplified.npz,3regular_connected_74instances__filehash_688b5b4e,30,4bf56f5a6855e938,7,16,2,2,amplified,"[1, 1, 1]",scs,1e-06,100000,42,42,43,1,43,[43],"[{""seed"": 43, ""actual_energy"": 9.869667443700184}]",analytic_instance,0.042927652625993275,0.31476563587784767,15.0019440309036,9.812116887663596,9.869667443700184,10.053436659164603,False,,0.6540563587926271,0.6578925653481266,,530.6470291614532,2026-09-03 13:43:49,2,4.906058443831798,4.934833721850092,,fbe5e35d57dec84bc423cebb16731eca1322c7dbf1048c15dd30e2434b16ae1d,matched,/home/i6408800/MasterThesis/QAOA/Code/optimal_results/optimal_results_misc.csv,7.500000000000022,0.6541411258442378,0.6579778295800103,
/home/i6408800/MasterThesis/QAOA/Results/warm_start_cache/experiment_3/3regular_connected_74instances__filehash_688b5b4e/hog_idx000031_80bc141b456e_seed42_L2_M2_betaanalytic_instance_amplified.npz,3regular_connected_74instances__filehash_688b5b4e,31,8db3d3dcbfada9de,7,15,2,2,amplified,"[1, 1, 1]",scs,1e-06,100000,42,42,43,1,43,[43],"[{""seed"": 43, ""actual_energy"": 10.30507986119314}]",analytic_instance,0.0,0.2663480881601572,14.28159247644663,10.305079861193141,10.30507986119314,9.455701636148323,False,,0.7215637806630038,0.7215637806630036,,415.40927481651306,2026-09-03 13:50:05,2,5.1525399305965704,5.15253993059657,,53303bb1ca20d593c04354cfa82cff5e89209c4002789380007938fa6e7dde15,matched,/home/i6408800/MasterThesis/QAOA/Code/optimal_results/optimal_results_misc.csv,6.802775637732009,0.7574172962603226,0.7574172962603225,
/home/i6408800/MasterThesis/QAOA/Results/warm_start_cache/experiment_3/3regular_connected_74instances__filehash_688b5b4e/hog_idx000032_b96875553e0d_seed42_L2_M2_betaanalytic_instance_amplified.npz,3regular_connected_74instances__filehash_688b5b4e,32,65370acbdd9936cd,7,14,2,2,amplified,"[1, 1, 1]",scs,1e-06,100000,42,42,43,1,43,[43],"[{""seed"": 43, ""actual_energy"": 9.083806025370274}]",analytic_instance,0.11871539443320284,0.22871709056198597,14.999990557137581,8.926310849710807,9.083806025370274,9.38421220453893,False,,0.5950877646028464,0.6055874495899496,,352.9911484718323,2026-09-03 13:20:07,2,4.463155424855404,4.541903012685137,,b532a6de8b2a3509537e99fdd78bcd829b0938bf7559f1e02b11f2d8d78c856a,matched,/home/i6408800/MasterThesis/QAOA/Code/optimal_results/optimal_results_misc.csv,7.50000000000001,0.5950873899807197,0.6055870683580175,
/home/i6408800/MasterThesis/QAOA/Results/warm_start_cache/experiment_3/3regular_connected_74instances__filehash_688b5b4e/hog_idx000033_7e8259c33164_seed42_L2_M2_betaanalytic_instance_amplified.npz,3regular_connected_74instances__filehash_688b5b4e,33,fda36a82a7169784,8,19,2,2,amplified,"[1, 1, 1]",scs,1e-06,100000,42,42,43,1,43,[43],"[{""seed"": 43, ""actual_energy"": 12.722146587866836}]",analytic_instance,0.034888581642689605,0.33079877868294716,18.000005459239738,12.671571202788467,12.722146587866836,11.975783375583562,False,,0.7039759644230504,0.7067857071863455,,1245.4897878170013,2026-09-03 14:03:55,2,6.3357856013942335,6.361073293933418,,a14c09548006f88f46a06ae50152da69f85b82505de04f5e8203fc8c4558cda5,matched,/home/i6408800/MasterThesis/QAOA/Code/optimal_results/optimal_results_misc.csv,9.000000000000002,0.7039761779326925,0.7067859215481574,
/home/i6408800/MasterThesis/QAOA/Results/warm_start_cache/experiment_3/3regular_connected_74instances__filehash_688b5b4e/hog_idx000034_d45060f4f2db_seed42_L2_M2_betaanalytic_instance_amplified.npz,3regular_connected_74instances__filehash_688b5b4e,34,abb906e1519bbe9a,8,20,2,2,amplified,"[1, 1, 1]",scs,1e-06,100000,42,42,43,1,43,[43],"[{""seed"": 43, ""actual_energy"": 12.850385719271111}]",analytic_instance,0.006835104475261978,0.19753948785364628,18.414213257528097,12.84482691552685,12.850385719271111,12.461753016378882,False,,0.6975495904108545,0.6978514661231925,,1085.3781254291534,2026-09-03 14:28:58,2,6.422413457763425,6.425192859635556,,fcd18dbfa11f4f49d0fb8e322d429aa702b65b29054e7a0ed73edccde6e87ff9,matched,/home/i6408800/MasterThesis/QAOA/Code/optimal_results/optimal_results_misc.csv,9.207106781186585,0.6975495788630055,0.697851454570346,
/home/i6408800/MasterThesis/QAOA/Results/warm_start_cache/experiment_3/3regular_connected_74instances__filehash_688b5b4e/hog_idx000035_5339c661319f_seed42_L2_M2_betaanalytic_instance_amplified.npz,3regular_connected_74instances__filehash_688b5b4e,35,8dec00f57b0636c4,8,20,2,2,amplified,"[1, 1, 1]",scs,1e-06,100000,42,42,43,1,43,[43],"[{""seed"": 43, ""actual_energy"": 13.319014688444264}]",analytic_instance,0.0,0.32362193800508976,18.08062590977894,13.319014688444266,13.319014688444264,12.336963302672743,False,,0.7366456645309304,0.7366456645309303,,1004.9564185142517,2026-09-03 14:20:52,2,6.659507344222133,6.659507344222132,,a80e5c9a81e488892c5266c1a09e037a0d7b7b29d968e236d485d77d16fd0964,matched,/home/i6408800/MasterThesis/QAOA/Code/optimal_results/optimal_results_misc.csv,8.999999999999998,0.739945260469126,0.7399452604691259,
/home/i6408800/MasterThesis/QAOA/Results/warm_start_cache/experiment_3/3regular_connected_74instances__filehash_688b5b4e/hog_idx000036_60bbe39cc295_seed42_L2_M2_betaanalytic_instance_amplified.npz,3regular_connected_74instances__filehash_688b5b4e,36,52f666b06b6dd312,8,21,2,2,amplified,"[1, 1, 1]",scs,1e-06,100000,42,42,43,1,43,[43],"[{""seed"": 43, ""actual_energy"": 13.532740327660244}]",analytic_instance,0.0,0.3712879531085491,19.000000018351592,13.532740327660246,13.532740327660244,12.94384053569919,False,,0.7122494902415439,0.7122494902415438,,1194.0558021068573,2026-09-03 13:41:46,2,6.766370163830123,6.766370163830122,,fa9d5385b60904c7f18a88d31b84a16baec53233f73c08e0abdb66f8f05f88d2,matched,/home/i6408800/MasterThesis/QAOA/Code/optimal_results/optimal_results_misc.csv,9.499999999999964,0.7122494909294893,0.7122494909294892,
/home/i6408800/MasterThesis/QAOA/Results/warm_start_cache/experiment_3/3regular_connected_74instances__filehash_688b5b4e/hog_idx000037_03a1c57f31d3_seed42_L2_M2_betaanalytic_instance_amplified.npz,3regular_connected_74instances__filehash_688b5b4e,37,aaf056bf29d32b59,9,26,2,2,amplified,"[1, 1, 1]",scs,1e-06,100000,42,42,43,1,43,[43],"[{""seed"": 43, ""actual_energy"": 16.41084153998078}]",analytic_instance,0.0,0.4391465522348881,21.48542897748278,16.410841539980776,16.41084153998078,15.428584220405206,False,,0.7638126079390695,0.7638126079390696,,3144.115331888199,2026-09-03 14:07:23,2,8.205420769990388,8.20542076999039,,40b16028190bf5d1aa4d774cd587bc26cc65b712b18a0da8f0e4756f5a9bd9ab,matched,/home/i6408800/MasterThesis/QAOA/Code/optimal_results/optimal_results_misc.csv,10.499999999999972,0.7814686447609914,0.7814686447609916,
/home/i6408800/MasterThesis/QAOA/Results/warm_start_cache/experiment_3/3regular_connected_74instances__filehash_688b5b4e/hog_idx000038_8a546afbfd4c_seed42_L2_M2_betaanalytic_instance_amplified.npz,3regular_connected_74instances__filehash_688b5b4e,38,f9be4ced4f6b3cd3,9,24,2,2,amplified,"[1, 1, 1]",scs,1e-06,100000,42,42,43,1,43,[43],"[{""seed"": 43, ""actual_energy"": 14.077584560823837}]",analytic_instance,0.0,0.40668694861233234,20.89767578724017,14.077584560823837,14.077584560823837,14.571216360206078,False,,0.6736435527160113,0.6736435527160113,,3087.43780708313,2026-09-03 14:05:56,2,7.0387922804119185,7.0387922804119185,,8d8c6f54256a7dc1322e4e2c85c949d9d93bc9c9af7469961f21eccef71663f3,matched,/home/i6408800/MasterThesis/QAOA/Code/optimal_results/optimal_results_misc.csv,10.166202292533223,0.6923718491792854,0.6923718491792854,
/home/i6408800/MasterThesis/QAOA/Results/warm_start_cache/experiment_3/3regular_connected_74instances__filehash_688b5b4e/hog_idx000039_5a6977c2b3a3_seed42_L2_M2_betaanalytic_instance_amplified.npz,3regular_connected_74instances__filehash_688b5b4e,39,4bde034f708c81ca,9,24,2,2,amplified,"[1, 1, 1]",scs,1e-06,100000,42,42,43,1,43,[43],"[{""seed"": 43, ""actual_energy"": 14.53455760014213}]",analytic_instance,0.0,0.31631867960095406,21.466925539445793,14.534557600142138,14.53455760014213,14.739158267470911,False,,0.6770674996489215,0.6770674996489211,,2815.6976459026337,2026-09-03 14:21:54,2,7.267278800071069,7.267278800071065,,8624dd3c77b7081d13140034d0092cfe3498f3a1663236b2426c981e53093b71,matched,/home/i6408800/MasterThesis/QAOA/Code/optimal_results/optimal_results_misc.csv,10.279452315768642,0.7069714005018624,0.7069714005018619,
/home/i6408800/MasterThesis/QAOA/Results/warm_start_cache/experiment_3/3regular_connected_74instances__filehash_688b5b4e/hog_idx000040_20ca091951d5_seed42_L2_M2_betaanalytic_instance_amplified.npz,3regular_connected_74instances__filehash_688b5b4e,40,faa6747abd6cfce7,9,26,2,2,amplified,"[1, 1, 1]",scs,1e-06,100000,42,42,43,1,43,[43],"[{""seed"": 43, ""actual_energy"": 15.172006421787485}]",analytic_instance,0.0,0.25419176556169987,21.795960190009247,15.172006421787488,15.172006421787485,15.516706357966111,False,,0.6960925919080169,0.6960925919080166,,2894.7612750530243,2026-09-03 14:31:25,2,7.586003210893744,7.586003210893742,,be61fd036e64b72d5a227d85a7a2ffeab97f9ca480c228935afcfb39ab329257,matched,/home/i6408800/MasterThesis/QAOA/Code/optimal_results/optimal_results_misc.csv,10.61803398874994,0.7144451806173625,0.7144451806173623,
/home/i6408800/MasterThesis/QAOA/Results/warm_start_cache/experiment_3/3regular_connected_74instances__filehash_688b5b4e/hog_idx000041_4319159dd70e_seed42_L2_M2_betaanalytic_instance_amplified.npz,3regular_connected_74instances__filehash_688b5b4e,41,fae2b51bcb28223f,9,21,2,2,amplified,"[1, 1, 1]",scs,1e-06,100000,42,42,43,1,43,[43],"[{""seed"": 43, ""actual_energy"": 16.14916848630369}]",analytic_instance,0.04186829267756905,0.35271389596164227,21.019146098441645,16.094583421907302,16.14916848630369,13.55246946270303,False,,0.7657106214747967,0.7683075425933209,,3097.4100091457367,2026-09-03 14:06:17,2,8.047291710953651,8.074584243151845,,bebd52d71b7aee80e967045d5da38834d572da176e7954f670e7dcb39bae4f2f,matched,/home/i6408800/MasterThesis/QAOA/Code/optimal_results/optimal_results_misc.csv,10.500000000000036,0.7664087343765356,0.769008023157316,
/home/i6408800/MasterThesis/QAOA/Results/warm_start_cache/experiment_3/3regular_connected_74instances__filehash_688b5b4e/hog_idx000042_ce8c3a8c73a2_seed42_L2_M2_betaanalytic_instance_amplified.npz,3regular_connected_74instances__filehash_688b5b4e,42,e48987790f1e52d0,8,17,2,2,amplified,"[1, 1, 1]",scs,1e-06,100000,42,42,43,1,43,[43],"[{""seed"": 43, ""actual_energy"": 12.574444079213746}]",analytic_instance,0.09217615842416003,0.30290949530899525,18.00001659204261,12.443828729037014,12.574444079213746,11.295350776491558,False,,0.6913231810318521,0.6985795826861969,,1290.7606782913208,2026-09-03 13:35:52,2,6.221914364518507,6.287222039606873,,a3ea34dfe23aa067f6ed626b8254681dcbefe154ff36138b8d872c66d368d509,matched,/home/i6408800/MasterThesis/QAOA/Code/optimal_results/optimal_results_misc.csv,9.000000000000036,0.6913238182798314,0.6985802266229831,
/home/i6408800/MasterThesis/QAOA/Results/warm_start_cache/experiment_3/3regular_connected_74instances__filehash_688b5b4e/hog_idx000043_64b092b83de6_seed42_L2_M2_betaanalytic_instance_amplified.npz,3regular_connected_74instances__filehash_688b5b4e,43,a6b1fc6174543341,10,24,2,2,amplified,"[1, 1, 1]",scs,1e-06,100000,42,42,43,1,43,[43],"[{""seed"": 43, ""actual_energy"": 18.05628749365877}]",analytic_instance,0.13378479340493984,0.23185712471604347,26.74036183813701,17.786266602178642,18.05628749365877,16.390991704435642,False,,0.6651468185001121,0.6752446957507866,,4371.88218331337,2026-09-03 15:16:14,2,8.893133301089321,9.028143746829384,,2e897d33ca0ea8df3f97985654b5ac52d490836317f9445fcb3b7f2299a05a96,matched,/home/i6408800/MasterThesis/QAOA/Code/optimal_results/optimal_results_misc.csv,13.367018181311993,0.665304197275839,0.6754044637607621,
/home/i6408800/MasterThesis/QAOA/Results/warm_start_cache/experiment_3/3regular_connected_74instances__filehash_688b5b4e/hog_idx000044_5e963646d08b_seed42_L2_M2_betaanalytic_instance_amplified.npz,3regular_connected_74instances__filehash_688b5b4e,44,05ef5476438cd857,10,20,2,2,amplified,"[1, 1, 1]",scs,1e-06,100000,42,42,43,1,43,[43],"[{""seed"": 43, ""actual_energy"": 15.011859353993204}]",analytic_instance,0.23593108081084035,0.18600899539887905,24.66395880447545,14.607387291490838,15.011859353993204,14.51200971481658,True,14.51200971481658,0.5922563935210686,0.6086557098558402,0.5883893104858444,5822.595031499863,2026-09-03 14:51:17,2,7.303693645745419,7.505929676996602,7.25600485740829,b87e3d7d2ddf0418ba77c47b5852fd4ab4befd2c17834237f9f83292ae383616,matched,/home/i6408800/MasterThesis/QAOA/Code/optimal_results/optimal_results_misc.csv,12.300068072057808,0.5937929451250189,0.6102348078908523,0.5899158293190125
/home/i6408800/MasterThesis/QAOA/Results/warm_start_cache/experiment_3/3regular_connected_74instances__filehash_688b5b4e/hog_idx000045_5bae99081601_seed42_L2_M2_betaanalytic_instance_amplified.npz,3regular_connected_74instances__filehash_688b5b4e,45,98778f617c31a962,8,19,2,2,amplified,"[1, 1, 1]",scs,1e-06,100000,42,42,43,1,43,[43],"[{""seed"": 43, ""actual_energy"": 11.584444829966118}]",analytic_instance,0.0,0.33026513271033764,17.242441788552973,11.584444829966117,11.584444829966118,11.72285820931436,False,,0.6718563978366959,0.671856397836696,,1243.2045283317566,2026-09-03 13:42:35,2,5.792222414983058,5.792222414983059,,20a15d4d9ecf055f2245d4bace4546b79efbf178416b25ac46ca4491802ec6db,matched,/home/i6408800/MasterThesis/QAOA/Code/optimal_results/optimal_results_misc.csv,8.618033988749911,0.6721048469458692,0.6721048469458694,
/home/i6408800/MasterThesis/QAOA/Results/warm_start_cache/experiment_3/3regular_connected_74instances__filehash_688b5b4e/hog_idx000046_23181254da46_seed42_L2_M2_betaanalytic_instance_amplified.npz,3regular_connected_74instances__filehash_688b5b4e,46,8614585039538b71,8,17,2,2,amplified,"[1, 1, 1]",scs,1e-06,100000,42,42,43,1,43,[43],"[{""seed"": 43, ""actual_energy"": 11.537615535865617}]",analytic_instance,0.049592350842401295,0.31527623906731606,17.451807060672103,11.495443390447347,11.537615535865617,11.11840829692409,False,,0.6586964519194402,0.6611129435338418,,1267.4579257965088,2026-09-03 13:57:04,2,5.747721695223674,5.768807767932809,,9a728c41d6b27bc19f6e94577628d3bce7e7ec6fdcce99976df19fc2f7555dd7,matched,/home/i6408800/MasterThesis/QAOA/Code/optimal_results/optimal_results_misc.csv,8.70975163088014,0.6599179791585921,0.6623389520637637,
/home/i6408800/MasterThesis/QAOA/Results/warm_start_cache/experiment_3/3regular_connected_74instances__filehash_688b5b4e/hog_idx000047_03e21b400adf_seed42_L2_M2_betaanalytic_instance_amplified.npz,3regular_connected_74instances__filehash_688b5b4e,47,c19645100777f86e,9,23,2,2,amplified,"[1, 1, 1]",scs,1e-06,100000,42,42,43,1,43,[43],"[{""seed"": 43, ""actual_energy"": 14.379154905521839}]",analytic_instance,0.0,0.369965011253953,20.646428938921208,14.37915490552184,14.379154905521839,14.122866872212056,False,,0.6964475526523263,0.6964475526523262,,3151.3027210235596,2026-09-03 14:07:01,2,7.18957745276092,7.189577452760919,,651e3181a9a609cc76e45a34bdaf6f9a0d3383612f2f42748e7da80104816b2e,matched,/home/i6408800/MasterThesis/QAOA/Code/optimal_results/optimal_results_misc.csv,9.900068693019884,0.7262149057440364,0.7262149057440362,
/home/i6408800/MasterThesis/QAOA/Results/warm_start_cache/experiment_3/3regular_connected_74instances__filehash_688b5b4e/hog_idx000048_49a12139b539_seed42_L2_M2_betaanalytic_instance_amplified.npz,3regular_connected_74instances__filehash_688b5b4e,48,4e97c802f129af3f,9,22,2,2,amplified,"[1, 1, 1]",scs,1e-06,100000,42,42,43,1,43,[43],"[{""seed"": 43, ""actual_energy"": 14.07430636227151}]",analytic_instance,0.0,0.3581778407096863,20.268358534442374,14.074306362271507,14.07430636227151,13.6518835048463,False,,0.6943979374725779,0.6943979374725782,,2779.848692178726,2026-09-03 14:30:17,2,7.0371531811357535,7.037153181135755,,6da7319c9ba70ce78baa70c6f63d2af1e13fc0ba77acc8658661fefd98e311a0,matched,/home/i6408800/MasterThesis/QAOA/Code/optimal_results/optimal_results_misc.csv,9.650140571970933,0.7292280489234877,0.7292280489234879,
/home/i6408800/MasterThesis/QAOA/Results/warm_start_cache/experiment_3/3regular_connected_74instances__filehash_688b5b4e/hog_idx000049_484c7f499754_seed42_L2_M2_betaanalytic_instance_amplified.npz,3regular_connected_74instances__filehash_688b5b4e,49,54e21475c03fbccd,9,22,2,2,amplified,"[1, 1, 1]",scs,1e-06,100000,42,42,43,1,43,[43],"[{""seed"": 43, ""actual_energy"": 13.018288765325899}]",analytic_instance,0.0,0.21428938023746014,20.34072626966306,13.0182887653259,13.018288765325899,13.690626750696802,False,,0.6400110100661388,0.6400110100661387,,2152.389242887497,2026-09-03 14:31:58,2,6.50914438266295,6.509144382662949,,df7ed32026d2b46593d3e43205c1da9df15ef112b52ff08044a29f7d63da074a,matched,/home/i6408800/MasterThesis/QAOA/Code/optimal_results/optimal_results_misc.csv,9.756801561068388,0.667139158454934,0.6671391584549339,
/home/i6408800/MasterThesis/QAOA/Results/warm_start_cache/experiment_3/3regular_connected_74instances__filehash_688b5b4e/hog_idx000050_c009184c649e_seed42_L2_M2_betaanalytic_instance_amplified.npz,3regular_connected_74instances__filehash_688b5b4e,50,46d1e74ee9a925b0,6,12,2,2,amplified,"[1, 1, 1]",scs,1e-06,100000,42,42,43,1,43,[43],"[{""seed"": 43, ""actual_energy"": 7.093837584788442}]",analytic_instance,0.10274359484967713,0.19626031629741192,12.000000182615167,6.926186190754335,7.093837584788442,7.803736869404725,False,,0.577182173779343,0.5911531230695763,,105.92926478385925,2026-09-03 14:05:08,2,3.4630930953771677,3.546918792394221,,de7e68c878076ec412598753e3d9a18f403b4f1db2215a666e9be2aed5ef5247,matched,/home/i6408800/MasterThesis/QAOA/Code/optimal_results/optimal_results_misc.csv,6.000000000000011,0.5771821825628602,0.5911531320657025,
/home/i6408800/MasterThesis/QAOA/Results/warm_start_cache/experiment_3/3regular_connected_74instances__filehash_688b5b4e/hog_idx000051_818f2bec6c19_seed42_L2_M2_betaanalytic_instance_amplified.npz,3regular_connected_74instances__filehash_688b5b4e,51,fa5e5acadbdcd037,10,29,2,2,amplified,"[1, 1, 1]",scs,1e-06,100000,42,42,43,1,43,[43],"[{""seed"": 43, ""actual_energy"": 15.36915121616036}]",analytic_instance,0.0,0.2762163747102022,24.654882150291286,15.36915121616037,15.36915121616036,17.430521615970765,False,,0.6233715141071478,0.6233715141071473,,6082.093426942825,2026-09-03 14:55:36,2,7.684575608080185,7.68457560808018,,f3ea5441bf39bcef11a03dbb296a0191613b4003976035f3988f9ef27601f517,matched,/home/i6408800/MasterThesis/QAOA/Code/optimal_results/optimal_results_misc.csv,12.265564437074657,0.6265162640907344,0.6265162640907339,
/home/i6408800/MasterThesis/QAOA/Results/warm_start_cache/experiment_3/3regular_connected_74instances__filehash_688b5b4e/hog_idx000052_1a0f891b2117_seed42_L2_M2_betaanalytic_instance_amplified.npz,3regular_connected_74instances__filehash_688b5b4e,52,cc2af1c8bdf9b0e5,9,18,2,2,amplified,"[1, 1, 1]",scs,1e-06,100000,42,42,43,1,43,[43],"[{""seed"": 43, ""actual_energy"": 12.848897469946074}]",analytic_instance,0.11973483768840133,0.18274404853582382,20.39751130575934,12.67846550934364,12.848897469946074,12.366694688151192,False,,0.6215692355451133,0.6299247627487831,,2948.854237794876,2026-09-03 14:24:08,2,6.33923275467182,6.424448734973037,,da3bf49b05dc97252c1f2e431c6997c96ba6b2a68541cf27aa1287565b36cba7,matched,/home/i6408800/MasterThesis/QAOA/Code/optimal_results/optimal_results_misc.csv,10.02203520869047,0.6325294835498922,0.6410323453465984,
/home/i6408800/MasterThesis/QAOA/Results/warm_start_cache/experiment_3/3regular_connected_74instances__filehash_688b5b4e/hog_idx000053_3c9bdd9a7651_seed42_L2_M2_betaanalytic_instance_amplified.npz,3regular_connected_74instances__filehash_688b5b4e,53,e0bf7bc22dae2b30,7,15,2,2,amplified,"[1, 1, 1]",scs,1e-06,100000,42,42,43,1,43,[43],"[{""seed"": 43, ""actual_energy"": 9.30323047800949}]",analytic_instance,0.07585979885763611,0.249029241502285,14.999999556211149,9.20129275256394,9.30323047800949,9.71276155933239,False,,0.6134195349861794,0.6202153835502775,,352.49550342559814,2026-09-03 13:20:05,2,4.60064637628197,4.651615239004745,,f4ab2f4b045c34198d463f0e7fd737c57132d287617d9e1966d93eb65f0cbe24,matched,/home/i6408800/MasterThesis/QAOA/Code/optimal_results/optimal_results_misc.csv,7.500000000000037,0.613419516837593,0.6202153652006296,
/home/i6408800/MasterThesis/QAOA/Results/warm_start_cache/experiment_3/3regular_connected_74instances__filehash_688b5b4e/hog_idx000054_b24a82214fe1_seed42_L2_M2_betaanalytic_instance_amplified.npz,3regular_connected_74instances__filehash_688b5b4e,54,909d7dc4e961e3cd,7,15,2,2,amplified,"[1, 1, 1]",scs,1e-06,100000,42,42,43,1,43,[43],"[{""seed"": 43, ""actual_energy"": 10.053935852346244}]",analytic_instance,0.04042511708458022,0.2532686199992895,15.095632305024779,10.0203686321074,10.053935852346244,9.709534338011087,False,,0.6637925745430345,0.6660162124510453,,420.25000286102295,2026-09-03 13:28:52,2,5.0101843160537,5.026967926173122,,bb231dda6681a6d87629f7f7bf5e606d39161b35957a6b4f9ef80ca47f26692c,matched,/home/i6408800/MasterThesis/QAOA/Code/optimal_results/optimal_results_misc.csv,7.5000000000000115,0.6680245754738257,0.6702623901564153,
/home/i6408800/MasterThesis/QAOA/Results/warm_start_cache/experiment_3/3regular_connected_74instances__filehash_688b5b4e/hog_idx000055_6bfee1de5e1f_seed42_L2_M2_betaanalytic_instance_amplified.npz,3regular_connected_74instances__filehash_688b5b4e,55,6a794c78dfbd8be8,7,15,2,2,amplified,"[1, 1, 1]",scs,1e-06,100000,42,42,43,1,43,[43],"[{""seed"": 43, ""actual_energy"": 11.262099552131744}]",analytic_instance,0.06089314725216973,0.16143902763724327,15.02026574134601,11.192007564811332,11.262099552131744,9.705260822284467,False,,0.7451271340694924,0.749793628559498,,357.3528025150299,2026-09-03 13:20:33,2,5.596003782405666,5.631049776065872,,e2b9b8391bdad3ea740c4e36d93fbc3d5ba21ec9981fda58a0c6319050966ecf,matched,/home/i6408800/MasterThesis/QAOA/Code/optimal_results/optimal_results_misc.csv,7.500000000000015,0.7461338376540874,0.7508066368087815,
/home/i6408800/MasterThesis/QAOA/Results/warm_start_cache/experiment_3/3regular_connected_74instances__filehash_688b5b4e/hog_idx000056_352094568a28_seed42_L2_M2_betaanalytic_instance_amplified.npz,3regular_connected_74instances__filehash_688b5b4e,56,501f2a88748c169a,8,22,2,2,amplified,"[1, 1, 1]",scs,1e-06,100000,42,42,43,1,43,[43],"[{""seed"": 43, ""actual_energy"": 13.588676290283983}]",analytic_instance,0.0,0.36930605955421925,18.240575839823965,13.588676290283987,13.588676290283983,13.091477301676568,False,,0.7449696988521788,0.7449696988521786,,1252.1534447669983,2026-09-03 13:35:30,2,6.794338145141993,6.7943381451419915,,2230f2234cd6e8103b219fd5186e5f01feef6891fbfd82b20b45434c7018b0c5,matched,/home/i6408800/MasterThesis/QAOA/Code/optimal_results/optimal_results_misc.csv,9.000000000000002,0.7549264605713324,0.7549264605713323,
/home/i6408800/MasterThesis/QAOA/Results/warm_start_cache/experiment_3/3regular_connected_74instances__filehash_688b5b4e/hog_idx000057_4905c4ec9e9d_seed42_L2_M2_betaanalytic_instance_amplified.npz,3regular_connected_74instances__filehash_688b5b4e,57,95bfc954acab9f8a,8,15,2,2,amplified,"[1, 1, 1]",scs,1e-06,100000,42,42,43,1,43,[43],"[{""seed"": 43, ""actual_energy"": 12.46972296703304}]",analytic_instance,0.19017599394201828,0.1631616409868002,18.000000205932338,12.212106047349709,12.46972296703304,10.670154687588582,True,10.670154687588582,0.678450328201936,0.6927623791317146,0.5927863647508167,1193.4531886577606,2026-09-03 13:34:10,2,6.106053023674854,6.23486148351652,5.335077343794291,74345e574c1e634f8fbf2520449ee7ebe9bd127f4b462f8e96ec8f984a53bb9b,matched,/home/i6408800/MasterThesis/QAOA/Code/optimal_results/optimal_results_misc.csv,9.000000000000021,0.678450335963871,0.6927623870573895,0.5927863715326975
/home/i6408800/MasterThesis/QAOA/Results/warm_start_cache/experiment_3/3regular_connected_74instances__filehash_688b5b4e/hog_idx000058_14589aaf2840_seed42_L2_M2_betaanalytic_instance_amplified.npz,3regular_connected_74instances__filehash_688b5b4e,58,da38ac0d8aa81ed7,9,18,2,2,amplified,"[1, 1, 1]",scs,1e-06,100000,42,42,43,1,43,[43],"[{""seed"": 43, ""actual_energy"": 15.482462340056443}]",analytic_instance,0.14853568297458514,0.3159159738570452,20.999999571008257,15.281699453823073,15.482462340056443,12.566229305552499,True,12.566229305552499,0.72769998885716,0.7372601264921405,0.5983918839170322,3020.05978679657,2026-09-03 14:04:33,2,7.6408497269115365,7.741231170028222,6.283114652776249,414212112817ceebd03b326a8bf895c433c6b4441e0c9e1a1342aecfbdd0af2b,matched,/home/i6408800/MasterThesis/QAOA/Code/optimal_results/optimal_results_misc.csv,10.500000000000059,0.7276999739915708,0.7372601114312551,0.5983918716929728
/home/i6408800/MasterThesis/QAOA/Results/warm_start_cache/experiment_3/3regular_connected_74instances__filehash_688b5b4e/hog_idx000059_a22f9bcc3188_seed42_L2_M2_betaanalytic_instance_amplified.npz,3regular_connected_74instances__filehash_688b5b4e,59,9c1b10bf564f032f,10,21,2,2,amplified,"[1, 1, 1]",scs,1e-06,100000,42,42,43,1,43,[43],"[{""seed"": 43, ""actual_energy"": 12.547950064264757}]",analytic_instance,0.12142596287106862,0.19777702167630196,23.999999564006895,12.404797361575158,12.547950064264757,14.474399315963433,True,14.474399315963433,0.5168665661218923,0.5228312621756492,0.6030999824546195,5516.046269416809,2026-09-03 14:53:53,2,6.202398680787579,6.273975032132379,7.237199657981717,6b81a3555c0749c7940d31cbd937f0e43fb0a1799b69a681a196d5c2c1f20801,matched,/home/i6408800/MasterThesis/QAOA/Code/optimal_results/optimal_results_misc.csv,11.999999999999991,0.5168665567322986,0.5228312526776986,0.6030999714984768
/home/i6408800/MasterThesis/QAOA/Results/warm_start_cache/experiment_3/3regular_connected_74instances__filehash_688b5b4e/hog_idx000060_e1d674658600_seed42_L2_M2_betaanalytic_instance_amplified.npz,3regular_connected_74instances__filehash_688b5b4e,60,b883f2136d16d38f,8,18,2,2,amplified,"[1, 1, 1]",scs,1e-06,100000,42,42,43,1,43,[43],"[{""seed"": 43, ""actual_energy"": 12.647657274592754}]",analytic_instance,0.05998082891693933,0.3166234362870455,18.000016384266875,12.561662910884689,12.647657274592754,11.631106206904178,False,,0.6978695264891179,0.7026469867909447,,1405.4958443641663,2026-09-03 13:58:24,2,6.280831455442344,6.323828637296377,,ce9f09d4238e311a0b24800831c2285a39e72b612b06621f2e45f9ffc0db8524,matched,/home/i6408800/MasterThesis/QAOA/Code/optimal_results/optimal_results_misc.csv,9.000000000000027,0.697870161715814,0.7026476263662621,
/home/i6408800/MasterThesis/QAOA/Results/warm_start_cache/experiment_3/3regular_connected_74instances__filehash_688b5b4e/hog_idx000061_f9167443f31f_seed42_L2_M2_betaanalytic_instance_amplified.npz,3regular_connected_74instances__filehash_688b5b4e,61,e043b46a54fd987b,9,24,2,2,amplified,"[1, 1, 1]",scs,1e-06,100000,42,42,43,1,43,[43],"[{""seed"": 43, ""actual_energy"": 16.354151512140955}]",analytic_instance,0.0,0.22858980484306812,21.821162348019467,16.35415151214095,16.354151512140955,14.812994029268298,False,,0.7494628952992181,0.7494628952992182,,2142.087734222412,2026-09-03 14:39:04,2,8.177075756070476,8.177075756070478,,bfde15e71b34eeda8047ad29e828b803b81df22e39bcba9cc1f166cf7b1d559f,matched,/home/i6408800/MasterThesis/QAOA/Code/optimal_results/optimal_results_misc.csv,10.809016994374929,0.7565050328189761,0.7565050328189763,
/home/i6408800/MasterThesis/QAOA/Results/warm_start_cache/experiment_3/3regular_connected_74instances__filehash_688b5b4e/hog_idx000062_3c5cc42b313c_seed42_L2_M2_betaanalytic_instance_amplified.npz,3regular_connected_74instances__filehash_688b5b4e,62,e098dad10e887655,9,23,2,2,amplified,"[1, 1, 1]",scs,1e-06,100000,42,42,43,1,43,[43],"[{""seed"": 43, ""actual_energy"": 16.09514620783227}]",analytic_instance,0.0,0.23844744451344013,22.000015260454067,16.095146207832265,16.09514620783227,14.518666939027256,False,,0.7315970474240513,0.7315970474240514,,3172.8679189682007,2026-09-03 14:28:30,2,8.047573103916132,8.047573103916134,,580b8cb0ab60baa1f72c94838dc4b9211fff789eee94529acc0107a426642e7a,matched,/home/i6408800/MasterThesis/QAOA/Code/optimal_results/optimal_results_misc.csv,11.000000000000009,0.7315975549014659,0.7315975549014662,
/home/i6408800/MasterThesis/QAOA/Results/warm_start_cache/experiment_3/3regular_connected_74instances__filehash_688b5b4e/hog_idx000063_c05e7dedd48d_seed42_L2_M2_betaanalytic_instance_amplified.npz,3regular_connected_74instances__filehash_688b5b4e,63,c22444eb986344e7,9,24,2,2,amplified,"[1, 1, 1]",scs,1e-06,100000,42,42,43,1,43,[43],"[{""seed"": 43, ""actual_energy"": 15.64531685096214}]",analytic_instance,0.0,0.2347265500575304,22.515110903435396,15.645316850962136,15.64531685096214,15.03316369054361,False,,0.6948807366778258,0.6948807366778259,,2914.0796518325806,2026-09-03 14:32:30,2,7.822658425481068,7.82265842548107,,1f2685a06d7b1e10d975537ec357a02a2839a1609c4578488ec2a0366fd36a49,matched,/home/i6408800/MasterThesis/QAOA/Code/optimal_results/optimal_results_misc.csv,11.240597152046034,0.6959290791821655,0.6959290791821656,
/home/i6408800/MasterThesis/QAOA/Results/warm_start_cache/experiment_3/3regular_connected_74instances__filehash_688b5b4e/hog_idx000064_3304be571a1a_seed42_L2_M2_betaanalytic_instance_amplified.npz,3regular_connected_74instances__filehash_688b5b4e,64,01ec8cb7e47bece8,9,26,2,2,amplified,"[1, 1, 1]",scs,1e-06,100000,42,42,43,1,43,[43],"[{""seed"": 43, ""actual_energy"": 16.773176565962633}]",analytic_instance,0.0,0.42509446293115616,23.216855836873602,16.773176565962633,16.773176565962633,15.938602846751525,False,,0.7224568513417328,0.7224568513417328,,3046.816416978836,2026-09-03 14:04:58,2,8.386588282981316,8.386588282981316,,5b8257b6062cf11d8029f0405f22165f8ddb0719e2555cfad5eb6184659b57a1,matched,/home/i6408800/MasterThesis/QAOA/Code/optimal_results/optimal_results_misc.csv,11.500000000000018,0.7292685463462003,0.7292685463462003,
/home/i6408800/MasterThesis/QAOA/Results/warm_start_cache/experiment_3/3regular_connected_74instances__filehash_688b5b4e/hog_idx000065_780019f0d4f9_seed42_L2_M2_betaanalytic_instance_amplified.npz,3regular_connected_74instances__filehash_688b5b4e,65,b87f1564ed5f5793,9,23,2,2,amplified,"[1, 1, 1]",scs,1e-06,100000,42,42,43,1,43,[43],"[{""seed"": 43, ""actual_energy"": 16.103885861924926}]",analytic_instance,0.0,0.2186115551739931,21.34422236730269,16.10388586192492,16.103885861924926,14.325154508713528,False,,0.7544845431611756,0.754484543161176,,2070.472774028778,2026-09-03 14:45:27,2,8.05194293096246,8.051942930962463,,6d94d93c1c77b5eb1ab1b5124c121ed8a5131c212ccbcaefa3d72c3a0c6cba4d,matched,/home/i6408800/MasterThesis/QAOA/Code/optimal_results/optimal_results_misc.csv,10.50000000000002,0.766851707710709,0.7668517077107093,
/home/i6408800/MasterThesis/QAOA/Results/warm_start_cache/experiment_3/3regular_connected_74instances__filehash_688b5b4e/hog_idx000066_ffae5893c3b1_seed42_L2_M2_betaanalytic_instance_amplified.npz,3regular_connected_74instances__filehash_688b5b4e,66,a7ed2804f825e21e,9,24,2,2,amplified,"[1, 1, 1]",scs,1e-06,100000,42,42,43,1,43,[43],"[{""seed"": 43, ""actual_energy"": 14.105638706115748}]",analytic_instance,0.0,0.2460066881030798,21.623004947351316,14.105638706115743,14.105638706115748,14.769827190840036,False,,0.6523440539583096,0.6523440539583099,,2863.1549446582794,2026-09-03 14:22:47,2,7.052819353057871,7.052819353057874,,9055b6c61b90412f122f54de0eeaeafa833d2d70de32e81919785259d54e8224,matched,/home/i6408800/MasterThesis/QAOA/Code/optimal_results/optimal_results_misc.csv,10.569704979752846,0.667267380363798,0.6672673803637982,
/home/i6408800/MasterThesis/QAOA/Results/warm_start_cache/experiment_3/3regular_connected_74instances__filehash_688b5b4e/hog_idx000067_cabce0ed533e_seed42_L2_M2_betaanalytic_instance_amplified.npz,3regular_connected_74instances__filehash_688b5b4e,67,abfcfce8f07daee8,8,16,2,2,amplified,"[1, 1, 1]",scs,1e-06,100000,42,42,43,1,43,[43],"[{""seed"": 43, ""actual_energy"": 12.516318105301007}]",analytic_instance,0.13433229966319737,0.2647015005350113,17.99999990893464,12.329929179008028,12.516318105301007,10.972801077131717,False,,0.684996068965969,0.6953510093679665,,1206.8794243335724,2026-09-03 13:34:38,2,6.164964589504014,6.2581590526505035,,f6e0d7e247fb13eb65a4f46c1530336ad60630cc61b707f45f6dc2732d8f3669,matched,/home/i6408800/MasterThesis/QAOA/Code/optimal_results/optimal_results_misc.csv,9.000000000000009,0.6849960655004453,0.6953510058500553,
/home/i6408800/MasterThesis/QAOA/Results/warm_start_cache/experiment_3/3regular_connected_74instances__filehash_688b5b4e/hog_idx000068_3c57303ce93e_seed42_L2_M2_betaanalytic_instance_amplified.npz,3regular_connected_74instances__filehash_688b5b4e,68,da136aaeffb555a0,10,25,2,2,amplified,"[1, 1, 1]",scs,1e-06,100000,42,42,43,1,43,[43],"[{""seed"": 43, ""actual_energy"": 16.293161720578162}]",analytic_instance,0.07591278568448907,0.2360400278121233,25.971143150176008,16.1501799355162,16.293161720578162,16.458919732814223,False,,0.6218509459567916,0.6273563557200501,,5838.449373960495,2026-09-03 14:52:02,2,8.0750899677581,8.146580860289081,,ae5628d3a1893669b292fcf8645edde039600dcf20d7ba593daf182e3f5aabec,matched,/home/i6408800/MasterThesis/QAOA/Code/optimal_results/optimal_results_misc.csv,12.952565221852097,0.6234355766172653,0.6289550155319886,
/home/i6408800/MasterThesis/QAOA/Results/warm_start_cache/experiment_3/3regular_connected_74instances__filehash_688b5b4e/hog_idx000069_05dfdf316b0f_seed42_L2_M2_betaanalytic_instance_amplified.npz,3regular_connected_74instances__filehash_688b5b4e,69,2576db407453184a,10,25,2,2,amplified,"[1, 1, 1]",scs,1e-06,100000,42,42,43,1,43,[43],"[{""seed"": 43, ""actual_energy"": 16.28999090823495}]",analytic_instance,0.022602010367418955,0.23902023024857044,24.726877614219333,16.252168500986432,16.28999090823495,16.05523969263604,False,,0.6572673167452622,0.658796923832684,,5725.2478086948395,2026-09-03 14:50:12,2,8.126084250493216,8.144995454117476,,3a9f786e13c0b53ad0f58ba11256ad921fb1902c4d900f128a5793c769d346ad,matched,/home/i6408800/MasterThesis/QAOA/Code/optimal_results/optimal_results_misc.csv,12.274761383060186,0.6620156593599968,0.6635563168957399,
/home/i6408800/MasterThesis/QAOA/Results/warm_start_cache/experiment_3/3regular_connected_74instances__filehash_688b5b4e/hog_idx000070_02f9f4186ffa_seed42_L2_M2_betaanalytic_instance_amplified.npz,3regular_connected_74instances__filehash_688b5b4e,70,b45b14f25ebdedea,10,25,2,2,amplified,"[1, 1, 1]",scs,1e-06,100000,42,42,43,1,43,[43],"[{""seed"": 43, ""actual_energy"": 16.741638459345694}]",analytic_instance,0.0,0.22967633977532387,23.562140912850133,16.741638459345697,16.741638459345694,15.683472714131353,False,,0.7105312934536978,0.7105312934536977,,5943.264286279678,2026-09-03 14:53:23,2,8.370819229672849,8.370819229672847,,5157677eda34d2eb663f6abf42a46c29cd79793ca6efb5c2ba78a94b06d58e4b,matched,/home/i6408800/MasterThesis/QAOA/Code/optimal_results/optimal_results_misc.csv,11.622426248857474,0.7202299287978472,0.7202299287978471,
/home/i6408800/MasterThesis/QAOA/Results/warm_start_cache/experiment_3/3regular_connected_74instances__filehash_688b5b4e/hog_idx000071_1048eefca495_seed42_L2_M2_betaanalytic_instance_amplified.npz,3regular_connected_74instances__filehash_688b5b4e,71,9c3a461818c6d737,7,17,2,2,amplified,"[1, 1, 1]",scs,1e-06,100000,42,42,43,1,43,[43],"[{""seed"": 43, ""actual_energy"": 9.975947724276574}]",analytic_instance,0.006500602118472189,0.29371982254087925,15.021744115544983,9.968260634227954,9.975947724276574,10.40150228283828,False,,0.6635887655623476,0.6641004964232577,,399.1422231197357,2026-09-03 14:02:45,2,4.984130317113977,4.987973862138287,,ff98969f8754a4c185dfa71b15c82e426ef5ad6d6db990737feb2d5c3a705cc9,matched,/home/i6408800/MasterThesis/QAOA/Code/optimal_results/optimal_results_misc.csv,7.500000000000014,0.6645507089485291,0.665063181618437,
/home/i6408800/MasterThesis/QAOA/Results/warm_start_cache/experiment_3/3regular_connected_74instances__filehash_688b5b4e/hog_idx000072_59d52e749d94_seed42_L2_M2_betaanalytic_instance_amplified.npz,3regular_connected_74instances__filehash_688b5b4e,72,193dc3156e967013,8,21,2,2,amplified,"[1, 1, 1]",scs,1e-06,100000,42,42,43,1,43,[43],"[{""seed"": 43, ""actual_energy"": 13.427313346855492}]",analytic_instance,0.026140076379809574,0.37196855805814266,18.99999995027132,13.38964094050677,13.427313346855492,12.99182141093738,False,,0.7047179460816559,0.7067007043157255,,1223.8985922336578,2026-09-03 13:55:23,2,6.694820470253385,6.713656673427746,,0c1ff17375183fb5dee9c281341302e0f52a64d5d9ce2dcfcb6f3ab939919bc8,matched,/home/i6408800/MasterThesis/QAOA/Code/optimal_results/optimal_results_misc.csv,9.499999999999998,0.7047179442371985,0.7067007024660786,
/home/i6408800/MasterThesis/QAOA/Results/warm_start_cache/experiment_3/3regular_connected_74instances__filehash_688b5b4e/hog_idx000073_3f09ae7f7fec_seed42_L2_M2_betaanalytic_instance_amplified.npz,3regular_connected_74instances__filehash_688b5b4e,73,f1720c95fe845171,9,27,2,2,amplified,"[1, 1, 1]",scs,1e-06,100000,42,42,43,1,43,[43],"[{""seed"": 43, ""actual_energy"": 17.352154376047054}]",analytic_instance,0.0,0.2610314413905144,23.2212702220043,17.352154376047057,17.352154376047054,16.297916818043262,False,,0.7472525925650823,0.7472525925650821,,2502.6597809791565,2026-09-03 14:37:49,2,8.676077188023529,8.676077188023527,,d9b831f23e0847cfce8bb1c8e09978feaa894e7551b6e5d1d35bcdeb2dd3fbfa,matched,/home/i6408800/MasterThesis/QAOA/Code/optimal_results/optimal_results_misc.csv,11.499999999999988,0.7544414946107424,0.7544414946107423,
