file,exit_code,timed_out,parse_mode
sdp_n0_rep1_seednone.status,0,False,regex
sdp_n1_rep1_seednone.status,0,False,regex
sdp_n2_rep1_seednone.status,0,False,regex
sdp_n3_rep1_seednone.status,0,False,regex
sdp_n4_rep1_seednone.status,0,False,regex
sdp_n5_rep1_seednone.status,0,False,regex
sdp_n6_rep1_seednone.status,0,False,regex
sdp_n7_rep1_seednone.status,0,False,regex
sdp_n8_rep1_seednone.status,0,False,regex
sdp_n9_rep1_seednone.status,0,False,regex
sdp_n10_rep1_seednone.status,0,False,regex
sdp_n11_rep1_seednone.status,0,False,regex
sdp_n12_rep1_seednone.status,0,False,regex
sdp_n13_rep1_seednone.status,0,False,regex
sdp_n14_rep1_seednone.status,0,False,regex
sdp_n15_rep1_seednone.status,0,False,regex
sdp_n16_rep1_seednone.status,0,False,regex
sdp_n17_rep1_seednone.status,0,False,regex
sdp_n18_rep1_seednone.status,0,False,regex
sdp_n19_rep1_seednone.status,0,False,regex
sdp_n20_rep1_seednone.status,0,False,regex
sdp_n21_rep1_seednone.status,0,False,regex
sdp_n22_rep1_seednone.status,137,False,regex
sdp_n23_rep1_seednone.status,0,False,regex
sdp_n24_rep1_seednone.status,137,False,regex
sdp_n25_rep1_seednone.status,0,False,regex
sdp_n26_rep1_seednone.status,0,False,regex
sdp_n27_rep1_seednone.status,0,False,regex
sdp_n28_rep1_seednone.status,137,False,regex
sdp_n29_rep1_seednone.status,137,False,regex
sdp_n30_rep1_seednone.status,137,False,regex
sdp_n31_rep1_seednone.status,137,False,regex
sdp_n32_rep1_seednone.status,137,False,regex
sdp_n33_rep1_seednone.status,137,False,regex
sdp_n34_rep1_seednone.status,137,False,regex
sdp_n35_rep1_seednone.status,137,False,regex
sdp_n36_rep1_seednone.status,137,False,regex
sdp_n37_rep1_seednone.status,137,False,regex
sdp_n38_rep1_seednone.status,137,False,regex
sdp_n39_rep1_seednone.status,137,False,regex
sdp_n40_rep1_seednone.status,137,False,regex
sdp_n41_rep1_seednone.status,0,False,regex
sdp_n42_rep1_seednone.status,137,False,regex
sdp_n43_rep1_seednone.status,137,False,regex
sdp_n44_rep1_seednone.status,137,False,regex
sdp_n45_rep1_seednone.status,137,False,regex
sdp_n46_rep1_seednone.status,137,False,regex
sdp_n47_rep1_seednone.status,137,False,regex
sdp_n48_rep1_seednone.status,137,False,regex
sdp_n49_rep1_seednone.status,137,False,regex
sdp_n50_rep1_seednone.status,137,False,regex
sdp_n51_rep1_seednone.status,137,False,regex
sdp_n52_rep1_seednone.status,137,False,regex
sdp_n53_rep1_seednone.status,137,False,regex
sdp_n54_rep1_seednone.status,137,False,regex
sdp_n55_rep1_seednone.status,137,False,regex
sdp_n56_rep1_seednone.status,137,False,regex
sdp_n57_rep1_seednone.status,137,False,regex
sdp_n58_rep1_seednone.status,137,False,regex
sdp_n59_rep1_seednone.status,137,False,regex
sdp_n60_rep1_seednone.status,137,False,regex
sdp_n61_rep1_seednone.status,137,False,regex
sdp_n62_rep1_seednone.status,137,False,regex
sdp_n63_rep1_seednone.status,137,False,regex
sdp_n64_rep1_seednone.status,137,False,regex
sdp_n65_rep1_seednone.status,137,False,regex
